CustomerID,FirstName,LastName,Email,PhoneNumber,City,Pincode,DateOfBirth,Gender,RegistrationDate,LoyaltyTier,TotalLifetimeValue,TotalOrdersPlaced,IsActive
CUST00001,Isaac,Bakshi,isaac.bakshi60@email.com,9944499530,Mumbai,332181,23-09-2000,Other,10-06-2025,Bronze,4627.01,8,1
CUST00002,Azad,Balan,azad.balan42@email.com,9772666902,Delhi NCR,338908,29-01-1974,Other,25-01-2026,Bronze,4283.42,10,1
CUST00003,Oni,Kannan,oni.kannan29@email.com,9443072390,Bangalore,940265,16-06-1979,Female,15-11-2024,Gold,23389.64,150,0
CUST00004,Tanveer,Nayar,tanveer.nayar36@email.com,9451517302,Bangalore,161559,19-07-1978,Other,05-04-2026,Gold,16445.55,88,1
CUST00005,Caleb,Sharaf,caleb.sharaf55@email.com,9614117732,Andhra Pradesh,618495,02-11-1999,Female,14-12-2024,Bronze,3072.52,17,1
CUST00006,Ekaraj,Bath,ekaraj.bath99@email.com,9432984767,Delhi NCR,413164,27-05-1991,Male,23-11-2025,Silver,7126.16,141,1
CUST00007,Janya,Gaba,janya.gaba45@email.com,9807475236,Kolkata,534192,23-11-1996,Female,04-02-2026,Bronze,916.92,10,1
CUST00008,Yash,Gade,yash.gade61@email.com,9166616217,Mumbai,648350,19-02-1976,Male,17-04-2026,Bronze,1102.76,13,0
CUST00009,Azad,Mutti,azad.mutti36@email.com,9430315827,Mumbai,413953,24-02-2005,Male,09-08-2025,Bronze,2183.86,9,1
CUST00010,Meghana,Shanker,meghana.shanker61@email.com,9436162728,Bangalore,423884,29-04-2000,Other,15-06-2025,Bronze,4324.68,1,1
CUST00011,Mohini,Pathak,mohini.pathak94@email.com,9800376376,Andhra Pradesh,287101,12-12-1970,Male,17-11-2025,Gold,20722.62,52,1
CUST00012,Nathaniel,Sami,nathaniel.sami50@email.com,9158910199,Kolkata,669784,12-03-1998,Other,17-05-2026,Bronze,923.66,2,1
CUST00013,Advay,Contractor,advay.contractor81@email.com,9534839495,Bangalore,514627,07-10-1960,Female,29-01-2026,Silver,5127.11,81,1
CUST00014,Adya,Tella,adya.tella29@email.com,9707848394,Bangalore,814893,12-12-1970,Female,04-05-2025,Bronze,1690.08,15,1
CUST00015,Neel,Zacharia,neel.zacharia75@email.com,9849165097,Bangalore,957015,22-06-1981,Male,19-01-2025,Silver,6076.04,73,1
CUST00016,Dalbir,Khosla,dalbir.khosla97@email.com,9245711305,Hyderabad,171822,11-06-2005,Other,22-07-2025,Bronze,4479.9,19,1
CUST00017,Noah,Lanka,noah.lanka16@email.com,9181619453,Delhi NCR,383465,12-05-1990,Female,16-06-2026,Bronze,1616.89,9,0
CUST00018,Zansi,Seth,zansi.seth31@email.com,9196626559,Delhi NCR,331509,29-03-1998,Female,12-01-2025,Silver,14430.66,91,1
CUST00019,Thomas,Amble,thomas.amble31@email.com,9239949562,Chennai,31051,15-07-1995,Female,18-01-2025,Bronze,3417.13,6,1
CUST00020,Arya,Sunder,arya.sunder88@email.com,9940717830,Mumbai,829973,24-09-1992,Female,06-04-2026,Silver,13324.47,102,0
CUST00021,Niharika,Gupta,niharika.gupta85@email.com,9518784848,Andhra Pradesh,165667,26-03-1964,Other,23-12-2025,Bronze,3779.4,12,1
CUST00022,Guneet,Bhat,guneet.bhat57@email.com,9518470526,Hyderabad,513338,28-01-1991,Female,03-11-2024,Bronze,4244.05,8,0
CUST00023,Pahal,Goswami,pahal.goswami11@email.com,9771631439,Andhra Pradesh,731781,28-12-1963,Other,06-12-2025,Gold,19485.84,56,1
CUST00024,Alexander,Chander,alexander.chander26@email.com,9139184572,Bangalore,267736,15-07-1964,Male,22-11-2024,Gold,23334.35,18,1
CUST00025,Ladli,Agate,ladli.agate10@email.com,9216188314,Hyderabad,474687,30-01-1971,Female,12-12-2024,Gold,17329.23,79,0
CUST00026,Chaman,Kalla,chaman.kalla94@email.com,9840814175,Mumbai,980500,19-04-2000,Other,23-07-2025,Silver,7331.21,4,1
CUST00027,Yadavi,Wali,yadavi.wali21@email.com,9909363848,Mumbai,81219,04-03-1965,Male,24-12-2025,Silver,8027.57,103,1
CUST00028,Wahab,Raval,wahab.raval54@email.com,9443351567,Pune,939909,15-02-1966,Female,08-06-2025,Bronze,1820.72,16,1
CUST00029,Diya,Lal,diya.lal20@email.com,9333046676,Mumbai,534624,30-08-1991,Other,20-03-2025,Bronze,3873.86,4,1
CUST00030,Elijah,Andra,elijah.andra91@email.com,9718546575,Delhi NCR,991183,21-12-1994,Female,08-02-2025,Silver,12193.87,93,1
CUST00031,Kevin,Palla,kevin.palla39@email.com,9596250810,Mumbai,354278,03-06-2008,Female,09-03-2025,Bronze,3253.23,7,1
CUST00032,Abhiram,Mistry,abhiram.mistry11@email.com,9538228411,Delhi NCR,241182,30-01-1979,Male,21-02-2025,Bronze,1709.21,17,1
CUST00033,Shivansh,Oza,shivansh.oza38@email.com,9925979184,Bangalore,487401,17-09-2003,Other,12-06-2025,Gold,23978.79,10,1
CUST00034,Aradhana,Basu,aradhana.basu67@email.com,9701079667,Chennai,524278,26-08-1989,Female,26-09-2025,Silver,10359,4,1
CUST00035,Aditya,Choudhury,aditya.choudhury61@email.com,9745157146,Mumbai,280598,16-08-1970,Other,16-06-2025,Silver,11124.55,88,1
CUST00036,Joshua,Barman,joshua.barman39@email.com,9427926176,Hyderabad,505331,12-08-1984,Female,15-03-2026,Platinum,68869.52,77,0
CUST00037,Niharika,Dubey,niharika.dubey77@email.com,9512725622,Hyderabad,226025,25-07-1988,Male,02-04-2026,Bronze,2575.4,15,1
CUST00038,Yuvraj,Loke,yuvraj.loke19@email.com,9198440182,Hyderabad,160733,14-11-1991,Other,15-04-2025,Gold,30575.15,141,0
CUST00039,Dalaja,Kari,dalaja.kari47@email.com,9243535225,Hyderabad,36541,17-07-1979,Other,16-04-2025,Bronze,1650.05,10,1
CUST00040,Yashodhara,Ratta,yashodhara.ratta78@email.com,9173325664,Pune,14294,24-02-1963,Male,10-10-2024,Platinum,40963.95,67,1
CUST00041,Radha,Pai,radha.pai65@email.com,9733927455,Bangalore,698169,25-06-1973,Male,31-01-2025,Bronze,4208.11,10,1
CUST00042,Chaitanya,Sarin,chaitanya.sarin38@email.com,9280848646,Bangalore,883561,30-09-2005,Female,03-07-2026,Bronze,2922.59,3,1
CUST00043,Ganga,Murthy,ganga.murthy53@email.com,9433810909,Delhi NCR,484656,29-12-2007,Other,04-03-2025,Bronze,1124.18,12,1
CUST00044,Joshua,Handa,joshua.handa34@email.com,9665191853,Mumbai,629946,01-11-1997,Other,26-04-2026,Silver,14897.85,143,1
CUST00045,Aadi,Modi,aadi.modi33@email.com,9509430492,Delhi NCR,369957,11-08-1990,Female,26-06-2025,Bronze,4950.35,1,1
CUST00046,Tanay,Vaidya,tanay.vaidya64@email.com,9417322944,Andhra Pradesh,214895,26-11-1966,Other,14-04-2026,Silver,10800.05,16,1
CUST00047,Wahab,Mukherjee,wahab.mukherjee72@email.com,9715799487,Bangalore,320037,22-02-2002,Male,09-05-2026,Bronze,2627.79,4,1
CUST00048,Elijah,Shah,elijah.shah28@email.com,9815237637,Bangalore,936763,03-08-1970,Male,09-12-2025,Bronze,4021.04,18,1
CUST00049,Abdul,Chhabra,abdul.chhabra79@email.com,9675192034,Kolkata,328708,03-07-1977,Male,30-06-2026,Bronze,2613.54,2,1
CUST00050,Jairaj,Shan,jairaj.shan39@email.com,9686636435,Chennai,788957,28-03-2002,Other,12-04-2026,Bronze,3296.17,15,1
CUST00051,Yamini,Sandhu,yamini.sandhu98@email.com,9645771747,Mumbai,277434,08-01-1996,Female,29-07-2025,Bronze,1962.55,3,1
CUST00052,William,Maharaj,william.maharaj84@email.com,9764957371,Mumbai,143455,21-04-1997,Male,18-09-2024,Silver,7947.47,27,0
CUST00053,Lakshit,Dora,lakshit.dora64@email.com,9911639160,Delhi NCR,623166,24-01-1983,Female,12-09-2025,Gold,30822,35,1
CUST00054,Unnati,Sagar,unnati.sagar84@email.com,9854952493,Chennai,366909,07-06-1986,Male,23-07-2025,Bronze,1098.6,7,1
CUST00055,Abeer,Pandey,abeer.pandey16@email.com,9540234268,Bangalore,668893,09-10-1993,Other,04-01-2025,Bronze,4945.25,1,1
CUST00056,Anjali,Sarin,anjali.sarin52@email.com,9825115320,Mumbai,65627,26-03-1969,Other,13-11-2025,Bronze,2406.11,1,1
CUST00057,Avi,Ramesh,avi.ramesh89@email.com,9601728614,Kolkata,162720,02-04-1978,Female,08-05-2025,Bronze,3709.93,10,1
CUST00058,Falak,Kakar,falak.kakar74@email.com,9823363918,Mumbai,556464,13-02-1966,Male,18-07-2025,Bronze,3727.33,12,1
CUST00059,Anirudh,Zacharia,anirudh.zacharia27@email.com,9234921355,Chennai,531003,11-02-1974,Female,30-04-2026,Gold,22649.78,136,0
CUST00060,Anmol,Dua,anmol.dua70@email.com,9409965792,Bangalore,271937,23-02-2008,Other,02-02-2025,Silver,8186.84,105,1
CUST00061,Jyoti,Ganesh,jyoti.ganesh34@email.com,9449885732,Pune,241904,24-09-1999,Female,26-12-2025,Silver,8103.5,20,1
CUST00062,Keya,Ranganathan,keya.ranganathan94@email.com,9472268401,Hyderabad,193149,13-10-1968,Female,28-03-2026,Bronze,3544.75,2,1
CUST00063,Benjamin,Palan,benjamin.palan25@email.com,9976134756,Bangalore,518506,27-11-1993,Female,07-10-2024,Bronze,1416.92,3,1
CUST00064,Rachita,Pathak,rachita.pathak21@email.com,9695186001,Bangalore,262849,03-03-1997,Female,11-03-2026,Silver,14832.27,73,1
CUST00065,Veda,Shroff,veda.shroff85@email.com,9244650390,Kolkata,945314,23-03-1991,Female,23-01-2025,Bronze,2572.75,13,1
CUST00066,Ucchal,Raghavan,ucchal.raghavan95@email.com,9852986928,Hyderabad,75273,10-09-1984,Male,29-03-2026,Bronze,4665.52,7,1
CUST00067,Aarna,Oak,aarna.oak34@email.com,9129263931,Bangalore,948083,16-05-1966,Other,21-01-2025,Silver,12872.56,128,1
CUST00068,Niharika,Suresh,niharika.suresh78@email.com,9964397441,Bangalore,777014,17-08-1975,Female,28-05-2025,Platinum,48517.48,43,0
CUST00069,Yagnesh,Mohan,yagnesh.mohan38@email.com,9383483938,Andhra Pradesh,788568,21-01-1983,Other,17-04-2025,Bronze,3398.29,16,1
CUST00070,Sudiksha,Madan,sudiksha.madan33@email.com,9674233307,Mumbai,431351,04-01-1997,Female,02-03-2026,Silver,9001.72,100,1
CUST00071,Qasim,Handa,qasim.handa47@email.com,9178530300,Bangalore,749894,22-05-1967,Male,25-04-2026,Silver,12884.16,12,1
CUST00072,Rishi,Minhas,rishi.minhas54@email.com,9797197147,Delhi NCR,524082,20-03-1979,Male,22-08-2024,Bronze,1731.86,20,0
CUST00073,Chatura,Master,chatura.master62@email.com,9813179665,Hyderabad,710947,14-02-1993,Female,25-06-2025,Gold,31324.44,7,1
CUST00074,Harini,Gour,harini.gour79@email.com,9387300836,Mumbai,471167,03-08-1965,Male,09-10-2025,Bronze,4298.85,8,1
CUST00075,Chatresh,Doshi,chatresh.doshi43@email.com,9763182457,Andhra Pradesh,941318,13-11-1988,Female,31-10-2025,Silver,14842.13,18,1
CUST00076,Upkaar,Virk,upkaar.virk17@email.com,9434671693,Chennai,774964,30-03-1999,Female,12-11-2025,Silver,9240.89,137,1
CUST00077,Darpan,Chaudhary,darpan.chaudhary18@email.com,9875577966,Bangalore,341232,09-02-1998,Female,14-09-2024,Gold,25206.19,118,1
CUST00078,Naksh,Agate,naksh.agate75@email.com,9413103432,Hyderabad,797403,25-02-1980,Male,18-01-2026,Bronze,2586.7,17,1
CUST00079,Barkha,Setty,barkha.setty41@email.com,9490693010,Hyderabad,349361,09-08-1997,Male,08-01-2025,Gold,24981.83,104,1
CUST00080,Manthan,Lata,manthan.lata65@email.com,9647683208,Mumbai,102499,09-03-1980,Male,24-06-2025,Bronze,1710.47,14,1
CUST00081,Jeet,Sidhu,jeet.sidhu97@email.com,9221334722,Hyderabad,648877,08-01-1966,Female,25-10-2025,Bronze,2958.08,11,1
CUST00082,Balveer,Sankaran,balveer.sankaran37@email.com,9397366159,Mumbai,940139,02-07-2000,Other,03-08-2024,Bronze,1750.71,12,1
CUST00083,Amruta,Baria,amruta.baria65@email.com,9799591535,Hyderabad,787429,17-03-1990,Male,23-11-2025,Silver,7460.05,56,1
CUST00084,Vyanjana,Chand,vyanjana.chand58@email.com,9209001374,Mumbai,565512,28-12-1982,Other,02-06-2025,Gold,34724.8,139,1
CUST00085,Warhi,Mani,warhi.mani33@email.com,9162726227,Mumbai,807154,19-07-1982,Female,16-10-2024,Gold,24959.98,147,0
CUST00086,Netra,Varkey,netra.varkey85@email.com,9453223215,Delhi NCR,876038,02-03-1985,Female,13-11-2025,Bronze,2285.97,15,1
CUST00087,Wishi,Sathe,wishi.sathe40@email.com,9888320701,Andhra Pradesh,348247,24-01-2008,Male,29-07-2025,Bronze,989.39,16,0
CUST00088,Jairaj,Balakrishnan,jairaj.balakrishnan83@email.com,9398831834,Bangalore,248086,21-11-1966,Male,08-01-2025,Platinum,73042.48,149,1
CUST00089,Ishaan,Shenoy,ishaan.shenoy45@email.com,9362755360,Hyderabad,274846,19-05-1993,Other,19-07-2025,Bronze,3731.58,5,1
CUST00090,Yagnesh,Shan,yagnesh.shan97@email.com,9845279648,Andhra Pradesh,639821,07-05-1979,Other,10-03-2026,Bronze,4506.35,17,1
CUST00091,Oeshi,Oak,oeshi.oak81@email.com,9186170289,Delhi NCR,44997,29-08-1970,Male,29-06-2025,Bronze,3981.33,11,1
CUST00092,Veda,Pai,veda.pai79@email.com,9509857070,Hyderabad,886753,05-01-2008,Male,19-01-2025,Bronze,3707.11,20,1
CUST00093,Leela,Kaur,leela.kaur93@email.com,9794778097,Andhra Pradesh,57662,03-04-1994,Male,15-08-2024,Bronze,980.06,2,1
CUST00094,Jonathan,Thakkar,jonathan.thakkar86@email.com,9385529547,Andhra Pradesh,171870,11-05-1970,Other,01-06-2025,Silver,5572.27,124,1
CUST00095,Mohammed,Borde,mohammed.borde19@email.com,9698451788,Bangalore,459615,09-06-2006,Other,16-05-2026,Bronze,3927.83,13,1
CUST00096,Lajita,Nadig,lajita.nadig57@email.com,9349940436,Bangalore,809134,11-01-1976,Male,18-02-2026,Gold,24579.4,99,1
CUST00097,Gautam,Saraf,gautam.saraf30@email.com,9117655182,Mumbai,172400,15-08-1982,Other,28-03-2026,Bronze,3684.24,10,1
CUST00098,Daksh,Memon,daksh.memon98@email.com,9536002741,Delhi NCR,562386,22-01-1999,Male,29-12-2025,Silver,6199.09,126,1
CUST00099,Pranit,Garde,pranit.garde13@email.com,9566111637,Mumbai,196937,25-03-2000,Other,06-11-2024,Bronze,656.8,12,1
CUST00100,Vincent,Shenoy,vincent.shenoy86@email.com,9933480233,Delhi NCR,740748,19-04-1971,Female,13-09-2024,Bronze,2009.95,13,1
CUST00101,Riya,Pai,riya.pai72@email.com,9842213443,Andhra Pradesh,647436,06-06-1993,Other,08-10-2024,Gold,21235.23,116,1
CUST00102,Warjas,Raj,warjas.raj96@email.com,9559468057,Mumbai,944064,05-02-1961,Male,30-09-2025,Bronze,2886.39,14,1
CUST00103,Chandran,Taneja,chandran.taneja29@email.com,9734109732,Andhra Pradesh,395339,08-08-1977,Female,26-12-2025,Silver,9088.05,28,1
CUST00104,Laksh,Chatterjee,laksh.chatterjee37@email.com,9746489874,Chennai,470952,06-09-1966,Male,24-06-2026,Bronze,1453.19,17,1
CUST00105,Chakrika,Narain,chakrika.narain29@email.com,9715347939,Mumbai,232858,11-09-1994,Female,27-06-2026,Gold,17645.5,64,0
CUST00106,Anjali,Gala,anjali.gala27@email.com,9537093702,Andhra Pradesh,745171,15-02-1970,Female,23-02-2026,Bronze,2296.07,2,1
CUST00107,Upkaar,Ranganathan,upkaar.ranganathan43@email.com,9466709459,Chennai,160481,30-06-1991,Female,30-04-2025,Bronze,1001.21,5,1
CUST00108,Adweta,Raj,adweta.raj93@email.com,9175289285,Pune,137098,13-11-1982,Other,28-06-2026,Silver,12740.27,1,1
CUST00109,Timothy,Bhatnagar,timothy.bhatnagar34@email.com,9266569269,Chennai,461200,05-04-1981,Female,04-08-2025,Silver,13416.95,83,1
CUST00110,Jack,Chatterjee,jack.chatterjee35@email.com,9299091214,Hyderabad,826758,25-01-1989,Other,17-10-2025,Gold,17480.04,130,1
CUST00111,Mohammed,Sachdeva,mohammed.sachdeva96@email.com,9659259828,Bangalore,796405,02-05-1975,Female,27-06-2025,Bronze,2811.12,20,1
CUST00112,Sai,Keer,sai.keer52@email.com,9158015296,Mumbai,158506,28-04-1979,Male,12-12-2024,Gold,34927.97,12,1
CUST00113,Jason,Sha,jason.sha28@email.com,9870376110,Chennai,390053,11-02-1969,Male,21-03-2026,Bronze,2938.73,15,1
CUST00114,Samesh,Biswas,samesh.biswas99@email.com,9779204961,Mumbai,933529,27-09-1960,Male,18-02-2025,Gold,21246.4,109,1
CUST00115,Maanav,De,maanav.de99@email.com,9264532545,Bangalore,210205,26-09-1976,Female,18-10-2025,Gold,28835,18,1
CUST00116,Ekiya,Babu,ekiya.babu57@email.com,9629030422,Mumbai,402681,14-11-1964,Female,22-07-2025,Bronze,4770.02,7,1
CUST00117,Saumya,Pathak,saumya.pathak87@email.com,9369630224,Hyderabad,783908,27-01-1981,Male,08-07-2025,Bronze,2909.34,9,1
CUST00118,Azaan,Bhat,azaan.bhat90@email.com,9291258547,Bangalore,661771,17-01-1966,Male,25-03-2025,Bronze,4519.92,8,1
CUST00119,Manbir,Bhatti,manbir.bhatti66@email.com,9506144811,Mumbai,499856,14-03-2001,Male,03-09-2025,Bronze,4676.25,8,0
CUST00120,Chaitaly,Setty,chaitaly.setty63@email.com,9922951842,Mumbai,118367,05-02-1976,Other,04-06-2025,Silver,13136.76,92,1
CUST00121,Harinakshi,Setty,harinakshi.setty78@email.com,9681148846,Bangalore,615654,07-01-1986,Female,13-11-2024,Silver,6725.55,130,1
CUST00122,Urvi,Bhavsar,urvi.bhavsar31@email.com,9978113334,Mumbai,116152,29-05-1998,Male,02-09-2024,Bronze,2677.07,17,1
CUST00123,Forum,Das,forum.das31@email.com,9993926926,Bangalore,560494,23-06-1984,Male,06-10-2024,Bronze,4743.04,2,1
CUST00124,Yashica,Kala,yashica.kala25@email.com,9900773865,Andhra Pradesh,731585,13-05-1968,Other,02-03-2026,Silver,10098.45,52,1
CUST00125,Arya,Kara,arya.kara36@email.com,9881906022,Delhi NCR,899809,24-04-2005,Male,23-04-2026,Gold,26623.77,73,1
CUST00126,Amara,Balakrishnan,amara.balakrishnan54@email.com,9113652233,Mumbai,445502,18-04-1970,Other,30-09-2025,Bronze,3250.06,13,1
CUST00127,Nandini,Boase,nandini.boase96@email.com,9177136939,Bangalore,18366,02-06-1991,Female,08-04-2025,Gold,18874.48,14,1
CUST00128,Nakul,Pingle,nakul.pingle31@email.com,9951694181,Delhi NCR,599102,05-04-1971,Male,23-02-2026,Platinum,57610.95,131,1
CUST00129,Chandran,Bumb,chandran.bumb26@email.com,9657205605,Andhra Pradesh,767976,19-02-1979,Other,01-01-2025,Silver,12489.07,102,1
CUST00130,Yauvani,Comar,yauvani.comar95@email.com,9361657594,Mumbai,614978,11-12-2005,Other,14-03-2025,Silver,6413.38,147,1
CUST00131,Chakradev,Kannan,chakradev.kannan39@email.com,9969308638,Delhi NCR,900343,19-11-1969,Other,03-03-2026,Bronze,2130.05,16,0
CUST00132,Aadhya,Mann,aadhya.mann42@email.com,9605559212,Mumbai,107622,03-06-1986,Other,04-09-2025,Bronze,2529.28,4,1
CUST00133,Victor,Tella,victor.tella79@email.com,9963092146,Andhra Pradesh,160607,05-11-1965,Female,18-05-2026,Bronze,4205.34,20,0
CUST00134,Dhriti,Sanghvi,dhriti.sanghvi93@email.com,9725060501,Mumbai,641605,29-03-1972,Female,01-04-2026,Bronze,536.63,15,1
CUST00135,Triveni,Pathak,triveni.pathak95@email.com,9785777768,Delhi NCR,613696,15-03-1996,Female,17-09-2024,Silver,9974.84,11,1
CUST00136,Meghana,Mukherjee,meghana.mukherjee38@email.com,9309247024,Delhi NCR,352181,27-08-1996,Other,18-08-2025,Silver,8479.24,15,1
CUST00137,Rishi,Palla,rishi.palla61@email.com,9652327846,Mumbai,231243,09-05-1972,Female,28-10-2025,Silver,12747.15,5,1
CUST00138,Michael,Borra,michael.borra91@email.com,9951623797,Andhra Pradesh,779979,20-04-2004,Female,23-11-2025,Silver,10176.82,76,1
CUST00139,Ekantika,Mutti,ekantika.mutti85@email.com,9853261723,Delhi NCR,717744,16-10-2000,Female,30-08-2024,Bronze,2674.54,3,1
CUST00140,Indira,Tripathi,indira.tripathi38@email.com,9918665732,Hyderabad,477005,31-01-1980,Female,15-09-2024,Silver,12859.24,138,1
CUST00141,Gautam,Tripathi,gautam.tripathi43@email.com,9572554679,Mumbai,798079,26-11-2004,Female,11-12-2024,Gold,23352.32,45,1
CUST00142,Ekanta,Soni,ekanta.soni72@email.com,9186997261,Mumbai,71518,07-07-2004,Other,29-11-2024,Bronze,1508.69,2,1
CUST00143,Balveer,Kota,balveer.kota63@email.com,9550068109,Pune,788925,02-12-1985,Female,30-06-2026,Bronze,502.77,9,1
CUST00144,Barkha,Ram,barkha.ram23@email.com,9866908183,Mumbai,590515,23-12-1966,Male,24-09-2025,Bronze,1146.68,16,1
CUST00145,Libni,Mander,libni.mander45@email.com,9626774726,Mumbai,925192,08-05-1984,Other,15-03-2025,Bronze,2190.87,9,1
CUST00146,Manya,Dayal,manya.dayal38@email.com,9516869717,Hyderabad,486528,27-11-1966,Other,01-12-2025,Silver,12600.78,23,0
CUST00147,Pallavi,Trivedi,pallavi.trivedi58@email.com,9173013587,Kolkata,54235,21-08-1993,Female,14-12-2024,Bronze,717.88,1,1
CUST00148,Upkaar,Devan,upkaar.devan89@email.com,9640896590,Kolkata,141888,12-02-1963,Female,14-12-2025,Silver,11384.74,33,1
CUST00149,Gayathri,Deep,gayathri.deep55@email.com,9459109648,Delhi NCR,222927,09-07-1963,Female,02-06-2025,Gold,19235.89,122,1
CUST00150,Janya,Khanna,janya.khanna41@email.com,9769167666,Delhi NCR,947383,09-08-1981,Male,07-04-2026,Bronze,2956.47,12,1
CUST00151,Upasna,Hari,upasna.hari17@email.com,9733338049,Kolkata,977468,10-06-1996,Other,08-06-2025,Silver,11150.88,111,0
CUST00152,Neel,Iyengar,neel.iyengar28@email.com,9490904682,Pune,407581,27-08-1995,Male,10-05-2026,Gold,21313.02,21,1
CUST00153,Jeet,Mane,jeet.mane24@email.com,9246813563,Andhra Pradesh,247826,15-10-1966,Other,25-06-2026,Bronze,4943.59,6,1
CUST00154,Tristan,Seshadri,tristan.seshadri24@email.com,9130401416,Delhi NCR,60685,04-08-1976,Female,13-05-2025,Bronze,2414.12,5,1
CUST00155,Finn,Prasad,finn.prasad29@email.com,9631274687,Bangalore,51522,26-02-1963,Female,25-02-2025,Silver,14300.18,107,0
CUST00156,Urmi,Dewan,urmi.dewan44@email.com,9600133353,Hyderabad,790104,23-03-1975,Other,27-04-2026,Bronze,4409.45,9,1
CUST00157,Mason,Wable,mason.wable14@email.com,9758465973,Delhi NCR,143410,09-10-1976,Female,09-06-2025,Platinum,36707.03,29,1
CUST00158,Tanvi,Bhatnagar,tanvi.bhatnagar58@email.com,9920652383,Delhi NCR,798089,04-01-1977,Other,27-01-2026,Gold,20274.8,117,1
CUST00159,Maanas,Manne,maanas.manne25@email.com,9976847611,Delhi NCR,95396,17-04-1973,Other,16-12-2025,Silver,12384.9,12,1
CUST00160,Frederick,Viswanathan,frederick.viswanathan22@email.com,9830803381,Bangalore,188888,06-12-1961,Female,17-05-2025,Silver,9823.66,51,1
CUST00161,Upma,Bassi,upma.bassi36@email.com,9802511026,Hyderabad,540515,15-12-1976,Male,07-02-2026,Bronze,1350.03,3,0
CUST00162,Hemang,Natarajan,hemang.natarajan50@email.com,9522519055,Andhra Pradesh,58527,13-11-2007,Female,24-07-2025,Bronze,1121.24,16,1
CUST00163,Qabil,Deshmukh,qabil.deshmukh90@email.com,9901914084,Bangalore,704303,26-05-1963,Female,20-03-2025,Bronze,2169.19,18,1
CUST00164,Dayita,Varma,dayita.varma48@email.com,9691655882,Chennai,874034,02-11-1984,Male,18-05-2026,Silver,13014.7,2,0
CUST00165,Champak,Narula,champak.narula68@email.com,9319382152,Bangalore,156676,14-08-1983,Male,10-12-2024,Silver,11137.8,31,1
CUST00166,Watika,Tank,watika.tank93@email.com,9419676621,Pune,841616,18-07-2001,Other,17-04-2026,Gold,16971.37,29,0
CUST00167,Pranit,Memon,pranit.memon10@email.com,9932949874,Delhi NCR,115447,22-07-2001,Other,26-01-2026,Bronze,3673.5,3,0
CUST00168,Pooja,Ganesan,pooja.ganesan34@email.com,9858657872,Chennai,570596,26-03-1979,Other,26-11-2025,Gold,26825.18,53,1
CUST00169,Dakshesh,Borde,dakshesh.borde75@email.com,9250802332,Mumbai,582029,09-09-2006,Female,16-03-2026,Silver,5768.04,127,1
CUST00170,Raksha,Banerjee,raksha.banerjee10@email.com,9507381423,Andhra Pradesh,135569,01-10-1962,Male,30-10-2025,Bronze,886.23,9,1
CUST00171,Mitesh,Sengupta,mitesh.sengupta48@email.com,9131328649,Delhi NCR,571928,08-07-1985,Female,23-05-2025,Bronze,4105.87,15,1
CUST00172,Dipta,Mallick,dipta.mallick90@email.com,9628364792,Mumbai,102786,08-10-1998,Other,17-10-2024,Silver,7833.85,57,1
CUST00173,Adweta,Lad,adweta.lad66@email.com,9257143900,Hyderabad,394731,13-10-1969,Other,11-05-2026,Bronze,3273.3,16,1
CUST00174,Ethan,Seth,ethan.seth42@email.com,9796953548,Mumbai,715518,10-06-1997,Female,28-02-2025,Bronze,3655.01,8,1
CUST00175,Charita,Dugar,charita.dugar82@email.com,9786698191,Andhra Pradesh,583132,28-08-1976,Female,23-03-2026,Gold,33843.47,38,1
CUST00176,Wakeeta,Bal,wakeeta.bal91@email.com,9649494220,Mumbai,895782,11-03-2002,Female,04-06-2026,Silver,13415.81,20,1
CUST00177,Gabriel,Bhatti,gabriel.bhatti46@email.com,9235704507,Andhra Pradesh,678669,26-07-1965,Female,23-10-2024,Bronze,4297.23,1,1
CUST00178,Edhitha,Borah,edhitha.borah78@email.com,9427240137,Pune,785289,05-12-1972,Female,06-03-2026,Bronze,561.19,14,1
CUST00179,Kai,Sant,kai.sant23@email.com,9909151527,Kolkata,182422,03-07-1982,Other,14-07-2026,Gold,16848.49,124,0
CUST00180,Umang,Pal,umang.pal69@email.com,9704925993,Mumbai,143842,30-01-2003,Other,10-03-2025,Gold,30091.33,130,1
CUST00181,Girik,Thakkar,girik.thakkar42@email.com,9170883515,Bangalore,992299,10-07-1983,Female,03-05-2026,Silver,12279,86,1
CUST00182,Benjamin,Balakrishnan,benjamin.balakrishnan27@email.com,9840118129,Andhra Pradesh,94396,11-08-2002,Other,26-11-2025,Platinum,37912.74,3,1
CUST00183,Azaan,Tank,azaan.tank36@email.com,9574281425,Andhra Pradesh,473647,06-07-1965,Other,03-01-2026,Bronze,741.42,5,0
CUST00184,Darpan,Dugar,darpan.dugar50@email.com,9600888831,Bangalore,677359,28-04-1970,Male,17-03-2025,Silver,14519.44,58,1
CUST00185,Eiravati,Pai,eiravati.pai48@email.com,9197099868,Delhi NCR,258815,30-12-1976,Other,15-07-2025,Silver,13561.32,76,0
CUST00186,Jason,Loke,jason.loke72@email.com,9453457171,Mumbai,321046,04-06-2002,Other,07-06-2025,Platinum,70941.21,7,0
CUST00187,Yuvraj,Dutta,yuvraj.dutta63@email.com,9483957036,Pune,953278,24-04-1992,Female,09-08-2025,Silver,5913.77,48,1
CUST00188,Darika,Tank,darika.tank97@email.com,9306123208,Andhra Pradesh,168733,30-03-2000,Other,18-04-2025,Bronze,952.85,17,1
CUST00189,Chanakya,Bedi,chanakya.bedi98@email.com,9635766322,Delhi NCR,797480,11-11-1967,Male,17-06-2025,Bronze,644.32,2,1
CUST00190,Krish,Lalla,krish.lalla78@email.com,9366116254,Pune,650609,12-10-1998,Other,16-12-2024,Gold,32201.94,25,1
CUST00191,Janani,Mani,janani.mani11@email.com,9872928630,Hyderabad,687849,06-11-2006,Other,04-11-2025,Silver,5286.71,31,1
CUST00192,Jagat,Dave,jagat.dave32@email.com,9210674991,Bangalore,655852,03-02-1974,Other,28-10-2025,Bronze,4377.6,12,1
CUST00193,Yashodhara,Ratti,yashodhara.ratti93@email.com,9831880619,Hyderabad,2578,24-08-1991,Female,10-11-2024,Bronze,2423.17,17,1
CUST00194,Yutika,Dey,yutika.dey87@email.com,9707092842,Bangalore,952694,13-12-2000,Male,05-04-2025,Silver,9401.5,20,0
CUST00195,Yashica,Upadhyay,yashica.upadhyay64@email.com,9160453946,Bangalore,947055,26-05-2006,Female,11-10-2024,Bronze,1093.89,11,1
CUST00196,Omaja,Morar,omaja.morar55@email.com,9818363949,Kolkata,974993,16-01-1964,Female,14-10-2025,Silver,14416.56,80,1
CUST00197,Varsha,Garde,varsha.garde84@email.com,9369169229,Hyderabad,230913,01-11-1961,Male,25-06-2025,Bronze,2907.6,2,1
CUST00198,Dipta,Sahota,dipta.sahota69@email.com,9599446173,Hyderabad,636897,14-10-1964,Male,17-01-2026,Bronze,546.85,3,1
CUST00199,Lakshit,Venkataraman,lakshit.venkataraman56@email.com,9931646750,Delhi NCR,857865,01-05-1972,Male,10-07-2025,Bronze,1770.62,14,1
CUST00200,Hema,Pandya,hema.pandya10@email.com,9565597056,Chennai,973348,10-11-1980,Other,08-01-2025,Gold,32526.67,32,1
CUST00201,Chameli,Mani,chameli.mani74@email.com,9522775653,Bangalore,757584,18-02-1980,Male,20-10-2024,Silver,12023.36,9,1
CUST00202,Ladli,Rana,ladli.rana43@email.com,9481664210,Andhra Pradesh,240415,26-08-1990,Other,09-12-2025,Gold,22321.54,91,1
CUST00203,Aahana,Srinivas,aahana.srinivas95@email.com,9787170097,Hyderabad,384842,24-12-1967,Female,08-11-2025,Bronze,2676.54,9,1
CUST00204,Wriddhish,Kibe,wriddhish.kibe41@email.com,9674076286,Mumbai,833016,09-01-1983,Male,26-01-2026,Platinum,62405.68,102,1
CUST00205,Urmi,Chaudhry,urmi.chaudhry64@email.com,9668979170,Hyderabad,82677,25-10-2004,Male,19-12-2024,Bronze,1926.42,1,1
CUST00206,Bhavna,Nagi,bhavna.nagi31@email.com,9669089078,Kolkata,19380,17-06-1972,Other,07-06-2025,Gold,25199.01,148,1
CUST00207,Patrick,Bansal,patrick.bansal58@email.com,9324224682,Bangalore,724004,13-03-1999,Male,29-10-2025,Silver,12446.56,92,1
CUST00208,Hredhaan,Nayak,hredhaan.nayak95@email.com,9674541386,Kolkata,788728,24-05-1992,Male,14-02-2025,Bronze,2971.91,11,1
CUST00209,Reyansh,Chowdhury,reyansh.chowdhury92@email.com,9245058203,Hyderabad,274205,15-08-1980,Female,02-10-2025,Silver,10567.35,93,1
CUST00210,Reyansh,Gill,reyansh.gill27@email.com,9682489820,Delhi NCR,685161,13-02-1973,Other,04-11-2024,Bronze,3856.05,13,0
CUST00211,Vansha,Naik,vansha.naik90@email.com,9366746036,Delhi NCR,46374,23-12-1982,Other,09-03-2025,Gold,15811.95,91,1
CUST00212,Advay,Lal,advay.lal91@email.com,9769069001,Andhra Pradesh,301742,19-02-1988,Other,01-01-2026,Bronze,4872.77,15,1
CUST00213,Yadavi,Mukhopadhyay,yadavi.mukhopadhyay97@email.com,9134306761,Chennai,459332,01-02-1993,Other,13-11-2024,Bronze,3486.95,12,1
CUST00214,Suhani,Prakash,suhani.prakash38@email.com,9616075661,Andhra Pradesh,878339,12-02-1966,Female,30-08-2025,Bronze,4133.86,11,1
CUST00215,Sanya,Wable,sanya.wable36@email.com,9739169109,Mumbai,191088,21-04-1974,Other,05-10-2025,Bronze,1704.59,19,1
CUST00216,Mason,Gala,mason.gala15@email.com,9330346392,Mumbai,871397,26-09-1966,Male,16-06-2026,Bronze,3624.12,13,1
CUST00217,Yashvi,Sehgal,yashvi.sehgal73@email.com,9242387512,Mumbai,728679,23-06-1964,Other,25-09-2025,Bronze,674.07,7,1
CUST00218,Turvi,Morar,turvi.morar83@email.com,9429092398,Delhi NCR,640391,18-08-1963,Male,12-06-2025,Silver,11337.05,10,0
CUST00219,Hemangini,Bhatt,hemangini.bhatt41@email.com,9965145323,Chennai,170462,06-10-1969,Other,04-03-2026,Bronze,1841.23,10,1
CUST00220,Osha,Prasad,osha.prasad71@email.com,9121365090,Bangalore,766182,07-01-2005,Male,17-05-2026,Platinum,72912.24,140,1
CUST00221,Ijaya,Dani,ijaya.dani13@email.com,9217458071,Hyderabad,868230,04-02-1962,Other,06-03-2025,Platinum,61177.84,78,1
CUST00222,Ubika,Samra,ubika.samra14@email.com,9643923179,Hyderabad,337524,16-05-1973,Male,16-07-2026,Bronze,2954.87,19,0
CUST00223,Isaiah,Balay,isaiah.balay40@email.com,9980322263,Pune,903311,18-12-2000,Male,13-08-2024,Silver,7878.28,13,1
CUST00224,Sanya,Bava,sanya.bava27@email.com,9190896599,Mumbai,67383,21-05-1964,Female,03-11-2024,Bronze,2617.51,7,0
CUST00225,Yahvi,Mann,yahvi.mann62@email.com,9655666758,Bangalore,959953,30-01-1981,Other,29-05-2026,Silver,13410.91,23,1
CUST00226,Luke,Verma,luke.verma16@email.com,9327720802,Delhi NCR,644089,18-06-1972,Female,16-11-2025,Bronze,1268.17,10,0
CUST00227,Prisha,Tandon,prisha.tandon99@email.com,9520559608,Hyderabad,568566,13-09-1970,Other,07-03-2025,Silver,8780.1,32,0
CUST00228,Krisha,Gour,krisha.gour98@email.com,9721135815,Andhra Pradesh,334270,26-10-1998,Other,03-06-2025,Bronze,1990.88,19,1
CUST00229,Omaja,Wagle,omaja.wagle83@email.com,9420544263,Hyderabad,634351,26-02-1991,Other,06-05-2026,Bronze,4091.75,10,1
CUST00230,Kamala,Chanda,kamala.chanda20@email.com,9192061776,Bangalore,46990,02-07-1965,Female,11-12-2024,Bronze,1183.94,12,1
CUST00231,Teerth,Srinivas,teerth.srinivas13@email.com,9341159007,Bangalore,540331,19-02-1993,Female,28-06-2026,Bronze,3021.64,18,1
CUST00232,Xavier,Jayaraman,xavier.jayaraman99@email.com,9160009906,Kolkata,385467,10-11-1996,Female,03-12-2025,Silver,14694.09,14,1
CUST00233,Jagrati,Morar,jagrati.morar41@email.com,9418000352,Hyderabad,587717,04-05-1982,Male,28-06-2026,Bronze,3457.85,2,1
CUST00234,Samar,Prabhakar,samar.prabhakar39@email.com,9939327046,Mumbai,609320,17-04-1978,Other,20-09-2025,Gold,23119.36,6,1
CUST00235,Omisha,Merchant,omisha.merchant29@email.com,9774978068,Delhi NCR,353693,11-07-1994,Other,18-09-2025,Bronze,2885.43,4,1
CUST00236,Geetika,Kurian,geetika.kurian70@email.com,9874184213,Hyderabad,772522,27-09-1997,Other,01-08-2025,Platinum,70371.78,123,1
CUST00237,Qarin,Bhargava,qarin.bhargava93@email.com,9625972132,Hyderabad,100623,04-03-1965,Other,18-01-2026,Bronze,3361.91,6,1
CUST00238,Matthew,Andra,matthew.andra29@email.com,9391192734,Mumbai,875099,06-06-1993,Other,12-12-2025,Bronze,706.34,4,1
CUST00239,Vinaya,Babu,vinaya.babu74@email.com,9734526129,Pune,886008,30-03-1979,Male,07-09-2025,Gold,18891.29,1,1
CUST00240,Bhavini,Badal,bhavini.badal53@email.com,9472259117,Mumbai,211823,10-08-1973,Male,11-11-2025,Gold,32039.76,131,0
CUST00241,Zayyan,Pandya,zayyan.pandya53@email.com,9130707978,Delhi NCR,615679,04-02-1977,Female,10-01-2026,Silver,5910.64,64,1
CUST00242,Upkaar,Mital,upkaar.mital20@email.com,9528742279,Chennai,16668,09-12-1992,Female,30-08-2024,Bronze,2929.5,7,1
CUST00243,Aditya,Garg,aditya.garg81@email.com,9510704820,Bangalore,765918,11-06-1963,Other,12-01-2025,Bronze,2910.79,11,1
CUST00244,Siddharth,Soman,siddharth.soman21@email.com,9439880552,Bangalore,14890,01-10-1972,Female,09-07-2026,Bronze,4643.31,7,1
CUST00245,Divya,Babu,divya.babu65@email.com,9628990999,Kolkata,926142,04-12-1998,Male,20-01-2025,Bronze,2352.32,18,1
CUST00246,Lopa,Zachariah,lopa.zachariah66@email.com,9434723920,Bangalore,621850,12-03-1967,Male,22-06-2025,Gold,33994.98,63,0
CUST00247,Vincent,Borra,vincent.borra50@email.com,9892203411,Mumbai,999650,13-09-2003,Female,15-02-2025,Bronze,2574.35,7,1
CUST00248,Shravya,Swaminathan,shravya.swaminathan41@email.com,9829085182,Delhi NCR,586629,04-07-2005,Female,09-05-2025,Bronze,678.21,16,1
CUST00249,Frederick,Merchant,frederick.merchant84@email.com,9523615338,Hyderabad,114262,23-01-1987,Male,20-03-2025,Bronze,4650.56,20,1
CUST00250,Jalsa,Chhabra,jalsa.chhabra46@email.com,9855635319,Chennai,47541,25-07-1969,Male,23-09-2024,Gold,33802.1,122,1
CUST00251,Rachit,Sankar,rachit.sankar99@email.com,9282193622,Bangalore,888610,24-08-1966,Male,18-04-2025,Bronze,4610.53,18,1
CUST00252,Girik,Nair,girik.nair25@email.com,9741017625,Andhra Pradesh,46618,24-01-1977,Other,05-10-2025,Gold,20084.42,119,1
CUST00253,Omkaar,Rai,omkaar.rai69@email.com,9264221889,Bangalore,244472,07-11-1964,Male,24-11-2024,Silver,14183.24,131,1
CUST00254,Radhika,Majumdar,radhika.majumdar49@email.com,9779070694,Bangalore,471543,30-01-2003,Male,07-08-2025,Bronze,2813.67,15,1
CUST00255,Rohan,Shankar,rohan.shankar85@email.com,9465242860,Hyderabad,240659,26-05-1986,Other,03-04-2026,Bronze,2573.45,3,1
CUST00256,Forum,Sarraf,forum.sarraf33@email.com,9949796060,Hyderabad,692459,11-11-2007,Other,21-12-2024,Silver,12496.92,65,1
CUST00257,Varenya,Murthy,varenya.murthy39@email.com,9538647919,Kolkata,654793,21-09-1982,Female,06-05-2025,Bronze,2787.76,11,1
CUST00258,Avni,Ramaswamy,avni.ramaswamy55@email.com,9526948951,Kolkata,193982,09-12-2006,Other,06-03-2026,Bronze,3931.46,11,1
CUST00259,Avi,Shenoy,avi.shenoy72@email.com,9679546565,Mumbai,741672,24-08-2003,Male,10-03-2025,Bronze,1257.89,11,1
CUST00260,Wyatt,Krishnan,wyatt.krishnan16@email.com,9743405784,Bangalore,661797,02-03-2000,Female,25-05-2025,Silver,8910.19,48,0
CUST00261,Yashawini,Sahota,yashawini.sahota35@email.com,9519640150,Chennai,589113,18-04-2005,Female,16-12-2025,Silver,8150.27,52,1
CUST00262,Isha,Ganesan,isha.ganesan98@email.com,9516157234,Bangalore,965610,04-04-1967,Other,03-02-2025,Bronze,3571.46,7,0
CUST00263,Tristan,Uppal,tristan.uppal56@email.com,9105961110,Mumbai,756798,21-10-1970,Other,11-04-2025,Silver,14694.1,21,1
CUST00264,Aryan,Subramanian,aryan.subramanian41@email.com,9484277983,Delhi NCR,461125,09-10-1981,Male,10-04-2025,Bronze,3319.78,4,1
CUST00265,Tamanna,Jhaveri,tamanna.jhaveri53@email.com,9797676827,Bangalore,571775,12-02-1965,Female,08-03-2025,Gold,22998.22,131,1
CUST00266,Chaitanya,Contractor,chaitanya.contractor36@email.com,9107584886,Mumbai,512382,07-02-1998,Male,19-11-2024,Silver,8934.61,146,1
CUST00267,Ganga,Sandhu,ganga.sandhu63@email.com,9345359037,Pune,362266,14-07-1962,Other,10-02-2026,Silver,6164.8,148,0
CUST00268,Rudra,Sengupta,rudra.sengupta66@email.com,9381550948,Hyderabad,603341,02-11-1999,Other,05-10-2024,Gold,34431.46,131,1
CUST00269,Rachit,Pau,rachit.pau47@email.com,9679779147,Pune,371478,15-01-2004,Other,18-03-2025,Bronze,3143.47,13,0
CUST00270,Lipika,Ramanathan,lipika.ramanathan55@email.com,9279187388,Hyderabad,557924,13-05-2002,Female,19-10-2025,Gold,21540.73,107,1
CUST00271,Frado,Desai,frado.desai38@email.com,9290641103,Kolkata,134125,26-09-2007,Male,04-11-2024,Bronze,3673.16,2,1
CUST00272,Yasti,Rama,yasti.rama25@email.com,9437344310,Hyderabad,929662,31-08-1993,Female,23-11-2025,Gold,17183.69,129,1
CUST00273,Oscar,Ganesan,oscar.ganesan75@email.com,9878281683,Bangalore,422579,12-03-1964,Male,21-05-2026,Gold,22409.77,79,1
CUST00274,Jagrati,Andra,jagrati.andra15@email.com,9732173828,Andhra Pradesh,236887,22-05-1988,Female,31-12-2025,Gold,26287.02,24,1
CUST00275,Vyanjana,Sagar,vyanjana.sagar94@email.com,9831236367,Mumbai,721903,03-06-1980,Female,12-08-2024,Bronze,3031.82,14,1
CUST00276,Anvi,Kar,anvi.kar34@email.com,9823536851,Andhra Pradesh,279788,01-04-1968,Male,05-10-2025,Bronze,971.88,9,1
CUST00277,Ishaan,Loyal,ishaan.loyal28@email.com,9574224808,Delhi NCR,807836,08-07-1967,Female,09-02-2026,Bronze,4717.94,1,1
CUST00278,Yug,Mishra,yug.mishra60@email.com,9161631290,Bangalore,745171,02-09-1976,Female,28-12-2024,Gold,29610.89,54,1
CUST00279,Indali,Sangha,indali.sangha36@email.com,9850300177,Mumbai,923309,02-06-1984,Female,04-09-2025,Bronze,1080.43,16,1
CUST00280,Avni,Yohannan,avni.yohannan89@email.com,9643096784,Mumbai,544948,10-10-2006,Male,12-04-2026,Bronze,2535.33,17,1
CUST00281,Girish,Deshmukh,girish.deshmukh55@email.com,9380111098,Bangalore,42232,19-06-1982,Male,22-04-2026,Bronze,4622.8,8,1
CUST00282,Yug,Ramaswamy,yug.ramaswamy97@email.com,9640203217,Mumbai,294667,07-09-1965,Other,22-11-2025,Bronze,4862.46,4,1
CUST00283,Girik,Rau,girik.rau74@email.com,9188165687,Mumbai,577590,20-11-1966,Male,05-02-2026,Bronze,2213.24,7,1
CUST00284,Tara,Parmar,tara.parmar94@email.com,9401345375,Andhra Pradesh,863637,27-10-1978,Other,25-03-2025,Bronze,3925.43,12,1
CUST00285,Bhanumati,Nazareth,bhanumati.nazareth32@email.com,9892003053,Mumbai,975001,27-02-2003,Other,18-03-2026,Silver,6535.65,38,1
CUST00286,Tripti,Babu,tripti.babu37@email.com,9614456370,Kolkata,277063,29-05-2007,Other,24-06-2026,Bronze,4067.05,17,1
CUST00287,Kevin,Mittal,kevin.mittal36@email.com,9546571480,Bangalore,415415,07-10-2005,Female,20-06-2026,Bronze,4309.36,15,0
CUST00288,Noah,Ben,noah.ben91@email.com,9546508250,Pune,436110,26-01-1975,Other,23-07-2025,Bronze,1069.54,17,0
CUST00289,Faras,Deo,faras.deo62@email.com,9121500403,Mumbai,870051,14-04-1989,Male,08-01-2026,Bronze,1643.34,4,1
CUST00290,Kevin,Sridhar,kevin.sridhar95@email.com,9493203530,Mumbai,361115,23-07-1985,Female,02-06-2026,Silver,6737.76,142,1
CUST00291,Chandani,Devan,chandani.devan10@email.com,9643197475,Bangalore,221890,29-01-2002,Male,04-12-2025,Bronze,3382.74,16,1
CUST00292,Nitesh,Sarraf,nitesh.sarraf50@email.com,9351737099,Bangalore,326973,12-06-1966,Other,14-06-2026,Bronze,2158.93,15,0
CUST00293,Harish,Dey,harish.dey62@email.com,9622645488,Delhi NCR,965652,29-05-1977,Female,18-02-2025,Bronze,4262.87,1,1
CUST00294,Frado,Kothari,frado.kothari20@email.com,9110520783,Hyderabad,43898,20-05-1973,Other,18-02-2026,Bronze,3888.96,2,1
CUST00295,Manya,Merchant,manya.merchant47@email.com,9245237748,Andhra Pradesh,376137,20-12-2003,Male,22-10-2025,Bronze,2051.58,11,1
CUST00296,Ekavir,Wable,ekavir.wable57@email.com,9542407295,Andhra Pradesh,552696,31-05-1985,Male,15-09-2025,Silver,11205.31,84,1
CUST00297,Orinder,Sinha,orinder.sinha26@email.com,9956209263,Delhi NCR,91043,04-04-1963,Female,04-07-2026,Bronze,2225.47,14,0
CUST00298,Darpan,Rao,darpan.rao98@email.com,9938276222,Bangalore,866618,18-02-1997,Female,08-11-2025,Bronze,2214.01,17,1
CUST00299,Michael,Mall,michael.mall99@email.com,9628278883,Mumbai,418328,13-10-1982,Female,17-05-2025,Platinum,70105.75,122,1
CUST00300,Dominic,Mukherjee,dominic.mukherjee93@email.com,9351821602,Andhra Pradesh,303161,26-05-1991,Other,05-11-2025,Bronze,999.99,10,1
CUST00301,Christopher,More,christopher.more45@email.com,9977037414,Delhi NCR,102027,21-02-1984,Other,28-08-2025,Platinum,43383.73,10,1
CUST00302,Zansi,Lad,zansi.lad12@email.com,9544096980,Hyderabad,524105,05-10-1989,Female,14-02-2025,Gold,31649.07,123,1
CUST00303,Devansh,Lall,devansh.lall86@email.com,9906231304,Mumbai,778507,15-02-1999,Female,24-11-2024,Bronze,4275.17,18,1
CUST00304,Jhalak,Dugar,jhalak.dugar83@email.com,9562996201,Mumbai,191380,18-07-1963,Other,15-05-2026,Platinum,56014.32,78,1
CUST00305,Advik,Konda,advik.konda72@email.com,9362357965,Chennai,756220,03-03-1998,Male,02-04-2026,Silver,10758.42,34,1
CUST00306,Oni,Kapur,oni.kapur33@email.com,9934075365,Delhi NCR,365419,01-12-1985,Male,18-10-2024,Bronze,1635.14,20,1
CUST00307,Yadavi,Ben,yadavi.ben26@email.com,9157654411,Bangalore,380617,04-10-1979,Male,10-03-2026,Bronze,2531.17,10,1
CUST00308,Deepa,Narang,deepa.narang72@email.com,9617869520,Andhra Pradesh,870534,30-11-1998,Other,19-03-2026,Gold,15046.65,9,1
CUST00309,Daksha,Kibe,daksha.kibe70@email.com,9888435887,Bangalore,597383,17-10-1970,Male,22-07-2024,Bronze,3605.04,19,0
CUST00310,Nimrat,Bajwa,nimrat.bajwa41@email.com,9460288001,Kolkata,850506,22-06-1981,Male,06-10-2024,Silver,10779.04,138,1
CUST00311,Samesh,Wagle,samesh.wagle37@email.com,9489963385,Andhra Pradesh,670241,15-07-1963,Female,03-07-2026,Gold,18344.02,105,1
CUST00312,Vincent,Venkatesh,vincent.venkatesh29@email.com,9313766760,Hyderabad,571918,19-08-1969,Other,24-11-2025,Silver,11126.33,82,1
CUST00313,Meera,Borde,meera.borde62@email.com,9818400598,Andhra Pradesh,623445,15-04-1987,Male,13-01-2026,Silver,12118.28,56,1
CUST00314,Eta,Nadkarni,eta.nadkarni53@email.com,9466354370,Hyderabad,431329,18-12-1967,Female,15-11-2024,Gold,30214.37,4,1
CUST00315,Hitesh,Gala,hitesh.gala72@email.com,9106365382,Mumbai,756185,04-09-1974,Male,04-07-2025,Silver,6357.79,29,1
CUST00316,Darika,Sheth,darika.sheth75@email.com,9540116551,Hyderabad,112490,07-03-1975,Female,28-04-2026,Bronze,2251.12,12,1
CUST00317,Falak,Divan,falak.divan25@email.com,9470660299,Hyderabad,356804,02-04-1978,Female,15-04-2026,Gold,25495.05,40,1
CUST00318,Owen,Balasubramanian,owen.balasubramanian65@email.com,9115865895,Bangalore,788317,25-06-1967,Female,03-04-2026,Silver,14270.52,30,1
CUST00319,Logan,Dara,logan.dara39@email.com,9722206770,Hyderabad,32365,01-04-2007,Other,19-11-2025,Silver,14425.82,5,1
CUST00320,Frado,Lad,frado.lad16@email.com,9374135806,Mumbai,13721,09-02-1983,Other,21-10-2024,Silver,9540.24,93,1
CUST00321,Brijesh,Shenoy,brijesh.shenoy89@email.com,9816619939,Mumbai,296670,04-08-1986,Female,30-12-2025,Platinum,51341.25,52,0
CUST00322,Pooja,Gera,pooja.gera48@email.com,9828289942,Delhi NCR,324472,27-11-1962,Male,06-11-2025,Bronze,2852.56,7,1
CUST00323,Yatan,Merchant,yatan.merchant20@email.com,9587559230,Mumbai,687014,11-08-1986,Male,01-11-2024,Bronze,4226.69,18,1
CUST00324,Oni,Iyengar,oni.iyengar39@email.com,9279432907,Mumbai,806578,12-07-1993,Male,11-04-2025,Bronze,3957.08,2,1
CUST00325,Yadavi,Nagy,yadavi.nagy25@email.com,9207057616,Andhra Pradesh,420593,17-07-1962,Female,13-06-2026,Bronze,2241.09,19,1
CUST00326,Avni,Bhardwaj,avni.bhardwaj58@email.com,9502313231,Bangalore,859321,31-05-1977,Other,10-12-2025,Gold,23961.5,126,1
CUST00327,Wridesh,Lata,wridesh.lata29@email.com,9529925367,Delhi NCR,396522,23-08-1976,Female,21-10-2025,Bronze,1698.8,13,1
CUST00328,Eesha,Parmer,eesha.parmer34@email.com,9611295942,Delhi NCR,599293,16-01-1994,Other,12-09-2025,Silver,7792.72,111,1
CUST00329,Dayamai,Gill,dayamai.gill40@email.com,9497651314,Andhra Pradesh,10393,26-11-1961,Male,30-08-2025,Bronze,3580.8,14,1
CUST00330,Vanya,Acharya,vanya.acharya84@email.com,9160515996,Delhi NCR,932525,07-08-1964,Male,04-08-2024,Gold,15903.13,124,1
CUST00331,Manbir,Dhar,manbir.dhar39@email.com,9230543783,Delhi NCR,851569,04-06-1967,Male,05-04-2025,Silver,9518.2,106,1
CUST00332,Chasmum,Naidu,chasmum.naidu41@email.com,9843696924,Kolkata,267528,29-09-2007,Female,08-06-2026,Bronze,1500.18,6,1
CUST00333,Ishanvi,Kapoor,ishanvi.kapoor27@email.com,9111604554,Hyderabad,644220,26-04-2008,Male,05-10-2025,Bronze,3297.25,16,1
CUST00334,Mahika,Bali,mahika.bali98@email.com,9807924072,Bangalore,959391,24-04-1994,Male,04-11-2024,Bronze,4382.75,3,1
CUST00335,Garima,Brahmbhatt,garima.brahmbhatt47@email.com,9722265506,Bangalore,552157,28-04-1961,Female,08-02-2025,Silver,9983.57,25,1
CUST00336,Shaurya,Krish,shaurya.krish12@email.com,9516020415,Kolkata,541006,15-05-1990,Male,07-02-2026,Bronze,3136.08,2,1
CUST00337,Oni,Ganesan,oni.ganesan58@email.com,9439909942,Mumbai,765861,05-03-1993,Female,22-03-2026,Bronze,1012.9,15,1
CUST00338,Umang,Gaba,umang.gaba85@email.com,9743275762,Bangalore,104054,03-09-1967,Male,13-09-2024,Gold,19458.9,115,1
CUST00339,Hema,Garde,hema.garde19@email.com,9502916321,Hyderabad,218159,22-04-2002,Other,11-06-2026,Silver,10551.1,75,1
CUST00340,Vasudha,Balasubramanian,vasudha.balasubramanian67@email.com,9427560628,Bangalore,296201,29-01-1983,Male,24-12-2024,Gold,28833.28,61,1
CUST00341,Ranveer,Rout,ranveer.rout94@email.com,9840104551,Delhi NCR,443106,16-06-1999,Other,17-09-2025,Gold,32185.28,70,1
CUST00342,Vritti,Dube,vritti.dube69@email.com,9336716864,Chennai,506149,26-03-1993,Other,20-12-2024,Bronze,1364.67,2,0
CUST00343,Gunbir,Bal,gunbir.bal93@email.com,9995310367,Andhra Pradesh,241714,06-08-1987,Male,18-07-2025,Silver,10460.46,119,1
CUST00344,Vrinda,Lanka,vrinda.lanka66@email.com,9265006126,Kolkata,862565,30-03-1973,Other,29-06-2025,Silver,8551.56,66,0
CUST00345,Chaitanya,Lall,chaitanya.lall56@email.com,9131252692,Mumbai,743490,31-10-1970,Other,22-02-2026,Bronze,2951.21,14,1
CUST00346,Gunbir,Chada,gunbir.chada97@email.com,9180447978,Mumbai,869380,21-11-1986,Female,14-04-2026,Platinum,65892.46,149,1
CUST00347,Omya,Wason,omya.wason85@email.com,9735752474,Bangalore,937416,29-11-1962,Female,11-08-2025,Bronze,647.85,6,1
CUST00348,Zansi,Din,zansi.din74@email.com,9720372261,Chennai,722332,14-06-1963,Female,11-06-2025,Silver,6410.43,18,1
CUST00349,Farhan,Saran,farhan.saran76@email.com,9452833239,Andhra Pradesh,294511,16-12-1986,Female,23-09-2025,Bronze,3338.8,13,1
CUST00350,Mekhala,Nanda,mekhala.nanda46@email.com,9473672589,Hyderabad,870998,06-02-1989,Male,13-10-2024,Gold,32444.53,1,1
CUST00351,Oeshi,Doctor,oeshi.doctor45@email.com,9168815174,Hyderabad,999119,03-06-1967,Female,20-03-2026,Bronze,4321.49,2,1
CUST00352,Bhavika,Wason,bhavika.wason45@email.com,9572285879,Pune,646799,26-09-1992,Other,16-08-2024,Bronze,1158.36,14,1
CUST00353,Orinder,Majumdar,orinder.majumdar60@email.com,9414989181,Mumbai,299606,08-02-1983,Male,05-01-2026,Bronze,1338.22,2,1
CUST00354,Wazir,Bawa,wazir.bawa65@email.com,9482319910,Pune,450544,17-08-1979,Male,03-05-2026,Bronze,2356.85,14,1
CUST00355,Vyanjana,Chaudhari,vyanjana.chaudhari43@email.com,9790612848,Mumbai,247546,18-09-2001,Other,01-12-2025,Gold,30869.61,146,1
CUST00356,Gaurav,Guha,gaurav.guha12@email.com,9181947199,Delhi NCR,367850,12-08-1995,Other,24-03-2026,Bronze,519.88,5,1
CUST00357,Nathan,Bhatti,nathan.bhatti23@email.com,9851880121,Andhra Pradesh,862890,15-05-1972,Female,14-12-2024,Bronze,4162.25,14,1
CUST00358,Sai,Bhardwaj,sai.bhardwaj28@email.com,9107647437,Andhra Pradesh,70534,12-08-1985,Male,18-04-2026,Silver,11519.94,66,1
CUST00359,Ucchal,Tiwari,ucchal.tiwari89@email.com,9304844789,Hyderabad,103579,26-11-1990,Female,02-12-2024,Bronze,531.55,11,1
CUST00360,Urvi,Palla,urvi.palla46@email.com,9959058081,Andhra Pradesh,241406,05-12-1963,Other,21-11-2024,Bronze,892.6,8,1
CUST00361,Tanish,Kant,tanish.kant23@email.com,9460919326,Andhra Pradesh,346800,22-10-1992,Other,25-06-2026,Silver,7982.61,112,1
CUST00362,Kevin,Ghose,kevin.ghose45@email.com,9525326701,Mumbai,349446,02-03-1986,Male,10-05-2026,Bronze,2989.78,3,1
CUST00363,Ikshita,Sharaf,ikshita.sharaf82@email.com,9172487777,Andhra Pradesh,374896,27-04-2000,Other,05-10-2024,Silver,12638.43,130,1
CUST00364,Abhimanyu,Vaidya,abhimanyu.vaidya16@email.com,9371438170,Andhra Pradesh,899441,30-04-1993,Male,05-09-2024,Gold,27232.2,30,1
CUST00365,Gayathri,Malhotra,gayathri.malhotra94@email.com,9761471452,Delhi NCR,444328,24-11-1976,Female,16-06-2026,Gold,33155.64,96,1
CUST00366,Dakshesh,Raval,dakshesh.raval33@email.com,9499603958,Andhra Pradesh,207446,30-01-1988,Other,15-05-2025,Bronze,2377.19,13,1
CUST00367,Balendra,Gupta,balendra.gupta95@email.com,9339772775,Bangalore,387584,12-02-1972,Other,01-05-2026,Bronze,2653.76,7,1
CUST00368,Pratyush,Memon,pratyush.memon21@email.com,9945905730,Delhi NCR,724825,30-01-2005,Female,25-09-2024,Bronze,4952.3,4,1
CUST00369,Tristan,Pant,tristan.pant18@email.com,9311129945,Mumbai,465549,22-07-1980,Male,13-07-2025,Gold,28616.48,86,1
CUST00370,Jacob,Singhal,jacob.singhal33@email.com,9445876329,Pune,999173,09-08-1994,Other,19-10-2024,Bronze,3567.59,4,1
CUST00371,Lakshmi,Wagle,lakshmi.wagle35@email.com,9503417004,Andhra Pradesh,602235,23-05-1988,Male,03-10-2025,Silver,10516.01,109,1
CUST00372,Tanvi,Dhar,tanvi.dhar46@email.com,9170594313,Bangalore,217525,22-09-2003,Male,01-09-2024,Bronze,4137.91,10,1
CUST00373,Aayush,Seth,aayush.seth79@email.com,9762294248,Andhra Pradesh,329271,09-05-1969,Female,07-11-2025,Platinum,67756.47,74,1
CUST00374,Radha,Sanghvi,radha.sanghvi10@email.com,9371276347,Andhra Pradesh,676008,12-02-1974,Female,05-02-2026,Bronze,1162.97,15,0
CUST00375,Kashvi,Atwal,kashvi.atwal48@email.com,9482168320,Bangalore,830033,28-09-2007,Female,30-05-2026,Silver,8935.9,22,1
CUST00376,Hemangini,Muni,hemangini.muni16@email.com,9911671128,Andhra Pradesh,168942,27-12-1964,Male,18-04-2026,Bronze,1340.48,4,1
CUST00377,Chakradev,Misra,chakradev.misra80@email.com,9141090235,Bangalore,789856,14-04-2007,Female,29-10-2024,Bronze,2084.38,15,1
CUST00378,Hema,Suri,hema.suri95@email.com,9979329894,Bangalore,326033,23-06-1969,Male,29-12-2024,Bronze,4521.15,11,1
CUST00379,Anthony,Thaman,anthony.thaman51@email.com,9998517337,Mumbai,150648,14-12-2002,Male,24-08-2024,Bronze,4994.47,10,0
CUST00380,Chanakya,Chokshi,chanakya.chokshi68@email.com,9359625085,Bangalore,16761,15-10-1997,Other,30-01-2025,Bronze,1869.94,18,1
CUST00381,Urvi,Dua,urvi.dua81@email.com,9703450729,Hyderabad,46184,05-12-2002,Female,31-10-2025,Silver,14845.28,7,1
CUST00382,Laksh,Sahota,laksh.sahota80@email.com,9322149771,Mumbai,891411,02-06-1994,Male,19-12-2024,Silver,9486.01,77,1
CUST00383,Ryan,Lall,ryan.lall54@email.com,9151433775,Delhi NCR,564208,28-04-1994,Male,25-06-2026,Gold,17943.05,110,0
CUST00384,Sarthak,Srivastava,sarthak.srivastava79@email.com,9886234035,Bangalore,300119,27-01-2006,Other,05-08-2025,Bronze,665.63,1,1
CUST00385,Manthan,Chana,manthan.chana32@email.com,9121055131,Mumbai,143744,21-02-1992,Other,25-08-2024,Bronze,1267.11,3,1
CUST00386,Harish,Ghosh,harish.ghosh82@email.com,9489333809,Delhi NCR,455611,02-09-1963,Female,25-07-2024,Gold,24077.13,48,1
CUST00387,Lakshit,Garde,lakshit.garde64@email.com,9611477347,Delhi NCR,579415,14-11-1983,Other,07-12-2024,Silver,12548.72,138,1
CUST00388,Ishaan,Rattan,ishaan.rattan23@email.com,9129910502,Bangalore,746762,29-03-1968,Other,28-10-2024,Bronze,4723.52,7,1
CUST00389,Daniel,Dutta,daniel.dutta43@email.com,9674564491,Bangalore,697972,23-02-2002,Female,08-05-2025,Bronze,2108.34,2,1
CUST00390,Jagrati,Balakrishnan,jagrati.balakrishnan84@email.com,9643583837,Hyderabad,771670,09-11-1964,Female,06-02-2025,Bronze,1010.01,8,1
CUST00391,Dipta,Arora,dipta.arora63@email.com,9384655038,Hyderabad,588916,29-07-2005,Male,02-02-2026,Bronze,2938.06,6,1
CUST00392,Yuvraj,Subramaniam,yuvraj.subramaniam67@email.com,9415595242,Kolkata,628900,30-04-2004,Male,13-07-2026,Bronze,3554.82,2,1
CUST00393,Naksh,Tiwari,naksh.tiwari77@email.com,9659517032,Mumbai,721753,24-01-1983,Female,19-02-2025,Bronze,3311.88,3,1
CUST00394,Chandresh,Tripathi,chandresh.tripathi73@email.com,9728038502,Bangalore,866317,10-10-1990,Female,01-04-2026,Silver,6840.53,107,1
CUST00395,Sara,Chakrabarti,sara.chakrabarti28@email.com,9665570189,Delhi NCR,751701,01-01-1988,Male,03-06-2025,Bronze,1123,14,1
CUST00396,Balendra,Acharya,balendra.acharya49@email.com,9862451428,Bangalore,994883,03-02-2005,Other,21-12-2025,Bronze,3861.28,1,1
CUST00397,Tanmayi,Om,tanmayi.om41@email.com,9134493140,Mumbai,37589,16-05-2001,Female,20-07-2025,Bronze,546.21,10,1
CUST00398,Januja,Sethi,januja.sethi66@email.com,9693326860,Delhi NCR,130554,25-10-1997,Other,27-08-2025,Bronze,2625.27,19,1
CUST00399,Kashvi,Cherian,kashvi.cherian81@email.com,9183702431,Delhi NCR,272614,11-02-2002,Female,17-12-2024,Gold,29539.83,86,1
CUST00400,Raghav,Dara,raghav.dara75@email.com,9963388382,Mumbai,373516,17-09-1963,Male,07-07-2026,Bronze,4817.45,17,1
CUST00401,Jatin,Seshadri,jatin.seshadri11@email.com,9132475042,Delhi NCR,982708,08-11-1963,Other,20-09-2025,Bronze,2064.07,15,1
CUST00402,Rachita,Subramanian,rachita.subramanian49@email.com,9940326782,Andhra Pradesh,922169,18-10-2001,Male,03-06-2026,Bronze,3340.41,11,1
CUST00403,Ekanta,Thaman,ekanta.thaman86@email.com,9619699412,Bangalore,693465,25-07-1980,Female,04-07-2025,Bronze,4909.54,14,1
CUST00404,Kiaan,Devi,kiaan.devi53@email.com,9238596630,Andhra Pradesh,984858,05-08-2003,Female,02-01-2025,Bronze,3226.9,8,1
CUST00405,Sai,Kadakia,sai.kadakia93@email.com,9732265389,Andhra Pradesh,522885,26-05-1968,Other,28-02-2026,Gold,30310.55,121,1
CUST00406,Indira,Srinivasan,indira.srinivasan55@email.com,9221976212,Andhra Pradesh,846081,08-04-1962,Female,09-05-2025,Bronze,3065.12,20,1
CUST00407,Maanav,Bera,maanav.bera82@email.com,9770617509,Hyderabad,342442,07-10-1964,Other,05-01-2026,Silver,14974.47,140,1
CUST00408,Chakrika,Jani,chakrika.jani42@email.com,9152039541,Delhi NCR,571983,01-08-2004,Other,26-09-2025,Silver,8318.67,20,0
CUST00409,Lopa,Khanna,lopa.khanna40@email.com,9850541766,Mumbai,66658,17-03-1964,Female,28-07-2024,Bronze,994.85,17,0
CUST00410,Zayan,Jain,zayan.jain69@email.com,9875838776,Chennai,359893,18-09-1973,Female,03-03-2025,Silver,5388.35,114,1
CUST00411,Saumya,Goel,saumya.goel34@email.com,9145219343,Mumbai,228160,15-09-1989,Other,19-02-2025,Gold,15765.21,39,1
CUST00412,Aishani,De,aishani.de88@email.com,9705660104,Hyderabad,940572,07-04-1963,Other,14-11-2024,Bronze,3506.38,1,1
CUST00413,Ekantika,Behl,ekantika.behl97@email.com,9209744744,Hyderabad,798515,19-04-1996,Male,04-01-2025,Bronze,3538.48,20,1
CUST00414,Qarin,Verma,qarin.verma92@email.com,9847881935,Mumbai,826886,21-10-1966,Female,15-04-2025,Bronze,568.27,16,1
CUST00415,Timothy,Kala,timothy.kala16@email.com,9690832594,Mumbai,554398,10-11-1992,Male,27-09-2025,Bronze,2195.36,20,1
CUST00416,Aditya,Contractor,aditya.contractor89@email.com,9160671004,Bangalore,739930,29-12-2006,Female,05-06-2026,Bronze,4141.26,3,1
CUST00417,Ekani,Raj,ekani.raj71@email.com,9131744747,Bangalore,648408,23-01-1986,Male,21-08-2025,Bronze,641.17,10,1
CUST00418,Yashoda,Sehgal,yashoda.sehgal17@email.com,9693847514,Andhra Pradesh,43581,29-01-1967,Male,25-11-2024,Bronze,1377.85,8,1
CUST00419,Abhimanyu,Bhatti,abhimanyu.bhatti69@email.com,9547751050,Chennai,361386,18-07-2004,Other,13-04-2026,Bronze,3826.09,1,1
CUST00420,Ekbal,Dube,ekbal.dube32@email.com,9886689662,Hyderabad,750110,29-08-1972,Male,26-03-2026,Bronze,4809.46,2,0
CUST00421,Zayan,Bobal,zayan.bobal77@email.com,9952563844,Andhra Pradesh,466766,29-01-1982,Other,31-07-2024,Gold,20648.28,83,1
CUST00422,Lopa,Dani,lopa.dani48@email.com,9784310337,Bangalore,919015,07-10-1994,Female,08-10-2024,Bronze,3988.21,7,1
CUST00423,Bimala,Mitra,bimala.mitra20@email.com,9810033457,Mumbai,476607,09-03-1971,Other,05-09-2025,Gold,33590.29,112,1
CUST00424,Thomas,Deshpande,thomas.deshpande61@email.com,9724022835,Mumbai,842450,19-03-1998,Female,28-05-2026,Bronze,1675.84,14,1
CUST00425,Lohit,Dasgupta,lohit.dasgupta90@email.com,9865144951,Andhra Pradesh,99688,04-05-1966,Female,11-03-2025,Silver,10063.7,95,1
CUST00426,Shivansh,Padmanabhan,shivansh.padmanabhan32@email.com,9576620666,Bangalore,682223,11-07-2002,Other,27-04-2026,Silver,6664.61,8,1
CUST00427,Zayyan,Hari,zayyan.hari40@email.com,9301112958,Mumbai,290878,11-07-1965,Other,28-02-2025,Silver,8469.38,124,1
CUST00428,Ekalinga,Krishna,ekalinga.krishna54@email.com,9282618100,Pune,397552,25-03-2006,Other,09-12-2025,Silver,7547.55,9,1
CUST00429,Wahab,Chaudhry,wahab.chaudhry91@email.com,9736731333,Andhra Pradesh,913577,22-11-1982,Other,08-11-2025,Bronze,1927.24,13,1
CUST00430,Damini,Dua,damini.dua63@email.com,9129981672,Andhra Pradesh,562053,16-08-1975,Female,22-01-2026,Bronze,854.17,18,1
CUST00431,Rajata,Malhotra,rajata.malhotra57@email.com,9730244788,Chennai,257775,02-05-1981,Other,31-07-2025,Gold,24955.37,108,1
CUST00432,Ikbal,Gill,ikbal.gill47@email.com,9991284994,Andhra Pradesh,428341,05-09-1965,Male,10-06-2026,Silver,14889.11,139,1
CUST00433,Anirudh,Tripathi,anirudh.tripathi50@email.com,9401470663,Hyderabad,996930,30-01-1998,Male,05-02-2025,Gold,34825.08,78,1
CUST00434,Urmi,Dixit,urmi.dixit59@email.com,9813613866,Andhra Pradesh,639427,25-08-1994,Female,18-08-2025,Bronze,3853.78,20,1
CUST00435,Gautam,Ranganathan,gautam.ranganathan96@email.com,9663962712,Pune,803928,05-02-1970,Other,29-06-2025,Gold,31775.43,77,1
CUST00436,Nathaniel,Gola,nathaniel.gola93@email.com,9139615545,Mumbai,750373,28-10-1964,Male,08-02-2025,Bronze,2810.19,4,0
CUST00437,Kala,Kaur,kala.kaur23@email.com,9776101210,Hyderabad,385677,16-09-1963,Male,17-08-2024,Bronze,2781.37,8,1
CUST00438,Ekiya,Chauhan,ekiya.chauhan64@email.com,9765330201,Hyderabad,498926,11-01-2005,Other,08-05-2025,Bronze,709.66,10,1
CUST00439,Jasmit,Brahmbhatt,jasmit.brahmbhatt27@email.com,9796205300,Delhi NCR,638655,05-09-1993,Other,25-03-2026,Bronze,4726.66,13,0
CUST00440,Vasatika,Ahuja,vasatika.ahuja36@email.com,9227484041,Mumbai,723184,10-12-1974,Male,11-11-2024,Bronze,4136.58,18,1
CUST00441,Rachit,Dugar,rachit.dugar62@email.com,9248121937,Mumbai,913651,25-04-1993,Female,24-12-2025,Gold,30800.99,17,1
CUST00442,Varenya,Srinivas,varenya.srinivas70@email.com,9465437899,Bangalore,926030,01-04-1969,Female,06-10-2025,Bronze,4641.19,19,1
CUST00443,Naveen,Desai,naveen.desai47@email.com,9590744910,Mumbai,920242,15-09-1995,Male,28-05-2025,Bronze,3909.77,7,1
CUST00444,Anirudh,Mander,anirudh.mander91@email.com,9387664708,Mumbai,379772,23-06-1975,Female,23-04-2026,Bronze,2290.1,6,1
CUST00445,Nirja,Dhar,nirja.dhar38@email.com,9851347273,Mumbai,984257,20-02-2001,Male,19-10-2025,Bronze,544.47,14,0
CUST00446,Ekapad,Karpe,ekapad.karpe70@email.com,9644272912,Bangalore,621038,13-11-1994,Other,31-12-2025,Silver,10108.77,47,1
CUST00447,Oni,Doctor,oni.doctor62@email.com,9481946587,Hyderabad,279908,19-10-1994,Female,22-02-2026,Silver,12973.76,63,1
CUST00448,Jacob,Chander,jacob.chander46@email.com,9106226976,Chennai,298068,05-03-1989,Other,01-05-2025,Silver,9078.18,121,1
CUST00449,Caleb,Wagle,caleb.wagle10@email.com,9406184527,Andhra Pradesh,376599,13-03-1967,Other,13-06-2025,Silver,13349.66,103,0
CUST00450,Krish,Kumar,krish.kumar64@email.com,9642595217,Bangalore,314986,02-02-1978,Other,11-12-2024,Silver,5387.3,63,1
CUST00451,Abdul,Amble,abdul.amble54@email.com,9684749249,Andhra Pradesh,806356,14-03-1985,Male,08-10-2024,Gold,17086.91,68,1
CUST00452,Mohammed,Sandhu,mohammed.sandhu72@email.com,9901724204,Bangalore,486959,20-04-1979,Other,28-12-2025,Bronze,580.09,16,0
CUST00453,Mekhala,Jani,mekhala.jani26@email.com,9454144932,Andhra Pradesh,887258,23-04-1998,Other,28-07-2025,Silver,10790.22,8,1
CUST00454,Zehaan,Mohanty,zehaan.mohanty61@email.com,9710364576,Mumbai,621372,16-05-1967,Other,31-12-2024,Platinum,60605.41,61,1
CUST00455,Yashoda,Rattan,yashoda.rattan47@email.com,9104465857,Pune,890260,30-09-1966,Other,18-04-2026,Bronze,2183.37,13,1
CUST00456,Maanav,Sinha,maanav.sinha21@email.com,9330221696,Bangalore,114351,28-12-2001,Other,16-08-2024,Bronze,4820.4,19,1
CUST00457,Leena,Rattan,leena.rattan21@email.com,9762838320,Hyderabad,902770,10-04-1974,Other,09-05-2026,Gold,27564.09,114,1
CUST00458,Zarna,Mangal,zarna.mangal72@email.com,9568636551,Mumbai,98839,30-01-1972,Other,23-12-2025,Silver,8324.02,126,1
CUST00459,Balendra,Parsa,balendra.parsa96@email.com,9454983057,Chennai,21465,12-02-2006,Female,20-05-2025,Silver,7984.99,105,1
CUST00460,Nidra,Iyer,nidra.iyer51@email.com,9319193889,Bangalore,118489,26-03-1984,Female,13-04-2025,Bronze,883.36,18,1
CUST00461,Aradhana,Kara,aradhana.kara10@email.com,9889391288,Bangalore,769042,02-04-1988,Male,15-08-2025,Bronze,3351.1,6,1
CUST00462,Hredhaan,Bora,hredhaan.bora35@email.com,9191019489,Pune,518489,27-07-1977,Male,08-01-2026,Gold,26323.58,80,1
CUST00463,Saanvi,Purohit,saanvi.purohit95@email.com,9987229282,Mumbai,357790,06-05-1993,Female,16-10-2024,Silver,12107.94,85,1
CUST00464,Aarna,Bir,aarna.bir30@email.com,9751695470,Mumbai,335658,30-12-1996,Female,25-07-2024,Bronze,826.98,5,1
CUST00465,Adya,Kothari,adya.kothari35@email.com,9477803663,Mumbai,165182,22-12-1992,Male,18-03-2025,Silver,7207.46,20,1
CUST00466,Irya,Kamdar,irya.kamdar48@email.com,9146226001,Delhi NCR,237333,10-08-1978,Other,25-12-2024,Bronze,4185.88,16,1
CUST00467,Veer,Jain,veer.jain93@email.com,9771991746,Andhra Pradesh,952111,15-07-2006,Other,15-12-2025,Bronze,2250.1,13,1
CUST00468,Waida,Ahuja,waida.ahuja96@email.com,9757300821,Delhi NCR,759579,30-03-1979,Male,03-08-2025,Silver,10892.58,117,1
CUST00469,Qadim,Vaidya,qadim.vaidya66@email.com,9718398862,Bangalore,639208,06-05-1989,Male,24-07-2025,Bronze,4983.33,8,0
CUST00470,Bachittar,Thakkar,bachittar.thakkar64@email.com,9212113985,Hyderabad,627187,10-01-1982,Female,04-01-2026,Bronze,2043.25,2,1
CUST00471,Abhiram,Arora,abhiram.arora36@email.com,9332144509,Delhi NCR,691559,21-03-1978,Male,10-12-2024,Bronze,4035.74,19,1
CUST00472,Adya,Khalsa,adya.khalsa93@email.com,9904424023,Andhra Pradesh,795527,25-05-1989,Other,28-12-2024,Gold,26533.72,23,1
CUST00473,Oni,Pradhan,oni.pradhan65@email.com,9589756899,Delhi NCR,647292,26-09-1999,Female,01-01-2026,Bronze,4560.68,13,1
CUST00474,Veer,Chaudhry,veer.chaudhry88@email.com,9133247590,Mumbai,386632,22-09-1970,Female,20-07-2025,Bronze,2183.88,19,1
CUST00475,Aditya,Goda,aditya.goda57@email.com,9568979861,Mumbai,728857,18-12-1980,Female,28-01-2025,Bronze,4784.4,9,1
CUST00476,Champak,Rao,champak.rao50@email.com,9160145956,Mumbai,203471,28-02-1991,Male,16-02-2026,Bronze,4873.54,13,1
CUST00477,Gaurika,Lad,gaurika.lad14@email.com,9786414388,Andhra Pradesh,588450,26-07-1988,Other,20-10-2024,Bronze,4601.3,16,1
CUST00478,Indali,Issac,indali.issac17@email.com,9667896080,Chennai,455877,18-11-1965,Other,09-05-2025,Bronze,4592.59,8,1
CUST00479,Bhavini,Sheth,bhavini.sheth15@email.com,9658958114,Hyderabad,256996,27-05-1965,Female,17-09-2024,Bronze,3150.54,1,1
CUST00480,Neel,Oza,neel.oza88@email.com,9610245608,Andhra Pradesh,554496,02-01-1979,Male,07-06-2026,Gold,28127.89,84,1
CUST00481,Sai,Patil,sai.patil66@email.com,9774082642,Andhra Pradesh,622023,06-08-2005,Male,29-01-2025,Bronze,1847.07,19,1
CUST00482,Fariq,Kade,fariq.kade24@email.com,9751411961,Andhra Pradesh,611178,17-03-1964,Female,07-08-2024,Bronze,1242.13,3,1
CUST00483,Mekhala,Viswanathan,mekhala.viswanathan64@email.com,9546260122,Pune,149216,07-08-1981,Other,12-01-2025,Silver,11338.52,70,1
CUST00484,Yug,Mander,yug.mander47@email.com,9822421201,Andhra Pradesh,228200,13-09-2005,Male,21-04-2025,Gold,29386.79,93,1
CUST00485,Eshana,Soni,eshana.soni75@email.com,9615718773,Hyderabad,848728,05-08-1972,Other,19-10-2025,Silver,6958.02,28,1
CUST00486,Tanmayi,Saran,tanmayi.saran86@email.com,9967296970,Mumbai,578317,01-07-1981,Male,28-04-2025,Bronze,4735.77,1,1
CUST00487,Nitara,Lad,nitara.lad66@email.com,9217652012,Pune,400825,23-01-1980,Other,17-07-2025,Platinum,71342.4,25,1
CUST00488,Abhiram,Swamy,abhiram.swamy90@email.com,9721990082,Chennai,406493,14-01-1961,Other,16-09-2025,Silver,11854.5,61,1
CUST00489,Kashvi,Gulati,kashvi.gulati79@email.com,9485002229,Delhi NCR,866326,18-04-1986,Other,05-01-2025,Bronze,4423.47,7,1
CUST00490,Adya,Buch,adya.buch52@email.com,9209971448,Delhi NCR,389448,03-11-1978,Male,03-06-2025,Bronze,4553.8,10,1
CUST00491,Raghav,Biswas,raghav.biswas61@email.com,9107233851,Andhra Pradesh,241797,24-01-1979,Other,13-01-2026,Silver,11239.57,127,1
CUST00492,Vyanjana,Guha,vyanjana.guha66@email.com,9527434007,Pune,20802,05-07-1967,Female,22-02-2025,Bronze,2221.68,5,0
CUST00493,Amruta,Dass,amruta.dass49@email.com,9534891530,Delhi NCR,31207,30-04-1975,Female,09-04-2025,Silver,8506.57,25,1
CUST00494,Osha,Muni,osha.muni27@email.com,9543035531,Hyderabad,570512,11-05-1964,Female,09-02-2025,Silver,12907.78,47,1
CUST00495,Manya,Bora,manya.bora14@email.com,9405591199,Delhi NCR,234601,27-06-1977,Other,12-05-2025,Gold,22007.3,11,1
CUST00496,Saanvi,Kota,saanvi.kota68@email.com,9219524970,Hyderabad,371837,10-01-1987,Male,29-12-2025,Bronze,4257.91,9,1
CUST00497,Devika,Naidu,devika.naidu33@email.com,9543636203,Andhra Pradesh,88147,31-12-2003,Male,07-03-2025,Bronze,4768.31,18,1
CUST00498,Rushil,Patel,rushil.patel63@email.com,9766110194,Mumbai,313650,08-12-1971,Female,27-03-2026,Bronze,1805.29,20,1
CUST00499,Anya,Dar,anya.dar90@email.com,9366301844,Andhra Pradesh,300979,04-02-1971,Other,02-05-2025,Silver,5310.76,16,0
CUST00500,Gaurav,Kothari,gaurav.kothari23@email.com,9356343176,Andhra Pradesh,719500,27-09-1984,Other,30-11-2025,Gold,26195.37,39,1
CUST00501,Mitesh,Yadav,mitesh.yadav90@email.com,9775764467,Bangalore,273585,27-05-1990,Male,07-02-2026,Silver,9616.48,56,1
CUST00502,Reyansh,Bail,reyansh.bail32@email.com,9821956548,Hyderabad,524077,03-08-1998,Male,03-03-2025,Silver,5260.11,52,1
CUST00503,Vrishti,Gupta,vrishti.gupta49@email.com,9344761357,Andhra Pradesh,855749,13-04-1998,Female,19-11-2024,Bronze,3937.5,13,1
CUST00504,Ekapad,Wali,ekapad.wali25@email.com,9526324011,Delhi NCR,744857,05-08-1960,Other,12-03-2026,Gold,34657.86,64,1
CUST00505,Yashawini,Raghavan,yashawini.raghavan20@email.com,9112277117,Mumbai,95935,09-11-1964,Male,11-12-2025,Bronze,1371.46,13,1
CUST00506,Lila,Gupta,lila.gupta61@email.com,9749296554,Andhra Pradesh,829456,28-02-2004,Other,25-03-2025,Gold,23954.75,31,1
CUST00507,Indrajit,Char,indrajit.char48@email.com,9577693976,Kolkata,22031,29-07-1993,Female,13-12-2024,Silver,14502.63,120,1
CUST00508,Hardik,Balay,hardik.balay55@email.com,9821581490,Andhra Pradesh,789940,23-06-1985,Male,05-01-2025,Bronze,2080.43,16,0
CUST00509,Ekavir,Arya,ekavir.arya57@email.com,9265212127,Kolkata,717058,07-11-1988,Male,17-04-2026,Bronze,4612.15,13,1
CUST00510,Jyoti,Bhardwaj,jyoti.bhardwaj55@email.com,9977248214,Bangalore,801413,24-11-1995,Male,01-10-2024,Gold,17857.67,65,1
CUST00511,Harrison,Kashyap,harrison.kashyap86@email.com,9462764757,Mumbai,338392,19-07-1998,Other,19-02-2026,Bronze,4385.52,14,1
CUST00512,Ojasvi,Cherian,ojasvi.cherian41@email.com,9479899720,Andhra Pradesh,761228,15-11-1987,Other,14-08-2025,Bronze,4261.97,6,1
CUST00513,Geetika,Dugar,geetika.dugar77@email.com,9570368480,Delhi NCR,558556,22-08-2003,Other,17-06-2025,Bronze,2792.43,10,1
CUST00514,Ekiya,Khosla,ekiya.khosla68@email.com,9923364190,Delhi NCR,684577,27-07-1987,Female,18-07-2024,Bronze,3111.37,7,1
CUST00515,Bakhshi,Mane,bakhshi.mane27@email.com,9784506566,Bangalore,824043,02-03-1975,Other,13-05-2026,Platinum,52192.94,114,1
CUST00516,Divya,Bains,divya.bains80@email.com,9585815215,Mumbai,888992,18-12-1966,Male,16-08-2024,Bronze,3966.68,10,1
CUST00517,Triveni,Parekh,triveni.parekh41@email.com,9508663013,Delhi NCR,245933,25-12-1977,Female,08-04-2026,Silver,6371.53,90,1
CUST00518,Charita,Chanda,charita.chanda16@email.com,9344108563,Pune,931572,10-10-1993,Female,20-04-2026,Bronze,2028.69,16,1
CUST00519,Girish,Mital,girish.mital72@email.com,9708348864,Mumbai,961055,06-02-1990,Other,06-06-2025,Silver,10002.07,18,1
CUST00520,Jai,Karan,jai.karan52@email.com,9804120377,Hyderabad,604805,16-04-1997,Other,29-09-2025,Bronze,916.42,5,1
CUST00521,Mason,Narain,mason.narain78@email.com,9267693763,Hyderabad,206799,23-11-1994,Other,25-09-2024,Bronze,3974.03,9,1
CUST00522,Tristan,Sankaran,tristan.sankaran22@email.com,9404120818,Bangalore,622517,08-06-1999,Male,16-02-2026,Bronze,2889.32,18,1
CUST00523,Chandran,Rastogi,chandran.rastogi86@email.com,9495024577,Hyderabad,168622,10-04-1993,Male,25-09-2025,Bronze,2920.8,1,1
CUST00524,Rudra,Sura,rudra.sura83@email.com,9266784317,Bangalore,938983,13-01-1977,Male,11-09-2024,Bronze,1792.48,15,1
CUST00525,Amaira,Sani,amaira.sani19@email.com,9133289630,Bangalore,911665,01-04-1984,Female,12-12-2024,Gold,21305.07,86,1
CUST00526,Ekani,Padmanabhan,ekani.padmanabhan72@email.com,9979150153,Mumbai,425979,21-06-1970,Other,25-06-2025,Silver,14659.42,80,1
CUST00527,Chaitanya,Kaur,chaitanya.kaur54@email.com,9377628683,Mumbai,521103,22-10-2002,Female,07-07-2026,Bronze,4961.67,18,1
CUST00528,Manbir,Mani,manbir.mani94@email.com,9926478681,Andhra Pradesh,514770,17-02-1983,Male,27-12-2024,Silver,9014.33,70,1
CUST00529,Siddharth,Jani,siddharth.jani93@email.com,9671552877,Mumbai,879206,21-03-2000,Male,21-06-2026,Silver,9319.26,8,0
CUST00530,Caleb,Kumer,caleb.kumer86@email.com,9824538983,Andhra Pradesh,43940,09-03-1992,Female,08-12-2025,Silver,9873.53,30,0
CUST00531,Abhiram,Bhavsar,abhiram.bhavsar37@email.com,9855534448,Mumbai,451046,11-04-1976,Female,09-05-2025,Bronze,2294.04,8,1
CUST00532,Yashoda,Chaudhary,yashoda.chaudhary99@email.com,9651864820,Mumbai,798123,13-08-1994,Female,08-07-2025,Bronze,4044.7,19,1
CUST00533,Anthony,Baral,anthony.baral14@email.com,9726715805,Pune,845762,18-10-1961,Male,13-04-2025,Silver,8145.82,62,1
CUST00534,Indira,Pant,indira.pant69@email.com,9514934623,Hyderabad,384046,21-07-1962,Other,22-09-2025,Silver,10142.16,3,1
CUST00535,Ati,Kar,ati.kar77@email.com,9399436057,Delhi NCR,562168,07-09-2006,Female,05-11-2025,Bronze,3386.5,8,1
CUST00536,Utkarsh,Sahni,utkarsh.sahni45@email.com,9823365733,Bangalore,926495,11-02-1991,Male,12-09-2025,Silver,7079.15,3,1
CUST00537,Karan,Jhaveri,karan.jhaveri64@email.com,9128563371,Chennai,983248,01-10-1969,Other,17-06-2025,Bronze,1961.62,14,0
CUST00538,Maanav,Dugar,maanav.dugar16@email.com,9520263047,Bangalore,188125,13-06-1970,Other,02-02-2026,Gold,30971.46,96,1
CUST00539,Ayushman,Nagar,ayushman.nagar57@email.com,9909875892,Delhi NCR,647423,24-10-1967,Male,28-10-2024,Bronze,2862.86,10,1
CUST00540,Qasim,Bal,qasim.bal41@email.com,9451201491,Andhra Pradesh,999393,05-04-1976,Male,02-01-2026,Gold,16795.16,106,1
CUST00541,Atharv,Parmer,atharv.parmer15@email.com,9851500813,Mumbai,728975,24-01-1973,Other,10-05-2026,Gold,23056.06,135,1
CUST00542,Lila,Swamy,lila.swamy13@email.com,9217301413,Mumbai,223306,27-07-1961,Female,06-07-2026,Bronze,4235.04,10,0
CUST00543,Anamika,Sachar,anamika.sachar98@email.com,9510437354,Bangalore,331279,20-11-1993,Female,03-01-2026,Silver,7588.24,59,1
CUST00544,Ekta,Shankar,ekta.shankar89@email.com,9756240329,Chennai,660965,15-05-1987,Female,04-11-2025,Platinum,39069.45,137,1
CUST00545,Balvan,Verma,balvan.verma90@email.com,9798015353,Delhi NCR,770388,20-06-1987,Male,09-02-2026,Silver,14004.63,71,0
CUST00546,Balveer,Ram,balveer.ram24@email.com,9110699149,Bangalore,347644,10-12-1991,Female,24-11-2024,Gold,31702.32,134,1
CUST00547,Pahal,Menon,pahal.menon15@email.com,9537046371,Bangalore,827718,31-03-1968,Female,04-12-2024,Silver,6401.61,98,0
CUST00548,Krishna,Ramaswamy,krishna.ramaswamy97@email.com,9679513792,Hyderabad,570279,16-04-1974,Male,03-06-2026,Bronze,2048.38,16,1
CUST00549,Suhani,Chana,suhani.chana88@email.com,9593713570,Pune,521117,11-09-2003,Male,25-04-2025,Bronze,4891.47,10,1
CUST00550,Frederick,Viswanathan,frederick.viswanathan60@email.com,9235913669,Bangalore,892686,15-07-1963,Other,06-03-2026,Bronze,1382.09,14,1
CUST00551,Onkar,Nayak,onkar.nayak22@email.com,9864826546,Andhra Pradesh,222064,11-08-1981,Female,05-02-2026,Silver,14556.51,73,1
CUST00552,Sanaya,Mani,sanaya.mani98@email.com,9425449920,Andhra Pradesh,123094,18-05-1961,Male,09-07-2025,Bronze,2776.99,4,0
CUST00553,Widisha,Tara,widisha.tara80@email.com,9422589486,Andhra Pradesh,973397,04-06-1991,Male,01-06-2025,Silver,13913.14,70,1
CUST00554,Riya,Buch,riya.buch98@email.com,9713717991,Mumbai,384983,16-11-1963,Female,08-12-2024,Bronze,2018.89,10,1
CUST00555,Manbir,Bhakta,manbir.bhakta16@email.com,9212258903,Andhra Pradesh,20994,29-01-1983,Female,02-07-2026,Silver,10029.08,104,1
CUST00556,Gagan,Bawa,gagan.bawa21@email.com,9950524891,Mumbai,622499,29-06-1999,Male,21-03-2026,Platinum,45007.41,51,1
CUST00557,Peter,Shah,peter.shah99@email.com,9752368294,Delhi NCR,14556,24-02-1965,Other,27-02-2026,Silver,8486.75,121,1
CUST00558,Prisha,Bhattacharyya,prisha.bhattacharyya32@email.com,9877718594,Pune,721458,14-09-1988,Other,29-08-2025,Bronze,4276.57,20,0
CUST00559,Shaurya,Kadakia,shaurya.kadakia52@email.com,9195991924,Mumbai,198179,03-02-1980,Male,14-06-2025,Bronze,1536.78,17,1
CUST00560,Edhitha,Lad,edhitha.lad12@email.com,9979900775,Mumbai,299787,23-01-1994,Other,06-04-2026,Bronze,2211.94,3,1
CUST00561,Pranit,Kaul,pranit.kaul11@email.com,9586085280,Chennai,301071,28-08-1974,Male,31-03-2026,Bronze,3558.05,6,1
CUST00562,Oeshi,Sachdev,oeshi.sachdev26@email.com,9657414437,Pune,558303,03-07-2007,Male,21-02-2025,Bronze,939.25,16,0
CUST00563,Aachal,Bir,aachal.bir38@email.com,9408193302,Delhi NCR,488501,21-03-2007,Other,02-04-2025,Bronze,3262.17,8,1
CUST00564,Harita,Randhawa,harita.randhawa20@email.com,9605245712,Kolkata,235577,19-12-1962,Other,01-12-2025,Silver,5411.2,100,1
CUST00565,Laban,Subramaniam,laban.subramaniam41@email.com,9635014966,Bangalore,785760,03-01-1996,Other,07-03-2025,Gold,15360.76,35,1
CUST00566,Diya,Wason,diya.wason46@email.com,9841771329,Pune,395512,19-08-1979,Female,02-05-2026,Bronze,3889.75,12,1
CUST00567,Azaan,Nori,azaan.nori56@email.com,9442602957,Bangalore,829962,18-01-2001,Female,16-10-2024,Silver,11120.54,19,0
CUST00568,Darika,Murty,darika.murty44@email.com,9391672298,Mumbai,461735,20-04-1991,Male,23-04-2026,Bronze,2521.24,15,1
CUST00569,Chasmum,Kalita,chasmum.kalita98@email.com,9680821032,Mumbai,215031,30-09-1990,Other,15-08-2025,Gold,18817,97,1
CUST00570,Aryan,Subramanian,aryan.subramanian95@email.com,9281641187,Mumbai,357845,19-04-1970,Female,07-03-2026,Gold,20080.52,139,1
CUST00571,Guneet,Varty,guneet.varty48@email.com,9250952784,Delhi NCR,307681,29-10-1960,Female,16-03-2025,Silver,8920.27,9,1
CUST00572,Chaitanya,Chahal,chaitanya.chahal13@email.com,9788270186,Bangalore,701840,07-11-1999,Female,27-02-2026,Bronze,1896.81,19,1
CUST00573,Devika,Kadakia,devika.kadakia39@email.com,9786736391,Andhra Pradesh,334485,25-07-1990,Female,21-12-2025,Gold,22215.49,87,1
CUST00574,Jacob,Mahajan,jacob.mahajan15@email.com,9644850152,Hyderabad,241098,13-07-1995,Other,05-10-2024,Gold,23207.62,114,1
CUST00575,Samuel,Palla,samuel.palla17@email.com,9170090156,Kolkata,424932,24-05-1965,Female,16-03-2025,Gold,16856.74,6,0
CUST00576,Hamsini,Zachariah,hamsini.zachariah41@email.com,9758528155,Bangalore,20701,26-08-1986,Female,28-08-2024,Silver,6325.34,122,1
CUST00577,Gabriel,Sandhu,gabriel.sandhu87@email.com,9705745835,Delhi NCR,299795,22-10-1981,Female,02-04-2025,Bronze,1585.93,12,1
CUST00578,Rudra,Walla,rudra.walla34@email.com,9182629073,Bangalore,792171,20-07-1991,Other,16-03-2025,Silver,5995.92,125,1
CUST00579,Udyati,Singhal,udyati.singhal62@email.com,9422073945,Andhra Pradesh,329456,09-01-1973,Female,12-01-2026,Bronze,3284.67,1,1
CUST00580,Ganga,Nair,ganga.nair18@email.com,9953030086,Andhra Pradesh,701715,12-02-1993,Male,11-07-2025,Gold,20201.34,65,1
CUST00581,Onkar,Mandal,onkar.mandal62@email.com,9130947317,Andhra Pradesh,992816,30-10-1967,Other,28-03-2025,Silver,13073.53,109,1
CUST00582,Ekavir,Mittal,ekavir.mittal37@email.com,9946238202,Mumbai,696393,01-11-1997,Male,18-11-2024,Bronze,899.78,10,1
CUST00583,Vasatika,Rajagopalan,vasatika.rajagopalan91@email.com,9716491212,Mumbai,539669,01-11-1983,Female,13-09-2025,Silver,14350.62,45,0
CUST00584,Warinder,Ghose,warinder.ghose71@email.com,9201789065,Andhra Pradesh,971997,09-09-1982,Male,22-09-2025,Bronze,1945.61,10,1
CUST00585,Gunbir,Saxena,gunbir.saxena63@email.com,9235542452,Delhi NCR,461919,01-05-1986,Female,29-03-2025,Bronze,2837.52,17,0
CUST00586,Warda,Bhat,warda.bhat60@email.com,9764245199,Andhra Pradesh,329022,16-05-1991,Male,03-09-2025,Silver,7666.91,3,1
CUST00587,Bishakha,Ramakrishnan,bishakha.ramakrishnan73@email.com,9315401738,Pune,335494,17-02-1990,Male,26-01-2026,Bronze,3415.27,12,0
CUST00588,Hemangini,Chakraborty,hemangini.chakraborty82@email.com,9506008474,Pune,986240,03-09-1985,Male,17-06-2026,Bronze,1604.62,15,1
CUST00589,Chatresh,Acharya,chatresh.acharya17@email.com,9810278913,Mumbai,140369,18-05-1987,Other,15-11-2025,Silver,7670.04,18,1
CUST00590,Eesha,Raja,eesha.raja44@email.com,9341965129,Hyderabad,668327,04-01-1970,Female,11-12-2024,Bronze,3933.58,6,1
CUST00591,Leena,Parsa,leena.parsa51@email.com,9711264739,Andhra Pradesh,242201,01-09-2004,Other,30-07-2024,Bronze,1570.3,10,1
CUST00592,Maanas,Sur,maanas.sur47@email.com,9977135396,Andhra Pradesh,212679,07-07-1989,Other,14-11-2025,Bronze,1235.16,1,1
CUST00593,Pranit,Sha,pranit.sha38@email.com,9594649847,Mumbai,876532,14-06-1989,Female,30-10-2025,Gold,20362.93,39,1
CUST00594,Abhimanyu,Tara,abhimanyu.tara31@email.com,9261570641,Bangalore,846895,28-10-1962,Other,16-08-2024,Silver,14489.06,32,1
CUST00595,Vasudha,Pillay,vasudha.pillay42@email.com,9309141897,Andhra Pradesh,971284,09-03-1992,Other,23-08-2025,Bronze,963.56,12,1
CUST00596,Farhan,Virk,farhan.virk50@email.com,9198228492,Delhi NCR,371894,07-04-2002,Other,27-08-2024,Bronze,4164.11,6,1
CUST00597,Hemal,Warrior,hemal.warrior82@email.com,9539968160,Hyderabad,778795,13-03-1989,Female,18-04-2025,Silver,11743.74,97,1
CUST00598,Chaitaly,Mann,chaitaly.mann18@email.com,9309191897,Delhi NCR,94940,16-05-2003,Other,20-07-2025,Silver,6436.59,93,1
CUST00599,Omkaar,Behl,omkaar.behl32@email.com,9903564719,Andhra Pradesh,904712,14-12-1994,Female,15-09-2024,Bronze,2656.61,19,1
CUST00600,Arunima,Krishnan,arunima.krishnan57@email.com,9746132679,Delhi NCR,944401,21-08-2001,Other,30-11-2024,Bronze,526.17,12,1
CUST00601,Matthew,Sekhon,matthew.sekhon19@email.com,9728627768,Bangalore,243728,19-10-1962,Male,10-04-2025,Bronze,3719.52,11,1
CUST00602,Frado,Dhillon,frado.dhillon59@email.com,9984876688,Mumbai,766372,23-11-1974,Other,09-10-2025,Bronze,2686.4,20,1
CUST00603,Hemani,Bhagat,hemani.bhagat50@email.com,9931667245,Kolkata,102767,20-01-1981,Other,22-07-2025,Silver,5031.97,91,1
CUST00604,Vivaan,Raghavan,vivaan.raghavan35@email.com,9939008117,Hyderabad,742860,13-03-1980,Other,08-07-2026,Gold,31022.85,104,1
CUST00605,Saumya,Raja,saumya.raja55@email.com,9250069391,Bangalore,801856,02-02-2002,Other,01-07-2026,Silver,14712.21,134,1
CUST00606,Anjali,Nayak,anjali.nayak41@email.com,9551936424,Hyderabad,414967,02-07-2006,Male,19-02-2026,Silver,7388.83,80,1
CUST00607,Wyatt,Hayer,wyatt.hayer81@email.com,9159209109,Andhra Pradesh,258001,12-05-1961,Other,02-06-2025,Bronze,3876.26,18,1
CUST00608,Guneet,Vohra,guneet.vohra11@email.com,9953433654,Chennai,753443,12-11-1962,Female,05-08-2024,Silver,6119.12,69,1
CUST00609,George,Bhandari,george.bhandari79@email.com,9581626572,Mumbai,911192,17-02-1986,Male,09-12-2025,Platinum,44674.92,147,1
CUST00610,Qasim,Choudhry,qasim.choudhry88@email.com,9762911660,Andhra Pradesh,447174,08-08-1989,Female,06-01-2026,Bronze,1158.42,11,1
CUST00611,Ekiya,Kurian,ekiya.kurian10@email.com,9570534691,Mumbai,140665,19-08-1964,Other,03-02-2025,Gold,17669.01,12,1
CUST00612,Alka,Gokhale,alka.gokhale60@email.com,9224413581,Bangalore,173962,21-06-2004,Female,04-08-2025,Bronze,990.81,19,1
CUST00613,Ikbal,Dhawan,ikbal.dhawan14@email.com,9227055138,Hyderabad,391741,02-12-1962,Female,12-09-2024,Bronze,3835.73,13,1
CUST00614,Ekavir,Krishna,ekavir.krishna34@email.com,9307232453,Mumbai,72006,05-09-1978,Male,12-11-2024,Silver,9104.44,106,1
CUST00615,Forum,Raman,forum.raman78@email.com,9218423694,Bangalore,877661,20-04-1997,Other,09-01-2025,Bronze,808.15,9,1
CUST00616,Aarush,Rajagopalan,aarush.rajagopalan79@email.com,9903923877,Andhra Pradesh,198554,23-10-1987,Other,29-08-2024,Bronze,4326.81,6,1
CUST00617,Gautam,Pau,gautam.pau73@email.com,9969443518,Bangalore,174328,23-03-1963,Other,12-05-2025,Silver,6345.16,33,1
CUST00618,Rayaan,Mistry,rayaan.mistry81@email.com,9234220623,Mumbai,157173,26-01-1970,Other,14-08-2024,Bronze,588.3,15,1
CUST00619,Reyansh,Bakshi,reyansh.bakshi88@email.com,9883759167,Chennai,761847,18-11-1996,Male,26-04-2026,Silver,6306.91,77,1
CUST00620,Shivani,Babu,shivani.babu27@email.com,9887404268,Bangalore,505061,14-12-1974,Female,05-04-2026,Bronze,3759.54,8,0
CUST00621,Tara,Yadav,tara.yadav32@email.com,9116546168,Pune,931027,15-01-2005,Male,01-08-2024,Bronze,3232.17,7,1
CUST00622,Urishilla,Bath,urishilla.bath33@email.com,9913405235,Mumbai,202041,04-08-1991,Male,04-11-2025,Bronze,3429.53,18,1
CUST00623,Onkar,Bhatt,onkar.bhatt29@email.com,9171345654,Delhi NCR,179931,03-05-1974,Male,14-06-2025,Bronze,4166.47,17,1
CUST00624,Geetika,Ratti,geetika.ratti79@email.com,9263331570,Mumbai,198253,26-08-1963,Female,21-10-2025,Gold,30032.75,69,1
CUST00625,Oscar,Nayak,oscar.nayak24@email.com,9776760969,Andhra Pradesh,142625,17-03-1998,Male,23-11-2024,Bronze,4244.31,10,1
CUST00626,Reva,Kohli,reva.kohli30@email.com,9640634292,Chennai,219620,07-09-1993,Female,18-09-2024,Platinum,37116.48,31,1
CUST00627,Abeer,Amble,abeer.amble41@email.com,9684356892,Bangalore,194672,30-07-1974,Female,06-11-2024,Bronze,1183.96,5,1
CUST00628,Anika,Virk,anika.virk86@email.com,9966762533,Kolkata,632909,17-10-1972,Female,26-01-2026,Bronze,2512.84,20,1
CUST00629,Xalak,Chakrabarti,xalak.chakrabarti25@email.com,9234515464,Bangalore,560833,17-07-1968,Male,02-09-2025,Silver,5998.27,133,1
CUST00630,Girish,Pathak,girish.pathak56@email.com,9494412077,Hyderabad,734031,13-09-1970,Male,01-01-2026,Silver,14411.75,18,1
CUST00631,Urvi,Tank,urvi.tank21@email.com,9645936879,Bangalore,200543,15-02-1990,Female,29-01-2025,Silver,12299.98,74,1
CUST00632,Gaurika,Setty,gaurika.setty96@email.com,9419973356,Andhra Pradesh,108220,22-07-1993,Other,21-08-2025,Silver,6214.3,136,0
CUST00633,Jack,Bobal,jack.bobal60@email.com,9665384049,Andhra Pradesh,799563,10-08-2006,Other,15-06-2026,Bronze,946.81,7,1
CUST00634,Eshana,Karpe,eshana.karpe73@email.com,9106198346,Delhi NCR,531363,06-02-1986,Male,10-06-2026,Bronze,688.91,13,1
CUST00635,Thomas,Borah,thomas.borah26@email.com,9197399857,Kolkata,970623,07-01-2002,Female,06-07-2025,Bronze,1165.31,20,1
CUST00636,Pranav,Ram,pranav.ram25@email.com,9107634428,Mumbai,273543,28-05-1983,Other,24-10-2024,Silver,6296.56,67,1
CUST00637,Azad,Bhasin,azad.bhasin25@email.com,9543014962,Mumbai,217762,05-12-1983,Female,04-01-2025,Silver,5951.66,131,1
CUST00638,Chakrika,Dugar,chakrika.dugar71@email.com,9187372603,Delhi NCR,983168,02-11-1993,Other,18-05-2026,Bronze,3883.8,17,1
CUST00639,Tarak,Solanki,tarak.solanki43@email.com,9586671695,Kolkata,406335,05-02-1990,Other,11-10-2025,Silver,13946.55,108,1
CUST00640,Tristan,Dixit,tristan.dixit37@email.com,9194996849,Bangalore,600780,07-07-1989,Other,03-09-2025,Bronze,2693.81,19,1
CUST00641,Meera,Srinivas,meera.srinivas93@email.com,9265362906,Bangalore,773180,19-09-2007,Male,06-02-2026,Silver,6961.3,87,1
CUST00642,Niharika,Kamdar,niharika.kamdar25@email.com,9747873861,Pune,543107,27-01-2006,Female,11-03-2025,Bronze,2788.32,8,1
CUST00643,Neel,Sharaf,neel.sharaf76@email.com,9479482267,Andhra Pradesh,772625,15-03-2003,Male,13-07-2025,Silver,8264.35,148,1
CUST00644,Aarav,Bobal,aarav.bobal11@email.com,9956447867,Chennai,580464,19-01-2008,Male,05-11-2025,Bronze,3137.51,3,1
CUST00645,Sarthak,Buch,sarthak.buch13@email.com,9848803194,Mumbai,85016,04-06-1985,Other,14-07-2025,Bronze,4616.42,12,0
CUST00646,Banjeet,Pau,banjeet.pau32@email.com,9485240585,Chennai,281832,04-05-1983,Female,19-01-2025,Silver,10678.85,128,1
CUST00647,Ishaan,Sridhar,ishaan.sridhar61@email.com,9641634602,Hyderabad,355486,29-05-1979,Female,29-08-2024,Silver,12866.91,58,1
CUST00648,Dev,Pradhan,dev.pradhan13@email.com,9183234940,Chennai,778817,28-09-1996,Female,26-12-2025,Bronze,1844.36,19,0
CUST00649,Brinda,Seth,brinda.seth70@email.com,9177910091,Mumbai,137116,18-09-1972,Female,26-02-2025,Bronze,4912.19,3,1
CUST00650,Faraj,Chopra,faraj.chopra35@email.com,9847134295,Hyderabad,412723,24-12-1995,Male,17-11-2025,Gold,27037.59,143,1
CUST00651,Arin,Memon,arin.memon24@email.com,9958954826,Kolkata,827567,01-06-2004,Other,03-08-2024,Silver,9295.48,88,1
CUST00652,Bishakha,Gulati,bishakha.gulati21@email.com,9323877785,Andhra Pradesh,38569,16-11-1983,Other,09-12-2025,Bronze,956.13,12,1
CUST00653,Eta,Sunder,eta.sunder16@email.com,9241627235,Bangalore,749242,29-03-1978,Female,10-01-2025,Bronze,4676.41,4,1
CUST00654,Veda,Prabhu,veda.prabhu20@email.com,9359540554,Bangalore,25472,24-08-2002,Other,05-07-2026,Platinum,44209.61,123,0
CUST00655,Naveen,Wason,naveen.wason72@email.com,9421686224,Delhi NCR,222231,07-05-1963,Female,20-03-2025,Bronze,1301.93,6,1
CUST00656,Jonathan,Sastry,jonathan.sastry79@email.com,9480517741,Kolkata,523805,12-12-1983,Other,09-11-2024,Silver,5200.71,148,1
CUST00657,Kashish,Sen,kashish.sen54@email.com,9742696920,Bangalore,841067,10-06-1970,Female,08-07-2025,Bronze,4540.87,12,0
CUST00658,Ekaja,Dugal,ekaja.dugal54@email.com,9822893246,Delhi NCR,885474,04-08-1999,Female,17-12-2025,Platinum,55341.45,1,1
CUST00659,Manan,Sathe,manan.sathe50@email.com,9667720555,Chennai,170281,06-07-1981,Other,06-08-2024,Bronze,1064.91,8,0
CUST00660,Neelima,Kannan,neelima.kannan65@email.com,9541920520,Delhi NCR,515093,01-04-2000,Male,30-08-2025,Platinum,70021.26,145,1
CUST00661,Tristan,Mall,tristan.mall61@email.com,9469111913,Andhra Pradesh,18718,22-05-1987,Male,16-12-2024,Bronze,1064.01,16,1
CUST00662,Vritti,Nadkarni,vritti.nadkarni99@email.com,9492647213,Bangalore,562656,01-12-1985,Female,27-07-2024,Gold,15049.39,46,1
CUST00663,Bhavani,Pai,bhavani.pai54@email.com,9607739350,Hyderabad,478137,30-10-1988,Male,03-04-2026,Silver,13000.12,54,1
CUST00664,Saanvi,Mani,saanvi.mani34@email.com,9799397158,Kolkata,662991,28-04-1970,Other,26-12-2024,Silver,14770.12,114,1
CUST00665,Chavvi,Soman,chavvi.soman20@email.com,9656272526,Mumbai,196106,07-01-2004,Male,28-06-2026,Silver,13388.79,56,1
CUST00666,Anjali,Sachdeva,anjali.sachdeva50@email.com,9321263329,Bangalore,879232,11-07-1986,Male,27-02-2025,Bronze,1754.51,18,1
CUST00667,Vritti,Basak,vritti.basak21@email.com,9925311194,Andhra Pradesh,947873,17-05-1962,Female,24-03-2026,Bronze,3804.64,20,0
CUST00668,Aarnav,Dube,aarnav.dube35@email.com,9783163113,Bangalore,471462,07-01-1994,Male,22-06-2026,Bronze,3668.27,11,1
CUST00669,Yash,Balakrishnan,yash.balakrishnan23@email.com,9840665832,Delhi NCR,471959,30-03-1993,Other,30-09-2025,Gold,32442.42,132,1
CUST00670,Rajata,Kuruvilla,rajata.kuruvilla51@email.com,9987306905,Hyderabad,158904,18-08-1971,Male,12-10-2025,Bronze,4376.17,4,1
CUST00671,Dalbir,Dhingra,dalbir.dhingra30@email.com,9838521288,Pune,725204,14-02-1985,Other,08-06-2025,Bronze,3882.3,12,1
CUST00672,Ishani,Bava,ishani.bava85@email.com,9234142873,Bangalore,481832,24-12-1966,Male,26-10-2025,Bronze,4013.74,8,1
CUST00673,Oliver,Naidu,oliver.naidu68@email.com,9394755055,Andhra Pradesh,445189,22-06-1984,Male,18-04-2026,Silver,13285.61,16,0
CUST00674,Maanas,Arya,maanas.arya88@email.com,9907808836,Hyderabad,845765,23-08-1971,Female,05-10-2024,Silver,9782.01,108,1
CUST00675,Tejas,Dubey,tejas.dubey16@email.com,9632272293,Mumbai,389888,02-05-2008,Male,25-02-2026,Bronze,3134.99,16,1
CUST00676,Ishaan,Sahni,ishaan.sahni56@email.com,9216550088,Bangalore,112075,01-10-1981,Other,05-01-2026,Bronze,4870.68,3,1
CUST00677,Janani,Dewan,janani.dewan70@email.com,9920324647,Hyderabad,985240,13-08-1968,Other,06-01-2025,Bronze,3482.85,3,1
CUST00678,Kabir,Dhar,kabir.dhar20@email.com,9687354609,Bangalore,423216,23-07-2007,Female,02-03-2026,Bronze,3925.24,8,1
CUST00679,Isaac,Brahmbhatt,isaac.brahmbhatt69@email.com,9887551762,Chennai,760310,12-06-2005,Male,20-08-2025,Gold,30509,124,0
CUST00680,Daniel,Singh,daniel.singh77@email.com,9662602666,Andhra Pradesh,401401,20-12-1968,Female,02-07-2026,Silver,11694.49,83,1
CUST00681,Samesh,Iyengar,samesh.iyengar17@email.com,9791981146,Hyderabad,501249,20-03-1984,Male,17-04-2025,Bronze,743.08,16,0
CUST00682,Naveen,Tella,naveen.tella34@email.com,9771416026,Chennai,891190,14-07-1996,Female,02-01-2025,Silver,5170.87,1,1
CUST00683,Rehaan,Manda,rehaan.manda62@email.com,9595910035,Bangalore,801387,26-06-1985,Female,11-01-2026,Bronze,2982.66,13,1
CUST00684,Qasim,Sarraf,qasim.sarraf92@email.com,9737781982,Hyderabad,256638,12-01-1976,Male,30-05-2025,Gold,16331.38,109,1
CUST00685,Isaiah,Murthy,isaiah.murthy71@email.com,9445272420,Mumbai,718275,03-07-2008,Other,26-02-2025,Bronze,2453.23,20,1
CUST00686,Banjeet,Butala,banjeet.butala15@email.com,9706655602,Delhi NCR,716479,11-10-1981,Male,02-01-2026,Bronze,1309.77,18,1
CUST00687,Sachi,Kara,sachi.kara13@email.com,9317699094,Bangalore,463175,30-09-1972,Other,27-07-2024,Silver,12235.36,114,1
CUST00688,Vyanjana,Cheema,vyanjana.cheema48@email.com,9535969829,Andhra Pradesh,781126,23-10-1987,Other,08-01-2026,Gold,21556.8,10,1
CUST00689,Harsh,Ganguly,harsh.ganguly45@email.com,9627708174,Andhra Pradesh,535396,25-11-1968,Female,14-01-2025,Bronze,1148.21,12,1
CUST00690,Panini,Tata,panini.tata66@email.com,9792176111,Hyderabad,994657,30-11-2005,Other,29-10-2025,Silver,11082.32,133,1
CUST00691,Nidhi,Sundaram,nidhi.sundaram86@email.com,9169995014,Hyderabad,271147,21-05-1994,Female,13-01-2025,Platinum,70372.86,75,1
CUST00692,Krish,Balan,krish.balan45@email.com,9264153720,Bangalore,17026,09-09-2001,Male,27-12-2025,Silver,5482.09,38,1
CUST00693,Eta,Dua,eta.dua76@email.com,9557758720,Andhra Pradesh,991187,05-04-1992,Female,21-12-2024,Bronze,514.89,15,1
CUST00694,Chaaya,Tank,chaaya.tank81@email.com,9419056382,Andhra Pradesh,848588,01-10-1961,Male,03-03-2026,Silver,8866.97,99,1
CUST00695,Azad,Sani,azad.sani12@email.com,9472700593,Bangalore,675677,30-12-1962,Female,12-08-2024,Gold,29558.8,99,1
CUST00696,Peter,Mitter,peter.mitter67@email.com,9499601176,Hyderabad,762467,28-12-1967,Other,02-10-2025,Bronze,4990.51,11,1
CUST00697,Vritti,Zacharia,vritti.zacharia21@email.com,9653074941,Andhra Pradesh,782806,21-06-1978,Female,06-08-2025,Silver,13538.82,106,1
CUST00698,Krishna,Pandit,krishna.pandit31@email.com,9209353944,Chennai,500902,25-06-1985,Male,14-04-2025,Bronze,3152.64,5,1
CUST00699,Avi,Om,avi.om35@email.com,9956807988,Bangalore,165565,22-05-1964,Male,13-12-2025,Gold,19259.2,7,1
CUST00700,Yash,Kota,yash.kota88@email.com,9725098525,Bangalore,491141,09-07-1983,Other,26-11-2024,Gold,26137.75,101,1
CUST00701,Anmol,Yohannan,anmol.yohannan86@email.com,9914016598,Andhra Pradesh,76986,09-09-1978,Female,02-08-2024,Silver,12164.25,125,1
CUST00702,Upasna,Bains,upasna.bains59@email.com,9906512687,Delhi NCR,696591,12-10-1993,Other,03-10-2024,Gold,29250.01,106,1
CUST00703,Samesh,Nayar,samesh.nayar84@email.com,9982573398,Andhra Pradesh,852945,20-03-1990,Other,21-12-2024,Platinum,38609.31,44,0
CUST00704,Watika,Borra,watika.borra17@email.com,9929051225,Andhra Pradesh,440496,02-12-1975,Other,15-11-2025,Gold,19602.26,127,1
CUST00705,George,Chandran,george.chandran62@email.com,9111821715,Delhi NCR,419876,27-10-1974,Male,13-04-2025,Bronze,4161.78,12,1
CUST00706,Faraj,Mittal,faraj.mittal86@email.com,9112403816,Chennai,685366,24-08-1977,Male,15-11-2025,Gold,25477.31,137,1
CUST00707,Yutika,Setty,yutika.setty55@email.com,9857199101,Kolkata,82973,07-07-2005,Female,18-04-2026,Bronze,3535.37,11,1
CUST00708,Unni,Loyal,unni.loyal26@email.com,9413631258,Mumbai,908357,08-08-1970,Other,20-01-2025,Silver,6061.48,128,1
CUST00709,Matthew,Mital,matthew.mital60@email.com,9784635727,Bangalore,651364,30-01-1980,Other,01-12-2025,Bronze,2012.55,15,0
CUST00710,Naveen,Kunda,naveen.kunda77@email.com,9349941511,Delhi NCR,631230,05-04-1977,Female,29-03-2026,Silver,14049.24,37,1
CUST00711,Dayita,Shetty,dayita.shetty49@email.com,9480176904,Bangalore,866032,08-02-1979,Female,31-10-2024,Silver,13714.55,44,1
CUST00712,Ayush,Kuruvilla,ayush.kuruvilla75@email.com,9676513022,Bangalore,820700,05-04-1966,Female,18-03-2025,Silver,8466.06,140,1
CUST00713,Chanchal,Bhatt,chanchal.bhatt48@email.com,9604728407,Mumbai,516231,27-05-1999,Other,08-02-2026,Platinum,35446.3,1,1
CUST00714,Xiti,Dara,xiti.dara92@email.com,9722492386,Bangalore,713915,15-12-1982,Other,25-04-2026,Silver,8256.4,65,1
CUST00715,Madhavi,Keer,madhavi.keer89@email.com,9503916773,Bangalore,321234,15-06-1990,Other,31-05-2025,Silver,13680.8,111,1
CUST00716,Aachal,Bhalla,aachal.bhalla90@email.com,9553236122,Mumbai,851586,10-11-1992,Other,30-12-2025,Gold,28154.4,134,1
CUST00717,Yatin,Mall,yatin.mall40@email.com,9364443137,Kolkata,575409,01-12-1962,Male,02-05-2026,Silver,5990.18,9,1
CUST00718,Chatura,Khatri,chatura.khatri58@email.com,9390943786,Bangalore,864518,19-08-1976,Other,15-05-2026,Bronze,3216.36,13,1
CUST00719,Saanvi,Rama,saanvi.rama93@email.com,9299456617,Delhi NCR,644134,12-11-1974,Female,16-05-2026,Silver,14790.31,74,1
CUST00720,Naveen,Sarna,naveen.sarna17@email.com,9184253113,Mumbai,604177,25-08-1988,Female,07-07-2026,Silver,8305.33,149,1
CUST00721,Gaurangi,Sami,gaurangi.sami24@email.com,9274078301,Chennai,248156,09-07-2001,Male,04-02-2026,Silver,7305.37,33,0
CUST00722,Eta,Setty,eta.setty70@email.com,9974459298,Hyderabad,27206,28-02-1974,Other,18-11-2025,Gold,19944.52,9,1
CUST00723,Dalaja,Murthy,dalaja.murthy77@email.com,9227311944,Chennai,123829,19-03-2007,Female,01-06-2025,Silver,12844.17,54,1
CUST00724,Ekaja,Seth,ekaja.seth34@email.com,9102049595,Bangalore,242954,24-01-1974,Female,21-09-2024,Bronze,2487.69,13,0
CUST00725,Oeshi,Pillai,oeshi.pillai72@email.com,9475796327,Hyderabad,669300,22-07-1998,Other,02-12-2025,Silver,9823.1,14,1
CUST00726,Veer,Chakraborty,veer.chakraborty23@email.com,9749065973,Delhi NCR,342069,25-09-1989,Other,27-10-2025,Bronze,2137.55,20,1
CUST00727,Abha,Dixit,abha.dixit77@email.com,9141972062,Kolkata,529108,27-02-1990,Female,10-03-2026,Bronze,2383.06,13,0
CUST00728,Sudiksha,Talwar,sudiksha.talwar49@email.com,9611664776,Andhra Pradesh,333447,19-07-1986,Other,27-10-2024,Silver,7172.05,123,1
CUST00729,Raagini,Jhaveri,raagini.jhaveri87@email.com,9506593866,Hyderabad,436262,04-07-1962,Other,28-02-2025,Silver,11547.92,137,1
CUST00730,Adweta,Keer,adweta.keer73@email.com,9155699430,Bangalore,359710,15-06-1992,Female,29-10-2024,Bronze,4471.74,12,0
CUST00731,Ekiya,Rao,ekiya.rao37@email.com,9477048156,Hyderabad,669411,14-06-1998,Male,01-09-2024,Bronze,2243.46,14,1
CUST00732,Charles,Natarajan,charles.natarajan66@email.com,9938952033,Hyderabad,759900,22-10-1977,Female,13-08-2025,Silver,8640.62,46,1
CUST00733,Lakshmi,Mittal,lakshmi.mittal14@email.com,9245905643,Mumbai,528092,05-04-1978,Other,26-11-2024,Bronze,2015.13,6,1
CUST00734,Yahvi,Tailor,yahvi.tailor60@email.com,9766659826,Kolkata,721586,13-03-1970,Other,05-02-2025,Silver,10450.78,47,1
CUST00735,Jackson,Munshi,jackson.munshi72@email.com,9494769151,Delhi NCR,274564,17-06-1978,Other,06-11-2025,Bronze,1304.78,20,1
CUST00736,Aishani,Varughese,aishani.varughese90@email.com,9885289813,Bangalore,625728,14-04-2005,Female,24-11-2025,Silver,7543.13,15,1
CUST00737,Ria,Bera,ria.bera85@email.com,9694369893,Andhra Pradesh,203207,03-04-1978,Other,22-11-2024,Silver,11921.72,47,0
CUST00738,Unni,Sarin,unni.sarin52@email.com,9884396760,Mumbai,707587,12-09-1991,Female,04-08-2025,Gold,31095.47,3,1
CUST00739,Isaiah,Divan,isaiah.divan97@email.com,9127824013,Mumbai,513422,02-03-1995,Male,17-04-2026,Bronze,2688.44,15,1
CUST00740,Anjali,Kala,anjali.kala95@email.com,9212558909,Hyderabad,892613,11-06-1994,Female,25-12-2025,Bronze,3675.21,8,1
CUST00741,Girindra,Narasimhan,girindra.narasimhan30@email.com,9611046320,Pune,416591,25-07-1982,Female,14-11-2024,Bronze,1753.39,3,0
CUST00742,Ayush,Bumb,ayush.bumb48@email.com,9385279857,Hyderabad,774905,13-07-1963,Male,09-12-2025,Bronze,4711.09,6,1
CUST00743,Sneha,Nair,sneha.nair74@email.com,9672211085,Delhi NCR,304501,12-10-1997,Female,28-10-2025,Bronze,4672.61,7,1
CUST00744,Lakshmi,Chanda,lakshmi.chanda71@email.com,9954282188,Hyderabad,423610,19-09-1974,Female,21-11-2024,Silver,5099.63,118,1
CUST00745,Lipika,Rau,lipika.rau68@email.com,9918159781,Mumbai,214764,27-02-2007,Other,29-10-2025,Bronze,4841.78,18,1
CUST00746,Karan,Parmer,karan.parmer41@email.com,9323607075,Kolkata,583776,19-12-1992,Male,11-02-2025,Bronze,3045.63,16,1
CUST00747,Pallavi,Chana,pallavi.chana61@email.com,9737390832,Mumbai,592661,20-04-1963,Other,20-08-2025,Gold,18036.98,33,1
CUST00748,Harita,Sheth,harita.sheth56@email.com,9631064781,Hyderabad,278814,29-05-1992,Other,22-06-2025,Bronze,2966.89,10,1
CUST00749,Fariq,Sridhar,fariq.sridhar16@email.com,9128875887,Kolkata,224386,27-08-1980,Male,02-10-2025,Bronze,888.18,3,0
CUST00750,Champak,Bose,champak.bose93@email.com,9735728963,Bangalore,818661,02-03-1992,Female,13-12-2025,Bronze,4307.31,13,1
CUST00751,Zehaan,Pant,zehaan.pant13@email.com,9142777092,Chennai,918017,06-10-1972,Other,20-03-2026,Bronze,4654.93,17,1
CUST00752,Qabil,Ramaswamy,qabil.ramaswamy21@email.com,9344926882,Hyderabad,164597,27-02-2006,Female,02-07-2025,Silver,9264.15,65,1
CUST00753,Alka,Om,alka.om77@email.com,9850767941,Andhra Pradesh,321941,25-01-1990,Male,06-09-2025,Bronze,4221.63,18,1
CUST00754,Andrew,Ahluwalia,andrew.ahluwalia65@email.com,9255471035,Delhi NCR,102776,21-04-2005,Female,16-02-2026,Silver,11196.49,48,1
CUST00755,Vidhi,Mitter,vidhi.mitter10@email.com,9239546959,Kolkata,641220,13-07-1973,Male,12-10-2024,Bronze,3189.46,9,1
CUST00756,Amol,Guha,amol.guha70@email.com,9887817491,Mumbai,372368,16-07-1973,Female,22-09-2024,Bronze,3332.91,3,1
CUST00757,Charvi,Sheth,charvi.sheth34@email.com,9877956339,Delhi NCR,760122,11-05-2008,Other,28-06-2025,Bronze,2072.34,13,0
CUST00758,Vedhika,Sinha,vedhika.sinha42@email.com,9847026246,Hyderabad,793349,16-03-1987,Other,26-08-2024,Silver,5986.8,126,1
CUST00759,Gauri,Anand,gauri.anand51@email.com,9176206955,Mumbai,667998,02-05-1980,Male,15-08-2024,Bronze,3021.92,20,1
CUST00760,Vinaya,Ratta,vinaya.ratta93@email.com,9949680449,Andhra Pradesh,899730,01-07-1996,Other,01-08-2024,Silver,6450.71,74,1
CUST00761,Pahal,Mutti,pahal.mutti31@email.com,9316374935,Andhra Pradesh,467179,08-07-2004,Other,13-04-2025,Silver,9455.61,65,1
CUST00762,Saumya,Sarin,saumya.sarin20@email.com,9168315479,Bangalore,243757,04-05-1976,Other,16-08-2025,Bronze,3772.27,14,1
CUST00763,Theodore,Nori,theodore.nori93@email.com,9253319052,Delhi NCR,246657,29-07-1971,Other,12-11-2025,Platinum,74434.14,43,0
CUST00764,Sarthak,Mandal,sarthak.mandal61@email.com,9309175505,Mumbai,722329,15-01-1994,Female,04-10-2024,Bronze,3110.25,7,1
CUST00765,Ojasvi,Tak,ojasvi.tak10@email.com,9218029283,Delhi NCR,338005,18-04-1978,Male,21-04-2025,Bronze,4736.67,2,1
CUST00766,Nathan,Ghosh,nathan.ghosh92@email.com,9821054333,Kolkata,156193,04-10-1968,Female,27-09-2025,Bronze,3167.8,13,0
CUST00767,Udarsh,Sur,udarsh.sur20@email.com,9723453922,Mumbai,550842,06-07-2007,Male,27-05-2026,Silver,14096.25,61,1
CUST00768,Yutika,Chawla,yutika.chawla41@email.com,9401570359,Andhra Pradesh,771199,24-06-1967,Other,18-04-2026,Bronze,1403.54,17,1
CUST00769,Benjamin,Tripathi,benjamin.tripathi21@email.com,9973173808,Bangalore,213524,04-08-1990,Male,01-03-2026,Bronze,2896.97,8,1
CUST00770,Yashawini,Tara,yashawini.tara62@email.com,9874548289,Mumbai,255213,06-06-1990,Male,05-06-2025,Silver,8095.98,83,0
CUST00771,Abeer,Korpal,abeer.korpal45@email.com,9843242172,Hyderabad,548214,21-11-1985,Other,24-01-2026,Gold,18689.64,43,1
CUST00772,Oeshi,Patel,oeshi.patel73@email.com,9923551047,Andhra Pradesh,286326,05-09-1988,Other,01-07-2026,Bronze,4498.61,15,1
CUST00773,Nimrat,Shanker,nimrat.shanker35@email.com,9558273643,Bangalore,72081,26-04-1966,Other,06-04-2025,Silver,13148.07,15,1
CUST00774,Divya,Ratti,divya.ratti88@email.com,9789038057,Mumbai,606029,24-06-1964,Male,20-11-2025,Bronze,1932.1,6,1
CUST00775,Zinal,Merchant,zinal.merchant99@email.com,9928908284,Delhi NCR,684550,02-08-1979,Female,17-06-2026,Silver,6584.89,105,1
CUST00776,Manan,Raval,manan.raval87@email.com,9316626553,Mumbai,389975,10-09-2004,Other,28-05-2025,Bronze,1160.61,1,1
CUST00777,Rudra,Mitra,rudra.mitra61@email.com,9269921682,Bangalore,85628,07-05-1997,Female,23-02-2025,Silver,7703.89,89,1
CUST00778,Tanay,Chander,tanay.chander53@email.com,9282867794,Mumbai,852008,12-11-2000,Male,03-02-2025,Bronze,2502.69,3,1
CUST00779,Wyatt,Modi,wyatt.modi74@email.com,9750751741,Chennai,810548,01-09-1984,Other,22-10-2024,Silver,14681.01,38,1
CUST00780,Champak,Dash,champak.dash26@email.com,9575565805,Hyderabad,490753,15-02-2000,Male,30-09-2025,Bronze,3885.74,20,0
CUST00781,Vivaan,Palla,vivaan.palla96@email.com,9222311534,Bangalore,492683,16-09-1967,Male,29-03-2025,Bronze,664.29,2,1
CUST00782,Zaitra,Hans,zaitra.hans50@email.com,9210637660,Pune,712661,28-10-1966,Other,04-09-2024,Bronze,763.9,18,0
CUST00783,Pavani,De,pavani.de95@email.com,9439195778,Delhi NCR,371586,29-07-2000,Other,25-09-2025,Gold,32776.9,44,1
CUST00784,Zilmil,Rana,zilmil.rana92@email.com,9865109879,Delhi NCR,976776,18-08-1971,Female,07-11-2024,Gold,31140.31,66,1
CUST00785,Yashasvi,Datta,yashasvi.datta18@email.com,9264128003,Bangalore,728813,16-07-1991,Male,20-07-2025,Silver,10404.29,65,1
CUST00786,Bachittar,Dugar,bachittar.dugar21@email.com,9641694512,Bangalore,196115,16-06-1999,Female,27-02-2025,Bronze,908.54,1,1
CUST00787,Banjeet,Virk,banjeet.virk90@email.com,9720692718,Mumbai,154544,12-08-1993,Other,08-08-2024,Silver,5492.39,132,1
CUST00788,Luke,Dhar,luke.dhar47@email.com,9998001368,Hyderabad,44327,08-09-1960,Other,21-10-2024,Bronze,2289.51,8,1
CUST00789,Ikshita,Bir,ikshita.bir98@email.com,9325578444,Andhra Pradesh,679497,15-07-1983,Other,16-03-2026,Silver,11083.52,23,0
CUST00790,Krishna,Soman,krishna.soman81@email.com,9782530555,Bangalore,287772,05-09-1982,Female,25-09-2024,Bronze,2033.59,1,1
CUST00791,Nimrat,Ram,nimrat.ram40@email.com,9974082304,Mumbai,658074,02-07-2004,Female,24-09-2024,Silver,14290.41,12,1
CUST00792,Noah,Bakshi,noah.bakshi45@email.com,9815220914,Andhra Pradesh,818139,02-06-1997,Female,09-10-2025,Bronze,3639.29,18,1
CUST00793,Chatresh,Vig,chatresh.vig39@email.com,9652302491,Mumbai,780182,02-11-1961,Female,16-02-2025,Bronze,3973.5,16,1
CUST00794,Samesh,Korpal,samesh.korpal92@email.com,9497724262,Andhra Pradesh,189569,11-08-1963,Other,03-08-2025,Bronze,4430.28,15,1
CUST00795,Arin,Oak,arin.oak63@email.com,9582120591,Bangalore,260856,18-01-1978,Female,26-09-2024,Gold,31546.86,77,1
CUST00796,Ishwar,Chaudhary,ishwar.chaudhary29@email.com,9151381549,Delhi NCR,422412,04-06-1981,Male,30-05-2025,Silver,14121.18,18,1
CUST00797,Omkaar,Bhargava,omkaar.bhargava38@email.com,9108391773,Andhra Pradesh,200461,29-04-1982,Female,05-11-2024,Bronze,3112.29,11,0
CUST00798,Nitara,Naik,nitara.naik30@email.com,9820570954,Bangalore,610339,04-06-2000,Male,17-01-2025,Bronze,2717.45,7,1
CUST00799,Waida,Trivedi,waida.trivedi15@email.com,9539290712,Hyderabad,140578,31-03-1988,Female,06-09-2024,Bronze,3757.87,11,1
CUST00800,Veda,Balakrishnan,veda.balakrishnan70@email.com,9494281077,Hyderabad,304891,23-04-1977,Other,02-03-2026,Bronze,834.52,13,1
CUST00801,Jeremiah,Modi,jeremiah.modi42@email.com,9541341155,Mumbai,718325,28-04-1997,Female,25-11-2024,Silver,7989.04,93,1
CUST00802,Yatan,Yogi,yatan.yogi32@email.com,9687743139,Mumbai,870079,25-03-1980,Male,07-12-2025,Silver,7628.64,14,1
CUST00803,Oliver,Acharya,oliver.acharya43@email.com,9169776381,Andhra Pradesh,749465,27-07-2003,Male,30-12-2024,Silver,14634.41,140,1
CUST00804,Yashvi,Manda,yashvi.manda45@email.com,9612963791,Pune,289141,13-06-1987,Female,11-01-2026,Bronze,4500.69,1,1
CUST00805,Jason,Dey,jason.dey77@email.com,9851580455,Hyderabad,639855,09-10-2003,Female,06-02-2025,Silver,12591.4,30,1
CUST00806,Sneha,Mahajan,sneha.mahajan69@email.com,9871506839,Mumbai,553795,17-08-1961,Other,27-06-2026,Gold,16254,148,1
CUST00807,Kiaan,Agate,kiaan.agate39@email.com,9691939927,Mumbai,2687,11-04-1987,Other,08-09-2025,Bronze,2292.72,20,0
CUST00808,Finn,Brahmbhatt,finn.brahmbhatt66@email.com,9770452216,Delhi NCR,715695,12-11-1986,Male,02-12-2024,Silver,11612.36,79,1
CUST00809,Abhiram,Dash,abhiram.dash87@email.com,9618430745,Bangalore,537030,05-09-1979,Other,28-12-2025,Silver,9518.19,40,1
CUST00810,Ishita,Handa,ishita.handa47@email.com,9459813520,Andhra Pradesh,943375,19-01-1963,Male,21-02-2025,Bronze,2298.32,8,1
CUST00811,Waida,Kadakia,waida.kadakia24@email.com,9123643202,Hyderabad,361498,01-03-1994,Female,27-11-2024,Silver,10547.46,3,1
CUST00812,Rishi,Gill,rishi.gill22@email.com,9452854415,Chennai,921249,23-01-1976,Female,02-06-2026,Platinum,65230.62,15,1
CUST00813,Anusha,Handa,anusha.handa63@email.com,9693527529,Andhra Pradesh,894870,11-08-1989,Other,27-11-2025,Gold,23789.12,73,1
CUST00814,Charles,Naidu,charles.naidu14@email.com,9312293538,Mumbai,641877,22-02-1985,Other,23-08-2025,Bronze,4753.35,7,0
CUST00815,Caleb,Kapur,caleb.kapur54@email.com,9533482462,Bangalore,468750,19-03-1987,Male,16-12-2024,Silver,6401.16,72,1
CUST00816,Gaurika,Bumb,gaurika.bumb77@email.com,9870197747,Andhra Pradesh,361332,13-12-1982,Female,16-03-2025,Platinum,69134.99,29,1
CUST00817,Dev,Chatterjee,dev.chatterjee31@email.com,9608529087,Pune,760954,14-05-1977,Male,09-10-2024,Bronze,2255.39,10,1
CUST00818,Urvashi,Khare,urvashi.khare75@email.com,9194257618,Hyderabad,58319,16-09-2002,Female,23-06-2025,Bronze,4473.56,9,1
CUST00819,Girish,Sekhon,girish.sekhon91@email.com,9155846187,Andhra Pradesh,100651,23-03-1969,Female,04-09-2024,Bronze,3118.95,9,1
CUST00820,Riya,Bhakta,riya.bhakta78@email.com,9402441488,Andhra Pradesh,961108,06-02-1964,Other,04-03-2025,Bronze,4112.67,10,1
CUST00821,Lakshmi,Ratti,lakshmi.ratti92@email.com,9765379993,Mumbai,963990,27-05-1991,Male,12-05-2025,Silver,12941.82,36,1
CUST00822,Ucchal,Sangha,ucchal.sangha49@email.com,9217328574,Mumbai,507859,24-08-1973,Other,09-10-2024,Bronze,2687.82,18,1
CUST00823,Harshil,Arora,harshil.arora26@email.com,9237166913,Bangalore,939284,24-09-1984,Female,10-06-2025,Bronze,3215.76,15,1
CUST00824,Vasana,Saxena,vasana.saxena90@email.com,9422570319,Bangalore,320024,28-04-2000,Male,21-06-2025,Bronze,4048.06,17,1
CUST00825,Yochana,Parmar,yochana.parmar15@email.com,9219468072,Bangalore,982274,08-08-2001,Female,10-04-2025,Gold,32172.1,99,1
CUST00826,Bishakha,Pillay,bishakha.pillay60@email.com,9193287796,Hyderabad,892038,14-08-1998,Other,15-05-2026,Silver,11685.44,42,1
CUST00827,Chatura,Sami,chatura.sami54@email.com,9523283305,Delhi NCR,333153,29-12-2005,Female,22-07-2025,Bronze,862.48,2,1
CUST00828,Unni,Narula,unni.narula56@email.com,9383418082,Mumbai,946521,18-06-1991,Male,29-05-2026,Bronze,2477.04,9,1
CUST00829,Brijesh,Tandon,brijesh.tandon72@email.com,9352487540,Bangalore,33793,23-10-1976,Male,26-07-2025,Silver,9825.85,124,0
CUST00830,Garima,Prashad,garima.prashad77@email.com,9617576173,Mumbai,620501,25-11-1984,Other,10-08-2024,Platinum,69040.13,103,1
CUST00831,Ishwar,Dhar,ishwar.dhar87@email.com,9765041953,Hyderabad,739500,05-02-1974,Male,18-12-2024,Silver,9527.33,36,1
CUST00832,Bhanumati,Ghosh,bhanumati.ghosh75@email.com,9825080972,Bangalore,425832,19-11-1973,Other,03-08-2024,Gold,25634.61,64,1
CUST00833,Patrick,Lala,patrick.lala62@email.com,9475537194,Mumbai,26153,22-04-1981,Other,07-07-2025,Silver,6779.6,138,1
CUST00834,Wriddhish,Pingle,wriddhish.pingle33@email.com,9317400131,Hyderabad,289611,17-05-1970,Male,03-06-2026,Gold,25406.41,44,1
CUST00835,Kalpit,Gupta,kalpit.gupta58@email.com,9289667859,Pune,865596,02-11-2003,Female,23-01-2025,Silver,14485.57,46,1
CUST00836,Chakradhar,Gulati,chakradhar.gulati78@email.com,9621848918,Kolkata,253042,19-02-1995,Female,14-10-2025,Bronze,2842.39,8,1
CUST00837,Vrinda,Kadakia,vrinda.kadakia20@email.com,9567595641,Bangalore,791286,11-06-2004,Male,21-02-2026,Silver,7617.37,52,1
CUST00838,Yashodhara,Prasad,yashodhara.prasad81@email.com,9746534295,Hyderabad,872558,23-10-2007,Male,28-07-2025,Bronze,2540.97,1,1
CUST00839,Warda,Som,warda.som87@email.com,9132808566,Andhra Pradesh,969033,12-05-1974,Female,04-07-2025,Silver,10158.58,119,1
CUST00840,Wahab,Randhawa,wahab.randhawa96@email.com,9119441658,Bangalore,466925,13-11-1977,Female,18-09-2025,Silver,7367.75,32,1
CUST00841,Frado,Desai,frado.desai45@email.com,9148352440,Bangalore,478539,07-05-1963,Female,14-07-2025,Silver,7252.05,68,1
CUST00842,Yauvani,Nayar,yauvani.nayar40@email.com,9231006902,Andhra Pradesh,776657,13-02-1982,Male,15-02-2025,Bronze,2267.54,1,1
CUST00843,Lavanya,Bakshi,lavanya.bakshi17@email.com,9875298330,Chennai,734151,03-08-1980,Male,03-05-2026,Gold,19198.39,31,1
CUST00844,Yachana,Varghese,yachana.varghese93@email.com,9674191237,Bangalore,431115,25-02-1963,Female,15-09-2025,Silver,6137.59,56,1
CUST00845,Sai,Nath,sai.nath10@email.com,9167422512,Chennai,544439,05-12-1969,Other,13-05-2026,Bronze,3653.99,9,1
CUST00846,Advika,Anand,advika.anand12@email.com,9365510744,Mumbai,456690,31-08-1992,Male,08-12-2025,Silver,5713.89,90,1
CUST00847,Yauvani,Dixit,yauvani.dixit12@email.com,9457266905,Mumbai,333738,29-06-2000,Female,20-03-2026,Bronze,3098.1,1,1
CUST00848,Upadhriti,Shenoy,upadhriti.shenoy22@email.com,9185176199,Andhra Pradesh,153663,26-05-1990,Female,02-07-2025,Bronze,2246.09,4,1
CUST00849,Ayushman,Prasad,ayushman.prasad90@email.com,9830691579,Delhi NCR,924075,03-09-1983,Male,09-01-2025,Bronze,3691.85,2,1
CUST00850,Oni,Sandal,oni.sandal46@email.com,9736286268,Hyderabad,845909,27-09-1962,Male,04-07-2026,Silver,13481.74,78,1
CUST00851,Liam,Dube,liam.dube23@email.com,9162368894,Hyderabad,999966,11-06-1974,Other,17-05-2025,Gold,27010.98,121,0
CUST00852,Devansh,Warrior,devansh.warrior82@email.com,9330097666,Hyderabad,371597,12-01-2004,Male,12-06-2026,Bronze,4783.08,8,1
CUST00853,Daksha,Chander,daksha.chander58@email.com,9124492543,Andhra Pradesh,182097,17-05-1962,Female,10-12-2024,Bronze,929.16,19,1
CUST00854,Rushil,Boase,rushil.boase33@email.com,9607537426,Andhra Pradesh,433481,27-06-1991,Female,31-08-2024,Gold,23607.8,90,1
CUST00855,Jyoti,Vasa,jyoti.vasa63@email.com,9498121279,Andhra Pradesh,256621,02-05-1969,Male,07-09-2025,Bronze,1294.56,7,1
CUST00856,Omya,Sridhar,omya.sridhar12@email.com,9782555565,Mumbai,632346,14-10-2005,Male,21-07-2025,Platinum,43852.1,17,1
CUST00857,Nathan,Mukherjee,nathan.mukherjee27@email.com,9540399063,Bangalore,874302,17-11-1990,Other,05-09-2024,Bronze,3907.79,18,1
CUST00858,Mohini,Koshy,mohini.koshy45@email.com,9281660158,Hyderabad,977790,30-09-1966,Male,26-02-2025,Bronze,4928.7,9,0
CUST00859,Tanmayi,Palan,tanmayi.palan42@email.com,9364264791,Bangalore,692632,01-08-2002,Male,07-02-2026,Silver,8379.46,134,1
CUST00860,Rachana,Shankar,rachana.shankar51@email.com,9346496146,Mumbai,291603,18-04-1971,Other,15-02-2025,Bronze,1767.44,8,0
CUST00861,Bishakha,Bhavsar,bishakha.bhavsar20@email.com,9670705338,Bangalore,768151,16-09-1967,Male,13-08-2025,Silver,11293.03,91,1
CUST00862,Eshana,Rout,eshana.rout13@email.com,9992683614,Andhra Pradesh,243807,14-05-1962,Other,12-09-2024,Gold,17034.45,55,1
CUST00863,Triya,Raj,triya.raj72@email.com,9592812070,Bangalore,636004,08-05-1968,Male,19-01-2026,Bronze,1322.93,16,1
CUST00864,Laban,Narain,laban.narain62@email.com,9335212935,Andhra Pradesh,771183,02-05-1990,Other,03-11-2024,Gold,26409.28,10,1
CUST00865,Urishilla,Mallick,urishilla.mallick31@email.com,9567096111,Hyderabad,209124,29-12-1968,Male,06-09-2025,Silver,10075.67,56,0
CUST00866,Mahika,Ganguly,mahika.ganguly75@email.com,9293350134,Delhi NCR,42752,17-04-1975,Other,23-01-2026,Gold,25671.32,15,1
CUST00867,Bakhshi,Walia,bakhshi.walia26@email.com,9609644811,Hyderabad,708164,05-10-1990,Male,27-08-2024,Bronze,3512.79,5,0
CUST00868,Aayush,Bava,aayush.bava26@email.com,9717946664,Andhra Pradesh,335331,21-08-1961,Female,10-06-2025,Silver,14960.3,53,1
CUST00869,Ayaan,Atwal,ayaan.atwal57@email.com,9503094323,Mumbai,313122,17-07-1963,Other,05-06-2025,Silver,10449.91,74,1
CUST00870,Yauvani,Chokshi,yauvani.chokshi55@email.com,9405560361,Delhi NCR,583938,07-06-1987,Female,17-07-2026,Silver,7465.96,115,1
CUST00871,Priya,Dara,priya.dara98@email.com,9335407553,Kolkata,315520,30-11-1987,Other,07-12-2025,Silver,14202.6,98,1
CUST00872,Diya,Arora,diya.arora90@email.com,9427475181,Mumbai,373149,28-08-1985,Male,21-08-2024,Silver,14250.81,136,1
CUST00873,Ekalinga,Kamdar,ekalinga.kamdar28@email.com,9865777070,Bangalore,497189,19-03-1972,Female,29-01-2025,Silver,12118.02,104,1
CUST00874,Girish,Nair,girish.nair41@email.com,9117545009,Kolkata,252571,09-05-1983,Male,31-07-2024,Silver,14536.08,87,1
CUST00875,Saumya,Raja,saumya.raja15@email.com,9672617190,Chennai,890309,27-12-1968,Other,14-03-2025,Bronze,1023.88,6,1
CUST00876,Warjas,Sangha,warjas.sangha66@email.com,9431744456,Delhi NCR,910257,24-09-1980,Other,21-12-2024,Gold,19401.17,105,1
CUST00877,Max,Prashad,max.prashad63@email.com,9990505399,Mumbai,39752,22-06-1979,Male,21-03-2025,Bronze,3579.65,2,1
CUST00878,Balveer,Verma,balveer.verma28@email.com,9370886653,Hyderabad,403553,21-07-1974,Male,09-09-2025,Bronze,2935.54,8,1
CUST00879,Chatura,Kothari,chatura.kothari51@email.com,9583801738,Hyderabad,968527,28-05-2003,Female,22-07-2024,Bronze,1179.02,4,1
CUST00880,Dhruv,Swamy,dhruv.swamy57@email.com,9721601244,Delhi NCR,302321,13-05-1972,Other,21-10-2025,Bronze,3573.22,7,1
CUST00881,Samarth,Keer,samarth.keer43@email.com,9873709185,Kolkata,674233,26-05-1989,Female,02-12-2024,Bronze,4424.1,2,1
CUST00882,Yuvraj,Mitter,yuvraj.mitter66@email.com,9613760961,Delhi NCR,973471,06-01-1985,Other,23-05-2025,Silver,10851.83,27,1
CUST00883,Krishna,Ganesh,krishna.ganesh58@email.com,9681412835,Bangalore,768962,07-05-1993,Female,02-08-2024,Bronze,4444.05,3,0
CUST00884,Lakshmi,Sane,lakshmi.sane61@email.com,9360088249,Bangalore,498282,21-01-1978,Other,09-05-2025,Gold,17648.02,76,1
CUST00885,Ubika,Mohan,ubika.mohan88@email.com,9342657222,Delhi NCR,468971,23-03-1983,Male,01-11-2024,Gold,18424.03,69,1
CUST00886,Upasna,Hayre,upasna.hayre56@email.com,9509027482,Chennai,300857,29-01-1988,Other,07-07-2026,Bronze,4468.36,12,1
CUST00887,Ojasvi,Rana,ojasvi.rana77@email.com,9913163850,Andhra Pradesh,674916,11-03-1963,Other,03-07-2026,Gold,19445,45,0
CUST00888,Jeet,Rajan,jeet.rajan44@email.com,9267287963,Bangalore,364587,04-10-2003,Male,03-01-2026,Silver,13049.78,68,1
CUST00889,Jyoti,Bhardwaj,jyoti.bhardwaj78@email.com,9225081735,Andhra Pradesh,633705,26-06-2003,Male,17-01-2026,Silver,8197.44,123,1
CUST00890,Ayaan,Divan,ayaan.divan55@email.com,9312841986,Chennai,972439,26-11-1999,Other,14-12-2025,Gold,29935.47,19,1
CUST00891,Neel,Arora,neel.arora91@email.com,9277425095,Bangalore,166918,25-05-1973,Male,29-05-2026,Silver,8358.3,31,1
CUST00892,Pallavi,Gandhi,pallavi.gandhi66@email.com,9946639870,Pune,448869,03-07-1981,Male,08-02-2026,Silver,9313.41,107,1
CUST00893,Nisha,Chakraborty,nisha.chakraborty12@email.com,9231967429,Mumbai,952436,11-02-2008,Other,14-03-2025,Silver,11168.34,133,1
CUST00894,Abeer,Ganguly,abeer.ganguly18@email.com,9337823230,Delhi NCR,11686,01-02-2005,Other,26-02-2025,Bronze,1325.69,8,1
CUST00895,Raagini,Garde,raagini.garde12@email.com,9713743433,Andhra Pradesh,522372,01-10-1994,Other,11-10-2024,Bronze,889.77,3,1
CUST00896,Shravya,Kala,shravya.kala97@email.com,9138760443,Delhi NCR,302346,16-07-1990,Female,16-11-2025,Silver,13611.36,24,1
CUST00897,Ikbal,Ganesan,ikbal.ganesan83@email.com,9523315568,Bangalore,416141,31-10-1983,Female,10-08-2024,Bronze,3835.88,6,1
CUST00898,Wahab,Sridhar,wahab.sridhar92@email.com,9108608791,Hyderabad,100409,25-05-1963,Other,01-10-2024,Bronze,3133.06,7,1
CUST00899,Siddharth,Vig,siddharth.vig80@email.com,9220693317,Mumbai,698477,25-06-1983,Male,30-10-2025,Bronze,1068.35,7,1
CUST00900,Pushti,Nayar,pushti.nayar75@email.com,9569580589,Mumbai,553566,10-02-2002,Male,31-08-2024,Bronze,3604.03,10,1
CUST00901,Ishani,Narayanan,ishani.narayanan81@email.com,9321239471,Andhra Pradesh,76209,28-11-1968,Male,23-05-2026,Bronze,3654.95,4,0
CUST00902,Ati,Kothari,ati.kothari99@email.com,9864764825,Hyderabad,797863,04-10-1960,Female,25-11-2025,Gold,34020.44,97,1
CUST00903,Ekanta,Badal,ekanta.badal43@email.com,9889778288,Bangalore,57397,12-10-1987,Female,12-02-2026,Bronze,557.85,5,1
CUST00904,Finn,Pall,finn.pall76@email.com,9578208737,Delhi NCR,716493,16-04-1970,Female,24-05-2026,Silver,11178.63,135,1
CUST00905,Zinal,Thaman,zinal.thaman72@email.com,9528542334,Andhra Pradesh,271487,25-12-1971,Other,14-06-2026,Silver,13597.95,30,1
CUST00906,Sanaya,Dâ€™Alia,sanaya.dâ€™alia55@email.com,9210804871,Bangalore,833321,22-09-1967,Other,20-06-2025,Bronze,2770.41,18,1
CUST00907,Ayush,Dyal,ayush.dyal53@email.com,9337256526,Bangalore,643471,31-10-2005,Male,31-10-2024,Silver,7880.16,76,1
CUST00908,Vyanjana,Chana,vyanjana.chana23@email.com,9869714741,Bangalore,399156,08-07-1986,Male,07-12-2025,Bronze,765.59,6,1
CUST00909,Rajeshri,Kaul,rajeshri.kaul87@email.com,9682744694,Delhi NCR,414111,13-09-1983,Female,13-02-2026,Bronze,4886.18,10,1
CUST00910,Raghav,Dâ€™Alia,raghav.dâ€™alia16@email.com,9991241409,Delhi NCR,256904,04-10-1964,Male,19-10-2025,Bronze,3026.25,4,1
CUST00911,Ranveer,Rama,ranveer.rama58@email.com,9709803473,Bangalore,552899,31-08-1975,Male,08-10-2024,Silver,9699.28,142,1
CUST00912,Megha,Andra,megha.andra76@email.com,9528164578,Pune,524377,31-07-1970,Female,28-10-2025,Silver,7430.61,72,1
CUST00913,Bhanumati,Dhingra,bhanumati.dhingra79@email.com,9837412092,Hyderabad,954814,10-08-1999,Male,24-07-2025,Bronze,3708.29,6,1
CUST00914,Tanveer,Talwar,tanveer.talwar25@email.com,9333047495,Chennai,605233,17-03-2008,Female,09-02-2026,Gold,27247.07,23,1
CUST00915,Charles,Gola,charles.gola44@email.com,9557352792,Hyderabad,642086,05-07-1983,Male,11-06-2025,Silver,14624.39,100,1
CUST00916,Urvashi,Pall,urvashi.pall69@email.com,9663136123,Bangalore,618443,04-04-2008,Female,14-05-2026,Bronze,4440.19,4,0
CUST00917,Meera,Chatterjee,meera.chatterjee33@email.com,9402875543,Bangalore,590472,28-10-1999,Male,01-11-2024,Gold,18323.54,83,1
CUST00918,Riya,Subramanian,riya.subramanian66@email.com,9737315949,Mumbai,233305,21-09-1999,Female,05-10-2024,Silver,9530.82,74,1
CUST00919,Manbir,Puri,manbir.puri54@email.com,9549503674,Mumbai,201572,13-02-1964,Other,17-10-2024,Bronze,4585.9,4,1
CUST00920,Yutika,Nigam,yutika.nigam43@email.com,9925298483,Delhi NCR,263013,16-07-1987,Female,01-08-2025,Bronze,4395.43,4,1
CUST00921,Chasmum,Gera,chasmum.gera76@email.com,9505833325,Bangalore,176475,03-05-1961,Male,19-10-2024,Platinum,41263.89,44,1
CUST00922,Jackson,Butala,jackson.butala14@email.com,9360147790,Hyderabad,783099,07-07-1999,Male,25-07-2025,Bronze,4374.03,6,0
CUST00923,Anusha,Chandra,anusha.chandra62@email.com,9588808824,Andhra Pradesh,676492,25-04-1967,Other,27-03-2025,Gold,22437.89,37,1
CUST00924,Devansh,Yogi,devansh.yogi54@email.com,9681118559,Bangalore,606888,17-10-1993,Male,05-09-2024,Bronze,3907.38,4,1
CUST00925,Zilmil,Yohannan,zilmil.yohannan41@email.com,9419108636,Chennai,312920,18-04-1998,Other,30-06-2025,Bronze,2295.48,5,1
CUST00926,Dipta,Das,dipta.das21@email.com,9182884689,Mumbai,293218,07-01-1978,Male,10-05-2026,Silver,13529.01,147,1
CUST00927,Bakhshi,Chad,bakhshi.chad37@email.com,9638111948,Bangalore,845826,02-05-2005,Male,18-07-2024,Gold,20009.98,73,1
CUST00928,Yuvraj,Mital,yuvraj.mital76@email.com,9439122255,Andhra Pradesh,848729,03-12-1993,Female,08-01-2026,Bronze,2844.51,19,1
CUST00929,Dhriti,Virk,dhriti.virk37@email.com,9646511671,Chennai,988310,06-09-1976,Other,15-08-2024,Bronze,4724.14,15,1
CUST00930,Raghav,Dhar,raghav.dhar76@email.com,9413110436,Mumbai,329839,24-12-1984,Other,18-02-2025,Silver,13656.14,86,1
CUST00931,Kabir,Sami,kabir.sami25@email.com,9192257438,Kolkata,844626,01-08-1991,Female,20-09-2024,Bronze,1886.09,18,1
CUST00932,Aachal,Sandal,aachal.sandal71@email.com,9452671498,Pune,831435,26-11-1998,Male,10-12-2025,Silver,9843.27,89,1
CUST00933,Yasti,Gade,yasti.gade89@email.com,9339801646,Andhra Pradesh,256609,22-05-1977,Male,16-09-2024,Gold,20865.6,76,0
CUST00934,Anamika,Dash,anamika.dash66@email.com,9131939274,Chennai,861515,30-03-1983,Female,14-03-2026,Bronze,1820.18,19,0
CUST00935,Anjali,Dhingra,anjali.dhingra30@email.com,9243419898,Kolkata,401636,10-09-1967,Other,17-03-2026,Silver,9198.7,81,0
CUST00936,Jatin,Gill,jatin.gill65@email.com,9289322588,Mumbai,971859,27-09-1979,Other,19-09-2025,Bronze,544.96,15,1
CUST00937,Anika,Chaudhary,anika.chaudhary61@email.com,9224125997,Bangalore,256258,01-02-1998,Male,22-10-2025,Silver,6607.02,7,1
CUST00938,Neha,Sood,neha.sood70@email.com,9397002271,Kolkata,408222,29-04-1986,Other,01-10-2025,Gold,32046.46,144,1
CUST00939,Amara,Bera,amara.bera71@email.com,9307335159,Andhra Pradesh,396727,20-08-1984,Other,30-03-2026,Gold,30373.56,142,1
CUST00940,Upadhriti,Thakkar,upadhriti.thakkar20@email.com,9491701651,Hyderabad,468341,07-05-1981,Other,29-05-2025,Silver,8336.7,139,1
CUST00941,Dhriti,Chana,dhriti.chana59@email.com,9408665684,Mumbai,131290,21-04-1966,Male,15-02-2026,Bronze,2477.51,9,1
CUST00942,Bhavika,Tailor,bhavika.tailor77@email.com,9872685261,Mumbai,682778,03-03-2007,Male,25-12-2025,Gold,16676.04,112,0
CUST00943,Jeet,Ravi,jeet.ravi84@email.com,9980316653,Mumbai,930685,02-03-1977,Female,11-02-2026,Gold,27831.33,23,1
CUST00944,Brijesh,Sen,brijesh.sen45@email.com,9908735549,Bangalore,832152,03-07-1995,Male,18-04-2025,Gold,25346.96,98,1
CUST00945,Charan,Sami,charan.sami85@email.com,9276131891,Mumbai,625153,26-03-1997,Other,09-05-2026,Bronze,4125.69,12,1
CUST00946,Jacob,Mannan,jacob.mannan63@email.com,9657288526,Chennai,744309,02-05-1987,Male,02-01-2025,Bronze,4255.48,13,1
CUST00947,Dalaja,Varma,dalaja.varma28@email.com,9586246498,Delhi NCR,797050,08-06-2002,Other,10-07-2025,Bronze,3139.65,16,1
CUST00948,Falguni,Misra,falguni.misra57@email.com,9660623556,Andhra Pradesh,105265,24-02-1961,Male,04-10-2024,Bronze,723.53,17,1
CUST00949,Raagini,Swamy,raagini.swamy45@email.com,9517318879,Kolkata,188261,18-09-1993,Other,23-07-2024,Bronze,4020.19,5,1
CUST00950,Nachiket,Krishna,nachiket.krishna62@email.com,9549999402,Bangalore,765456,11-12-1972,Other,07-09-2025,Silver,6685.23,6,0
CUST00951,Amruta,Chopra,amruta.chopra85@email.com,9203087995,Kolkata,722560,28-12-1984,Other,04-06-2026,Silver,8897.59,45,1
CUST00952,Rushil,Choudhry,rushil.choudhry18@email.com,9350944630,Bangalore,402665,12-09-1962,Female,19-11-2024,Bronze,2888.99,16,1
CUST00953,Rushil,Srinivas,rushil.srinivas38@email.com,9242590321,Andhra Pradesh,167872,28-08-1982,Female,21-02-2026,Gold,22667.83,75,1
CUST00954,Mugdha,Thaker,mugdha.thaker23@email.com,9208142106,Andhra Pradesh,211022,19-12-1983,Other,10-08-2025,Bronze,1637.01,3,1
CUST00955,Agastya,Khalsa,agastya.khalsa13@email.com,9669075913,Chennai,569067,30-03-1980,Male,22-02-2025,Bronze,3155.95,1,1
CUST00956,Vedika,Butala,vedika.butala43@email.com,9539895991,Andhra Pradesh,392823,05-09-1979,Other,05-03-2026,Bronze,4504.99,2,1
CUST00957,Ishwar,Lall,ishwar.lall50@email.com,9566580453,Delhi NCR,637189,16-11-1972,Female,11-12-2024,Bronze,3629.96,19,1
CUST00958,Manthan,Karnik,manthan.karnik15@email.com,9223472890,Andhra Pradesh,260432,22-07-1989,Female,31-07-2024,Bronze,2305,10,1
CUST00959,Ryan,Chand,ryan.chand55@email.com,9468554684,Hyderabad,668433,04-06-1983,Other,13-06-2025,Bronze,3353.39,19,1
CUST00960,Varenya,Bhat,varenya.bhat42@email.com,9151125361,Mumbai,41454,07-06-1984,Female,21-01-2026,Bronze,589.58,12,1
CUST00961,Omya,Koshy,omya.koshy40@email.com,9509616866,Mumbai,20005,21-12-1974,Other,24-02-2025,Bronze,4562.77,8,1
CUST00962,Urmi,Mammen,urmi.mammen22@email.com,9317514087,Mumbai,624755,04-04-1981,Other,12-10-2024,Silver,10214.05,69,1
CUST00963,Gunbir,Arya,gunbir.arya12@email.com,9805998192,Hyderabad,555989,31-10-1985,Other,19-01-2025,Bronze,4572.8,15,1
CUST00964,Anya,Kade,anya.kade62@email.com,9431866731,Mumbai,112910,18-06-2000,Female,26-06-2026,Gold,15643.54,1,1
CUST00965,Rayaan,Hans,rayaan.hans19@email.com,9161186868,Bangalore,118954,25-10-1992,Female,01-03-2026,Platinum,72835.16,127,0
CUST00966,Saksham,Walla,saksham.walla54@email.com,9812197823,Kolkata,23684,05-09-1998,Female,13-04-2025,Silver,6125.12,116,1
CUST00967,Jasmit,Sen,jasmit.sen81@email.com,9796777680,Mumbai,617688,13-01-1962,Male,24-11-2024,Silver,14895.9,89,1
CUST00968,Anusha,Dayal,anusha.dayal41@email.com,9277846944,Andhra Pradesh,90367,21-02-2007,Other,04-09-2025,Bronze,4540.54,13,1
CUST00969,Yochana,Borde,yochana.borde80@email.com,9799443019,Chennai,786866,13-11-2001,Female,13-02-2025,Gold,23925.94,9,1
CUST00970,Samuel,Gour,samuel.gour50@email.com,9590991147,Chennai,293908,17-07-1991,Other,13-08-2025,Silver,13805.73,110,1
CUST00971,Aashi,Mitter,aashi.mitter61@email.com,9529900339,Hyderabad,448123,26-08-1963,Other,05-09-2025,Bronze,2042.05,20,1
CUST00972,Wazir,Manne,wazir.manne14@email.com,9553702046,Chennai,242403,01-11-1974,Other,06-09-2025,Bronze,1667.9,9,1
CUST00973,Jack,Agarwal,jack.agarwal95@email.com,9718000207,Bangalore,955184,21-08-1969,Male,31-05-2025,Gold,29831.86,105,1
CUST00974,Chaitaly,Nair,chaitaly.nair47@email.com,9331710344,Delhi NCR,53424,11-08-1961,Other,08-09-2025,Bronze,3651.68,2,1
CUST00975,Hitesh,Raja,hitesh.raja15@email.com,9963518990,Mumbai,983735,02-11-1978,Other,23-12-2024,Silver,5514.6,68,1
CUST00976,Megha,Dugal,megha.dugal39@email.com,9339288209,Mumbai,365271,19-04-1994,Male,05-12-2024,Bronze,1971.54,5,1
CUST00977,Tripti,Goyal,tripti.goyal87@email.com,9768346386,Kolkata,397240,27-08-1981,Male,21-11-2024,Gold,34910.42,64,1
CUST00978,Peter,Ramesh,peter.ramesh26@email.com,9912142822,Bangalore,121637,12-06-2004,Male,26-05-2025,Bronze,1419.86,12,1
CUST00979,Harish,Vyas,harish.vyas52@email.com,9725792815,Hyderabad,91660,13-01-1968,Other,21-04-2026,Bronze,1807.12,6,1
CUST00980,Agastya,Bassi,agastya.bassi71@email.com,9522292811,Bangalore,314290,09-03-1961,Other,24-03-2026,Bronze,4482.34,16,1
CUST00981,Hitesh,Nigam,hitesh.nigam14@email.com,9656843893,Mumbai,327972,19-06-1981,Male,01-04-2025,Gold,21976.96,129,0
CUST00982,Varenya,Dubey,varenya.dubey62@email.com,9719335159,Bangalore,84810,30-07-1963,Other,05-10-2024,Silver,7773.04,107,1
CUST00983,Chaman,Chauhan,chaman.chauhan31@email.com,9812444216,Bangalore,203036,09-10-1986,Male,09-11-2024,Silver,5696.13,147,1
CUST00984,Ira,Mangat,ira.mangat73@email.com,9196994749,Hyderabad,617213,21-06-1967,Male,21-02-2025,Bronze,3109.33,15,1
CUST00985,Ishanvi,Bose,ishanvi.bose30@email.com,9549922319,Mumbai,151092,30-08-1972,Female,15-06-2025,Gold,31588.13,133,1
CUST00986,Gaurika,Golla,gaurika.golla46@email.com,9555386635,Andhra Pradesh,249451,30-12-1978,Other,29-06-2026,Platinum,56157.9,38,1
CUST00987,Xalak,Pillay,xalak.pillay38@email.com,9444844902,Bangalore,102252,16-02-1987,Male,29-06-2025,Gold,25104.93,102,1
CUST00988,Vanya,Bhavsar,vanya.bhavsar71@email.com,9238994343,Kolkata,964215,23-03-1969,Female,06-12-2024,Gold,17719.45,67,1
CUST00989,Lekha,Pandit,lekha.pandit43@email.com,9865991217,Delhi NCR,767695,14-12-1969,Male,02-04-2026,Silver,8457.65,114,1
CUST00990,Yatan,Rajagopal,yatan.rajagopal32@email.com,9840411126,Hyderabad,878878,13-01-1997,Male,17-04-2026,Gold,19153.09,144,1
CUST00991,Victor,Rajagopalan,victor.rajagopalan19@email.com,9466488045,Andhra Pradesh,968931,20-07-1976,Other,24-04-2025,Silver,13571.99,103,1
CUST00992,Aarnav,Jani,aarnav.jani89@email.com,9142802850,Kolkata,587210,27-04-1984,Other,24-04-2025,Bronze,3710.02,16,1
CUST00993,Liam,Menon,liam.menon56@email.com,9164758677,Delhi NCR,286333,07-05-1964,Female,18-02-2026,Bronze,1084.15,3,1
CUST00994,Lakshit,Dalal,lakshit.dalal84@email.com,9297178754,Mumbai,606501,24-08-2005,Other,12-10-2025,Bronze,3185.05,16,0
CUST00995,Ethan,Sood,ethan.sood14@email.com,9813340821,Bangalore,25213,16-10-1965,Other,27-07-2024,Bronze,4390.35,20,1
CUST00996,Omaja,Doctor,omaja.doctor67@email.com,9462743299,Hyderabad,728476,03-07-1983,Male,27-06-2025,Bronze,4089.76,18,1
CUST00997,Agastya,Mangat,agastya.mangat24@email.com,9271654466,Pune,200928,17-06-1971,Male,26-07-2024,Bronze,731.1,18,1
CUST00998,Meghana,Sampath,meghana.sampath52@email.com,9746158079,Kolkata,849843,18-05-1989,Female,11-07-2026,Bronze,3465.19,11,1
CUST00999,Naksh,Magar,naksh.magar31@email.com,9716187248,Mumbai,862369,10-05-1964,Other,04-01-2025,Gold,34303.03,146,1
CUST01000,Manya,Gour,manya.gour22@email.com,9938866321,Bangalore,775662,07-04-1964,Male,02-04-2026,Bronze,1040.22,3,1
CUST01001,Kamya,Samra,kamya.samra71@email.com,9552353854,Mumbai,411159,18-05-1983,Female,08-08-2024,Silver,9130.91,141,1
CUST01002,Wriddhish,Manda,wriddhish.manda93@email.com,9630224266,Hyderabad,811390,01-08-1981,Female,10-12-2024,Silver,7665.46,34,1
CUST01003,Saksham,Bali,saksham.bali75@email.com,9135402094,Mumbai,419909,21-06-1993,Female,22-08-2024,Silver,8942.58,92,0
CUST01004,Chanakya,Murty,chanakya.murty93@email.com,9716356078,Hyderabad,405468,22-10-1973,Male,19-03-2025,Gold,15736.17,1,1
CUST01005,Mahika,Parekh,mahika.parekh40@email.com,9688390980,Delhi NCR,156818,07-10-1970,Other,05-08-2024,Silver,13334.48,117,1
CUST01006,Lavanya,Sood,lavanya.sood84@email.com,9735896996,Chennai,422711,21-04-1976,Male,04-06-2026,Bronze,1838.69,7,1
CUST01007,Tanveer,Dhaliwal,tanveer.dhaliwal36@email.com,9241539775,Bangalore,889857,22-06-1969,Male,07-04-2025,Bronze,4747.25,8,1
CUST01008,Bina,Parsa,bina.parsa81@email.com,9661372842,Mumbai,63399,26-08-1965,Female,13-11-2024,Bronze,3602.34,3,1
CUST01009,Widisha,Chatterjee,widisha.chatterjee97@email.com,9494756685,Delhi NCR,248171,01-07-1991,Other,18-03-2025,Bronze,3594.88,15,1
CUST01010,Omkaar,Merchant,omkaar.merchant39@email.com,9100067217,Bangalore,149551,22-05-1965,Female,04-12-2024,Bronze,2934.5,20,1
CUST01011,Triveni,Kuruvilla,triveni.kuruvilla86@email.com,9868854161,Mumbai,472197,30-03-1963,Other,26-04-2025,Platinum,53873.36,51,1
CUST01012,Bhavini,Rattan,bhavini.rattan87@email.com,9199715918,Andhra Pradesh,927589,21-11-1981,Male,04-05-2025,Silver,13553.09,67,1
CUST01013,Fiyaz,Sachdev,fiyaz.sachdev50@email.com,9174779695,Pune,409038,01-02-1961,Female,15-11-2024,Bronze,2826.58,20,1
CUST01014,Henry,Mannan,henry.mannan52@email.com,9622401650,Bangalore,296136,02-01-1992,Other,19-12-2025,Bronze,3392.44,17,1
CUST01015,Girik,Palla,girik.palla60@email.com,9110766792,Delhi NCR,787112,03-12-1967,Other,30-06-2026,Bronze,3467.27,19,1
CUST01016,Mekhala,Sant,mekhala.sant94@email.com,9254225770,Pune,651559,21-08-1993,Other,30-12-2024,Gold,26430.78,21,0
CUST01017,Vamakshi,Contractor,vamakshi.contractor64@email.com,9169589152,Delhi NCR,708272,11-02-2004,Male,30-12-2024,Gold,24520.2,126,1
CUST01018,Ekaja,Balay,ekaja.balay42@email.com,9524004933,Pune,56730,09-12-1974,Female,23-05-2026,Bronze,2036.04,5,1
CUST01019,Arin,Sampath,arin.sampath72@email.com,9991902849,Hyderabad,421214,11-02-1988,Other,19-09-2024,Bronze,1768.52,7,1
CUST01020,Chanchal,Seth,chanchal.seth48@email.com,9907372723,Andhra Pradesh,834201,16-09-1989,Other,09-04-2025,Bronze,2674.69,3,0
CUST01021,Chameli,Gala,chameli.gala63@email.com,9219897392,Andhra Pradesh,567782,16-12-2007,Other,22-06-2025,Silver,13990.93,11,1
CUST01022,Isha,Ramachandran,isha.ramachandran14@email.com,9649086296,Mumbai,893199,22-05-1970,Male,26-03-2025,Silver,7525.4,110,1
CUST01023,Edhitha,Atwal,edhitha.atwal28@email.com,9412354435,Delhi NCR,727516,06-06-1978,Male,26-08-2025,Silver,7552.96,146,1
CUST01024,Aarush,Seshadri,aarush.seshadri92@email.com,9199340435,Andhra Pradesh,791033,20-02-1989,Other,09-01-2026,Platinum,73937.91,103,1
CUST01025,Ojas,Purohit,ojas.purohit14@email.com,9552423466,Delhi NCR,533905,21-04-1985,Female,30-07-2024,Gold,29215.22,28,0
CUST01026,Chasmum,Mohanty,chasmum.mohanty91@email.com,9585557175,Bangalore,776655,18-06-1997,Male,13-06-2025,Bronze,2668.24,3,1
CUST01027,Gautami,Comar,gautami.comar39@email.com,9780675805,Mumbai,765289,13-08-1971,Female,12-09-2025,Bronze,520.01,3,1
CUST01028,Rajata,Raj,rajata.raj17@email.com,9936322994,Andhra Pradesh,649111,24-08-1966,Female,04-12-2025,Bronze,2658.55,4,1
CUST01029,Amol,Sabharwal,amol.sabharwal66@email.com,9432145754,Hyderabad,798178,06-02-2000,Male,04-04-2026,Bronze,4407.04,18,1
CUST01030,Bachittar,Mann,bachittar.mann43@email.com,9714476411,Bangalore,337861,08-11-1973,Male,14-05-2026,Bronze,764.45,7,1
CUST01031,Upasna,Dash,upasna.dash89@email.com,9290395251,Delhi NCR,766053,01-02-1995,Female,23-02-2025,Bronze,2510.46,11,1
CUST01032,Amrita,Lalla,amrita.lalla57@email.com,9814409514,Andhra Pradesh,630600,02-05-1962,Male,14-11-2024,Bronze,1171.29,13,1
CUST01033,Kavya,Venkataraman,kavya.venkataraman87@email.com,9769781201,Delhi NCR,529638,07-03-1987,Male,14-12-2024,Bronze,2212.33,15,1
CUST01034,Maya,Behl,maya.behl60@email.com,9437882958,Andhra Pradesh,262658,01-05-1971,Female,22-06-2025,Bronze,1067.61,1,1
CUST01035,Vihaan,Chaudhary,vihaan.chaudhary68@email.com,9346435214,Hyderabad,819648,16-05-1971,Female,25-03-2025,Silver,5672.07,147,1
CUST01036,Samar,Chander,samar.chander67@email.com,9620460775,Andhra Pradesh,60920,10-08-2002,Other,18-01-2026,Bronze,3469.15,9,1
CUST01037,Farhan,Raja,farhan.raja12@email.com,9180693211,Andhra Pradesh,275233,02-10-1980,Other,15-12-2024,Silver,9104.8,66,1
CUST01038,Yatan,Radhakrishnan,yatan.radhakrishnan50@email.com,9680517821,Andhra Pradesh,41209,02-08-1967,Male,12-10-2024,Silver,11670.01,46,1
CUST01039,Tripti,Das,tripti.das45@email.com,9261514127,Hyderabad,244211,07-03-1994,Female,05-05-2026,Silver,6796.66,121,1
CUST01040,Janaki,Johal,janaki.johal22@email.com,9561836788,Mumbai,170617,15-02-2003,Male,15-09-2024,Silver,10893.97,147,1
CUST01041,Shivansh,Saini,shivansh.saini90@email.com,9275156265,Delhi NCR,572240,15-09-1972,Other,12-12-2025,Bronze,4089.23,3,1
CUST01042,Azad,Dalal,azad.dalal11@email.com,9366063972,Andhra Pradesh,579980,29-04-1971,Female,27-08-2025,Gold,32665.66,24,1
CUST01043,Aachal,Dara,aachal.dara76@email.com,9261219125,Andhra Pradesh,908088,30-11-1970,Other,02-01-2025,Bronze,3332.53,7,1
CUST01044,Janya,Contractor,janya.contractor40@email.com,9273813380,Mumbai,52312,03-10-1978,Other,15-02-2025,Platinum,53391.96,20,1
CUST01045,Vasatika,Iyengar,vasatika.iyengar37@email.com,9844629505,Bangalore,584776,08-06-1995,Female,24-05-2025,Silver,13791.49,43,1
CUST01046,Reyansh,Krishna,reyansh.krishna48@email.com,9484955388,Bangalore,346199,01-10-1981,Female,23-11-2024,Bronze,3115.09,17,1
CUST01047,Samesh,Sura,samesh.sura32@email.com,9546866924,Andhra Pradesh,769459,13-11-1967,Female,01-11-2025,Silver,10533.57,101,1
CUST01048,Leela,Sanghvi,leela.sanghvi72@email.com,9636990543,Mumbai,955172,05-11-1962,Other,19-08-2025,Silver,6150.74,131,1
CUST01049,Zehaan,Rout,zehaan.rout15@email.com,9938751920,Kolkata,985601,15-10-1972,Male,07-04-2026,Bronze,3339.02,5,1
CUST01050,Ekantika,Sanghvi,ekantika.sanghvi13@email.com,9648738684,Hyderabad,531355,01-06-1970,Male,15-03-2026,Bronze,1580.54,20,1
CUST01051,Dipta,Das,dipta.das11@email.com,9817440093,Mumbai,505379,06-06-1982,Other,16-06-2026,Silver,12905.24,73,1
CUST01052,Viraj,Bhatti,viraj.bhatti91@email.com,9155847338,Bangalore,493831,20-09-1998,Female,18-02-2025,Bronze,1598.4,7,1
CUST01053,Falan,Sama,falan.sama35@email.com,9545243911,Bangalore,553307,25-06-1994,Female,23-08-2024,Bronze,902.77,12,1
CUST01054,Anvi,Sama,anvi.sama20@email.com,9619547938,Mumbai,172959,07-08-1986,Male,17-01-2025,Gold,30284.45,60,1
CUST01055,Ansh,Mane,ansh.mane28@email.com,9459481299,Delhi NCR,907426,24-01-1963,Other,13-06-2026,Gold,20608.78,138,0
CUST01056,Balveer,Nazareth,balveer.nazareth24@email.com,9732156596,Hyderabad,171644,17-02-1982,Male,23-02-2026,Bronze,2542.4,17,1
CUST01057,Hiral,Ratta,hiral.ratta75@email.com,9603655458,Mumbai,857906,08-11-1980,Other,09-01-2026,Bronze,4625.82,11,1
CUST01058,Suhani,Tak,suhani.tak42@email.com,9910787314,Kolkata,591030,03-04-1961,Male,02-11-2024,Bronze,4403.79,1,1
CUST01059,Henry,Naidu,henry.naidu56@email.com,9304846070,Andhra Pradesh,321358,18-11-1960,Male,13-07-2026,Gold,17769.38,105,1
CUST01060,Charles,Lad,charles.lad68@email.com,9810685920,Delhi NCR,104145,12-05-2007,Female,05-11-2025,Silver,5930.92,125,1
CUST01061,Ladli,Madan,ladli.madan52@email.com,9602150419,Mumbai,297125,14-08-1970,Male,22-02-2026,Bronze,3794.47,5,0
CUST01062,Odika,Sekhon,odika.sekhon41@email.com,9139263848,Andhra Pradesh,883977,21-08-1979,Female,25-03-2025,Bronze,3506.25,19,1
CUST01063,Vasudha,Kara,vasudha.kara12@email.com,9428563343,Hyderabad,441583,04-06-2005,Female,02-12-2025,Bronze,2414.72,2,1
CUST01064,Samesh,Brahmbhatt,samesh.brahmbhatt46@email.com,9856741759,Hyderabad,703037,01-10-1986,Other,10-12-2024,Silver,11181.88,7,1
CUST01065,Vinaya,Cheema,vinaya.cheema90@email.com,9973902708,Kolkata,398854,11-06-1991,Female,08-12-2025,Silver,14137.97,114,0
CUST01066,Mitesh,Thaman,mitesh.thaman98@email.com,9705163983,Delhi NCR,235679,28-06-1995,Male,22-12-2024,Silver,7216.25,66,1
CUST01067,Mugdha,Guha,mugdha.guha25@email.com,9539361652,Hyderabad,462491,27-07-1970,Male,11-07-2025,Gold,18809.49,50,1
CUST01068,Hredhaan,Choudhary,hredhaan.choudhary46@email.com,9419939711,Hyderabad,72407,03-08-2005,Female,03-09-2025,Bronze,2404.8,14,1
CUST01069,Sneha,Pandey,sneha.pandey70@email.com,9847650330,Mumbai,181563,18-10-1970,Female,22-05-2025,Silver,7843.18,63,1
CUST01070,Yadavi,Sankar,yadavi.sankar19@email.com,9891311653,Mumbai,74510,07-09-2004,Male,11-05-2025,Silver,13739.13,79,1
CUST01071,Pahal,Hari,pahal.hari29@email.com,9496253549,Pune,362948,19-11-2001,Other,05-08-2025,Bronze,4823.1,12,1
CUST01072,Zilmil,Sant,zilmil.sant23@email.com,9509010903,Mumbai,31310,23-12-1962,Other,07-10-2025,Silver,10730.31,89,1
CUST01073,Amaira,Khare,amaira.khare67@email.com,9144318008,Chennai,814396,20-03-1987,Male,19-05-2025,Bronze,4345.92,7,1
CUST01074,Harrison,Kannan,harrison.kannan41@email.com,9394898556,Hyderabad,732354,15-02-2001,Female,26-02-2025,Bronze,4267.91,1,1
CUST01075,Aarush,Chandra,aarush.chandra32@email.com,9539979696,Chennai,897432,28-12-1981,Male,29-12-2025,Silver,10575.88,70,1
CUST01076,Ekaraj,Ganesan,ekaraj.ganesan74@email.com,9674579055,Hyderabad,572076,12-04-1983,Female,03-08-2024,Bronze,3013.54,6,1
CUST01077,Peter,Lalla,peter.lalla69@email.com,9178250377,Hyderabad,209579,13-08-1960,Male,01-08-2025,Bronze,2267.34,2,1
CUST01078,Yug,Sodhi,yug.sodhi29@email.com,9921704424,Delhi NCR,9438,14-10-1994,Female,24-11-2024,Bronze,2048.93,15,1
CUST01079,Manan,Chandra,manan.chandra95@email.com,9247737606,Hyderabad,457758,22-01-1978,Female,15-12-2025,Bronze,1472.97,12,1
CUST01080,Vidhi,Kulkarni,vidhi.kulkarni30@email.com,9820178621,Hyderabad,705458,23-09-2005,Male,14-05-2026,Bronze,4051.91,14,1
CUST01081,Veda,Chowdhury,veda.chowdhury21@email.com,9128342844,Kolkata,802632,08-11-1984,Male,08-08-2025,Bronze,4080.34,16,1
CUST01082,Azaan,Konda,azaan.konda34@email.com,9721678292,Mumbai,531361,10-03-1979,Female,30-05-2026,Silver,7551.55,37,1
CUST01083,Shivani,Vyas,shivani.vyas40@email.com,9257391367,Bangalore,455696,07-05-1979,Other,15-03-2025,Bronze,1552.31,8,1
CUST01084,Rayaan,Barman,rayaan.barman88@email.com,9632778144,Delhi NCR,916795,04-03-1980,Female,11-10-2024,Platinum,54479.31,99,1
CUST01085,Abhiram,Tara,abhiram.tara29@email.com,9413297230,Pune,728498,02-10-2005,Female,21-11-2024,Bronze,4891.23,6,1
CUST01086,Chavvi,Sur,chavvi.sur69@email.com,9168663913,Kolkata,140703,22-10-1979,Male,20-04-2026,Bronze,3545.14,10,1
CUST01087,Jatin,Bera,jatin.bera36@email.com,9881309173,Bangalore,406500,28-08-1977,Male,01-11-2024,Silver,12491.43,120,1
CUST01088,Inaya,Mander,inaya.mander92@email.com,9146843121,Mumbai,142369,15-01-1966,Other,28-02-2025,Gold,19586.39,80,1
CUST01089,Theodore,Balay,theodore.balay87@email.com,9999806242,Andhra Pradesh,536661,29-04-1978,Female,02-07-2026,Platinum,66791.78,93,1
CUST01090,Chasmum,Mukhopadhyay,chasmum.mukhopadhyay77@email.com,9913207774,Delhi NCR,965923,24-07-1977,Male,31-10-2024,Bronze,970.86,8,1
CUST01091,Omaja,Iyengar,omaja.iyengar25@email.com,9660974951,Hyderabad,414978,09-01-1973,Other,06-05-2025,Bronze,3185.25,9,1
CUST01092,Rajeshri,Char,rajeshri.char53@email.com,9702236205,Hyderabad,875857,25-08-1984,Female,15-06-2025,Gold,23775.02,144,1
CUST01093,Unnati,Salvi,unnati.salvi87@email.com,9160385735,Mumbai,708061,11-02-1970,Other,07-11-2025,Gold,19379.42,26,1
CUST01094,Chasmum,Kibe,chasmum.kibe95@email.com,9192798452,Bangalore,298940,08-04-1987,Female,23-10-2024,Silver,6113.48,70,1
CUST01095,Neha,Ahuja,neha.ahuja23@email.com,9365246400,Mumbai,870104,08-10-2004,Other,09-10-2024,Bronze,3431.47,14,1
CUST01096,Gauri,Chatterjee,gauri.chatterjee78@email.com,9129128890,Andhra Pradesh,975019,10-06-2006,Female,18-08-2025,Silver,7994.04,128,1
CUST01097,Chatresh,Jayaraman,chatresh.jayaraman50@email.com,9975710526,Bangalore,872324,19-04-2003,Male,16-03-2025,Silver,11076.17,41,1
CUST01098,Abeer,Sundaram,abeer.sundaram28@email.com,9581592553,Hyderabad,110291,03-12-1995,Female,01-10-2024,Silver,13269.9,3,1
CUST01099,Yug,Jayaraman,yug.jayaraman33@email.com,9158683481,Mumbai,708760,01-11-1968,Female,07-03-2025,Bronze,1480.88,10,1
CUST01100,Nidhi,Sule,nidhi.sule91@email.com,9108268667,Bangalore,384979,06-12-1968,Other,18-06-2025,Bronze,4413.44,14,1
CUST01101,Madhav,Bains,madhav.bains51@email.com,9583166265,Bangalore,232883,12-12-1992,Female,26-07-2025,Silver,14442.53,117,1
CUST01102,Bimala,Mann,bimala.mann59@email.com,9315371095,Delhi NCR,975466,09-01-2008,Male,31-03-2026,Gold,25289.11,130,0
CUST01103,Hredhaan,Shetty,hredhaan.shetty61@email.com,9298193993,Bangalore,620471,10-12-1998,Female,16-05-2025,Bronze,3867.13,14,1
CUST01104,Advay,Mitter,advay.mitter16@email.com,9403347737,Andhra Pradesh,970527,27-09-1991,Other,18-02-2025,Bronze,4805.7,17,1
CUST01105,Aditya,Dutt,aditya.dutt75@email.com,9645476741,Bangalore,883586,17-06-1995,Female,04-09-2024,Bronze,3080.51,1,1
CUST01106,Owen,Doshi,owen.doshi70@email.com,9166861739,Delhi NCR,957244,10-05-1987,Female,08-09-2024,Silver,7527.98,51,1
CUST01107,Veda,Puri,veda.puri16@email.com,9713885177,Delhi NCR,929884,09-05-1969,Female,10-01-2026,Bronze,2548.24,4,1
CUST01108,Ekiya,Pall,ekiya.pall98@email.com,9384588350,Delhi NCR,100231,26-10-2005,Other,08-10-2024,Bronze,1236.99,18,1
CUST01109,Xalak,Soni,xalak.soni53@email.com,9363223945,Bangalore,331266,04-12-1964,Other,04-09-2024,Bronze,1593.88,20,1
CUST01110,Zashil,Contractor,zashil.contractor33@email.com,9618386017,Delhi NCR,175902,27-05-1982,Other,09-10-2024,Bronze,4198.18,20,1
CUST01111,Shivani,Purohit,shivani.purohit74@email.com,9772913945,Andhra Pradesh,983347,27-04-1990,Female,27-12-2025,Silver,8186.92,46,1
CUST01112,Bhavika,Kar,bhavika.kar39@email.com,9677987422,Andhra Pradesh,268319,13-03-1962,Female,18-11-2025,Silver,14885,102,0
CUST01113,Gopal,Jani,gopal.jani61@email.com,9804738599,Mumbai,205698,11-06-1965,Other,08-04-2025,Bronze,4767.72,4,1
CUST01114,Qasim,Wable,qasim.wable99@email.com,9335573098,Andhra Pradesh,339785,21-10-1984,Female,10-11-2025,Silver,13535.31,19,1
CUST01115,Lakshit,Bhavsar,lakshit.bhavsar65@email.com,9185500257,Mumbai,661912,30-09-1995,Other,06-03-2025,Bronze,672.06,16,1
CUST01116,Harrison,Dalal,harrison.dalal61@email.com,9346221209,Delhi NCR,309850,17-10-1975,Male,16-04-2026,Silver,12041.95,33,1
CUST01117,Bimala,Krishnamurthy,bimala.krishnamurthy21@email.com,9975182124,Andhra Pradesh,512418,13-09-1999,Other,21-01-2025,Silver,9680.82,73,0
CUST01118,Zarna,Tella,zarna.tella74@email.com,9507958010,Chennai,690819,06-08-1992,Female,15-07-2026,Bronze,2977.5,17,1
CUST01119,Adya,Balan,adya.balan25@email.com,9579817946,Delhi NCR,564350,10-01-1970,Other,23-12-2024,Silver,8148.12,53,1
CUST01120,Forum,Bhatia,forum.bhatia37@email.com,9964049212,Hyderabad,719905,12-05-1965,Female,06-06-2025,Bronze,1840.26,8,1
CUST01121,Faris,Srinivas,faris.srinivas54@email.com,9607785339,Bangalore,401078,16-11-1975,Female,05-12-2025,Silver,7672.07,66,1
CUST01122,Inaya,Sankar,inaya.sankar71@email.com,9917540174,Hyderabad,430003,24-11-1996,Female,02-11-2025,Bronze,1281.65,10,1
CUST01123,Ladli,Badami,ladli.badami38@email.com,9679186494,Andhra Pradesh,66266,11-12-1997,Male,02-11-2024,Silver,14195.25,143,1
CUST01124,Jack,Sarma,jack.sarma18@email.com,9559416713,Delhi NCR,955356,27-06-1964,Other,18-01-2025,Bronze,1496.55,12,1
CUST01125,Vincent,Chanda,vincent.chanda66@email.com,9248905478,Bangalore,368900,21-07-1977,Female,10-04-2026,Bronze,4774.79,7,1
CUST01126,Dakshesh,Bose,dakshesh.bose94@email.com,9514288941,Hyderabad,272405,05-05-1984,Other,28-10-2025,Bronze,2734.6,8,0
CUST01127,Yash,Master,yash.master29@email.com,9700636144,Mumbai,967111,28-07-1977,Female,16-07-2026,Gold,24221.26,35,1
CUST01128,Samesh,Talwar,samesh.talwar40@email.com,9873326619,Bangalore,374584,10-01-2005,Female,23-01-2025,Bronze,2023.28,20,1
CUST01129,Amara,Nagar,amara.nagar33@email.com,9688946928,Kolkata,56974,19-11-1965,Male,23-12-2024,Bronze,4587.66,20,1
CUST01130,Laksh,Verma,laksh.verma34@email.com,9786580426,Delhi NCR,483152,27-12-1962,Other,16-01-2025,Bronze,2087.84,17,1
CUST01131,Ria,Setty,ria.setty85@email.com,9255139771,Bangalore,70449,09-09-1986,Other,08-03-2025,Silver,11141.51,114,0
CUST01132,Frado,Bhasin,frado.bhasin30@email.com,9717957583,Hyderabad,967066,06-10-1990,Male,21-08-2024,Bronze,3406.95,6,0
CUST01133,Udarsh,Jha,udarsh.jha89@email.com,9173720769,Bangalore,268040,26-05-1997,Other,02-03-2026,Silver,11644.6,107,1
CUST01134,Ijaya,Bal,ijaya.bal46@email.com,9833864346,Hyderabad,493059,01-02-1990,Female,21-05-2026,Bronze,1523.11,6,1
CUST01135,Prisha,Bhandari,prisha.bhandari32@email.com,9618890615,Andhra Pradesh,864876,07-07-1999,Other,27-01-2026,Bronze,631.97,18,1
CUST01136,Zilmil,Lad,zilmil.lad43@email.com,9103950022,Hyderabad,673204,31-12-2006,Female,16-02-2025,Silver,9746.3,22,1
CUST01137,Frederick,Krish,frederick.krish39@email.com,9746530672,Delhi NCR,596094,27-02-1985,Male,11-02-2025,Silver,13900.07,127,1
CUST01138,Zashil,Arora,zashil.arora78@email.com,9290637916,Mumbai,495427,14-01-1992,Male,31-07-2024,Silver,12310.91,138,1
CUST01139,Ria,Andra,ria.andra76@email.com,9442546433,Andhra Pradesh,57836,14-07-1964,Other,11-10-2025,Silver,10722.27,73,1
CUST01140,Fariq,Malhotra,fariq.malhotra37@email.com,9893003202,Mumbai,172444,24-03-1994,Female,24-10-2024,Silver,8262.06,45,1
CUST01141,Utkarsh,Ghosh,utkarsh.ghosh29@email.com,9351659173,Chennai,903102,14-02-2007,Female,15-08-2025,Bronze,1680.42,4,1
CUST01142,Ria,Nadig,ria.nadig72@email.com,9999406859,Delhi NCR,830440,17-09-2006,Male,05-05-2026,Gold,15143.52,80,1
CUST01143,Ira,Zachariah,ira.zachariah39@email.com,9478080625,Andhra Pradesh,935118,01-10-1990,Other,13-10-2024,Bronze,1759.78,19,1
CUST01144,Yasti,Brahmbhatt,yasti.brahmbhatt64@email.com,9768025747,Bangalore,359561,24-03-2004,Male,14-06-2025,Bronze,3083.13,14,1
CUST01145,Barkha,Dhar,barkha.dhar57@email.com,9362217223,Pune,595565,29-07-1992,Female,03-03-2025,Silver,8640.64,72,1
CUST01146,Azaan,Dyal,azaan.dyal65@email.com,9339883197,Hyderabad,42901,28-12-2001,Other,29-12-2024,Bronze,2630.16,5,1
CUST01147,Dhriti,Vaidya,dhriti.vaidya73@email.com,9797645621,Andhra Pradesh,369026,22-09-2004,Female,16-09-2024,Gold,19216.44,113,1
CUST01148,Faras,Kapur,faras.kapur36@email.com,9356664604,Bangalore,818097,28-05-2005,Male,29-08-2025,Gold,16269.31,19,1
CUST01149,Zinal,Sastry,zinal.sastry74@email.com,9818512849,Hyderabad,439435,01-02-1977,Female,30-03-2026,Bronze,4518.49,4,1
CUST01150,Janaki,Kashyap,janaki.kashyap25@email.com,9685770137,Delhi NCR,513765,20-12-1965,Female,17-04-2025,Bronze,2245.03,15,1
CUST01151,Yashasvi,Bose,yashasvi.bose34@email.com,9219292745,Pune,793763,17-04-1999,Female,21-04-2026,Gold,32690.22,105,1
CUST01152,Jeremiah,Yogi,jeremiah.yogi49@email.com,9514841867,Pune,692944,16-10-1983,Other,18-03-2025,Bronze,3056.23,9,1
CUST01153,Jacob,Bumb,jacob.bumb18@email.com,9513705007,Pune,682973,15-10-1972,Other,29-05-2026,Gold,15354.47,74,1
CUST01154,Sudiksha,Aurora,sudiksha.aurora68@email.com,9227895825,Delhi NCR,164871,23-02-1969,Female,24-05-2026,Silver,5459.53,44,1
CUST01155,Bahadurjit,Sankar,bahadurjit.sankar89@email.com,9284737997,Chennai,212886,15-04-1989,Female,19-04-2025,Bronze,2415.81,12,1
CUST01156,Joshua,Ratti,joshua.ratti58@email.com,9633086026,Pune,415599,05-07-2002,Female,09-10-2024,Silver,9471.79,16,1
CUST01157,Chakradev,Borah,chakradev.borah67@email.com,9851901661,Delhi NCR,767647,10-03-2008,Male,30-10-2024,Bronze,2042.4,10,1
CUST01158,Qadim,Upadhyay,qadim.upadhyay83@email.com,9389650655,Bangalore,209957,13-05-1986,Other,23-03-2025,Bronze,612.36,11,1
CUST01159,Reva,Goda,reva.goda99@email.com,9887791413,Andhra Pradesh,134750,08-12-1998,Other,24-08-2025,Silver,9262.22,133,1
CUST01160,Yashoda,Sandhu,yashoda.sandhu63@email.com,9561277649,Mumbai,565220,19-11-1974,Male,17-06-2025,Silver,6076.72,46,1
CUST01161,Zilmil,Mall,zilmil.mall50@email.com,9961990285,Hyderabad,154214,08-03-1979,Other,30-07-2025,Platinum,35531.38,134,1
CUST01162,Reva,Kapur,reva.kapur88@email.com,9573912274,Chennai,449134,21-02-1970,Other,30-09-2024,Silver,9575.34,135,1
CUST01163,Samuel,Trivedi,samuel.trivedi44@email.com,9603286088,Delhi NCR,90883,31-12-1960,Other,01-08-2025,Gold,21166.13,70,1
CUST01164,Atharv,Pingle,atharv.pingle29@email.com,9683952628,Mumbai,496782,07-06-1991,Other,04-03-2025,Gold,27712.55,112,1
CUST01165,Imaran,Dar,imaran.dar59@email.com,9915305806,Bangalore,674124,20-01-2006,Other,16-10-2024,Silver,5482.04,56,1
CUST01166,Irya,Brar,irya.brar45@email.com,9770167362,Mumbai,152854,28-05-1991,Male,19-11-2025,Platinum,67838.45,8,1
CUST01167,Yochana,Borah,yochana.borah55@email.com,9660931645,Andhra Pradesh,61853,13-07-1998,Male,13-12-2025,Silver,10594.82,45,1
CUST01168,Balendra,Anand,balendra.anand69@email.com,9110401370,Mumbai,296334,15-07-1992,Male,12-11-2024,Bronze,2878.97,18,1
CUST01169,Vedhika,Grover,vedhika.grover54@email.com,9747558523,Hyderabad,423183,06-10-1960,Male,20-06-2025,Bronze,2912.21,15,1
CUST01170,Ekalinga,Swaminathan,ekalinga.swaminathan66@email.com,9598356018,Mumbai,206496,28-06-2003,Other,14-10-2025,Bronze,1466.76,11,1
CUST01171,Wahab,Palla,wahab.palla28@email.com,9219149628,Mumbai,824347,27-11-1993,Male,28-03-2026,Gold,33505.21,94,0
CUST01172,Manya,Parikh,manya.parikh80@email.com,9629669396,Hyderabad,413146,23-12-1990,Female,27-03-2025,Bronze,2144.16,5,1
CUST01173,Yug,Sandal,yug.sandal77@email.com,9566960649,Bangalore,275156,05-07-2008,Male,25-10-2024,Silver,13292.19,96,1
CUST01174,Veda,Suresh,veda.suresh68@email.com,9784401118,Andhra Pradesh,304483,18-05-1988,Female,03-09-2024,Bronze,4653.13,4,1
CUST01175,Ekantika,Lal,ekantika.lal75@email.com,9655841285,Andhra Pradesh,667664,06-04-1964,Female,11-02-2025,Bronze,2182.92,9,1
CUST01176,Vedika,Kanda,vedika.kanda48@email.com,9100474607,Andhra Pradesh,47639,18-11-1971,Female,07-09-2025,Gold,15432.45,84,1
CUST01177,Samuel,Choudhary,samuel.choudhary84@email.com,9999528471,Hyderabad,298006,09-09-1966,Other,16-03-2026,Silver,14691.19,114,1
CUST01178,Gauri,Pandit,gauri.pandit82@email.com,9262649756,Hyderabad,83583,26-03-1971,Female,30-04-2026,Gold,30353.59,139,1
CUST01179,Meghana,Karnik,meghana.karnik96@email.com,9315279508,Hyderabad,255638,21-06-1977,Male,18-07-2026,Bronze,3792.14,12,1
CUST01180,Agastya,Banik,agastya.banik23@email.com,9825953971,Mumbai,818670,24-03-1971,Male,22-02-2025,Gold,29278.73,149,0
CUST01181,Charvi,Bajwa,charvi.bajwa68@email.com,9463114971,Andhra Pradesh,304166,22-06-1969,Other,14-04-2026,Bronze,1121.43,5,0
CUST01182,Anamika,Chad,anamika.chad99@email.com,9965364193,Bangalore,186008,16-09-2001,Female,01-07-2026,Silver,5754.38,32,1
CUST01183,Max,Chandran,max.chandran47@email.com,9558001204,Mumbai,394568,21-02-1962,Male,09-03-2025,Bronze,3912.33,2,0
CUST01184,Anusha,Shanker,anusha.shanker43@email.com,9662764017,Bangalore,149764,11-10-1989,Other,28-09-2024,Bronze,1027.03,19,0
CUST01185,Tristan,Ray,tristan.ray10@email.com,9601705875,Mumbai,748836,19-09-1961,Female,08-08-2025,Silver,11045.09,85,1
CUST01186,Meera,Pradhan,meera.pradhan70@email.com,9187762115,Mumbai,739063,21-12-1990,Female,01-05-2025,Bronze,2713.75,2,1
CUST01187,Vansha,Chopra,vansha.chopra53@email.com,9174844271,Bangalore,521182,05-09-1974,Male,20-05-2026,Bronze,2537.65,1,1
CUST01188,Vrishti,Krish,vrishti.krish27@email.com,9418919366,Mumbai,269789,13-05-1976,Female,01-09-2024,Bronze,3043.7,16,0
CUST01189,Wakeeta,Krishnan,wakeeta.krishnan25@email.com,9545235320,Chennai,452059,16-04-2001,Other,29-05-2025,Bronze,2346.59,13,1
CUST01190,Abdul,Loyal,abdul.loyal32@email.com,9436494602,Bangalore,878753,13-06-1982,Other,11-07-2025,Gold,22389.57,127,0
CUST01191,Vasudha,Varkey,vasudha.varkey56@email.com,9178587422,Bangalore,161620,30-07-1971,Female,25-08-2025,Bronze,2227.04,20,0
CUST01192,Jairaj,Ganesan,jairaj.ganesan71@email.com,9881303362,Mumbai,710672,27-02-2003,Other,02-04-2026,Bronze,4862.65,5,1
CUST01193,Vidhi,Dey,vidhi.dey36@email.com,9358116030,Kolkata,604164,06-08-2006,Female,13-02-2025,Bronze,827.15,14,1
CUST01194,Ekantika,Prabhu,ekantika.prabhu35@email.com,9986132127,Hyderabad,248395,22-11-1995,Male,30-10-2025,Silver,11577.58,89,1
CUST01195,Zayan,Sodhi,zayan.sodhi36@email.com,9632436562,Andhra Pradesh,352287,20-03-1961,Male,21-03-2025,Bronze,4445,10,1
CUST01196,Omaja,Gola,omaja.gola92@email.com,9270608642,Mumbai,710433,11-10-2007,Male,28-09-2024,Platinum,35913.41,85,1
CUST01197,Tara,Narayanan,tara.narayanan26@email.com,9877634007,Chennai,97921,24-05-1984,Female,24-11-2025,Silver,8718.77,57,1
CUST01198,Upkaar,Pai,upkaar.pai45@email.com,9390109061,Pune,344694,16-07-1985,Male,15-11-2025,Silver,7638.62,25,1
CUST01199,Neha,Kumar,neha.kumar56@email.com,9653916521,Delhi NCR,192134,06-09-1972,Male,07-02-2025,Silver,9491.14,39,1
CUST01200,Harsh,Date,harsh.date98@email.com,9981006139,Mumbai,599949,14-01-2006,Other,24-06-2026,Bronze,3878.88,10,1
CUST01201,Urvashi,Kadakia,urvashi.kadakia83@email.com,9431023338,Delhi NCR,33192,20-04-1970,Female,23-11-2024,Silver,6486.17,66,1
CUST01202,Vaishnavi,Acharya,vaishnavi.acharya34@email.com,9282844834,Mumbai,102876,15-10-2005,Female,19-07-2025,Bronze,3567.68,4,1
CUST01203,Eta,Mittal,eta.mittal10@email.com,9963778077,Mumbai,386667,14-09-1984,Other,17-03-2025,Gold,22818.32,26,1
CUST01204,Edhitha,Wali,edhitha.wali75@email.com,9352703871,Delhi NCR,932426,08-09-1998,Female,26-06-2025,Gold,16403.27,72,1
CUST01205,Vrishti,Krishna,vrishti.krishna93@email.com,9950830610,Andhra Pradesh,865205,06-04-1992,Female,08-03-2026,Silver,7409.83,55,0
CUST01206,Hiral,Samra,hiral.samra34@email.com,9117236540,Hyderabad,983652,10-04-1961,Female,17-12-2024,Silver,9785.74,99,1
CUST01207,Riya,Patel,riya.patel23@email.com,9226033488,Delhi NCR,94515,25-10-1977,Female,12-08-2025,Bronze,1098.66,2,1
CUST01208,Agastya,Mahajan,agastya.mahajan31@email.com,9251295811,Delhi NCR,476044,05-02-2003,Other,31-08-2024,Silver,5359.17,120,1
CUST01209,Azaan,Sinha,azaan.sinha86@email.com,9224368301,Mumbai,727810,10-09-1985,Other,09-08-2024,Bronze,1067.42,4,1
CUST01210,Michael,Goel,michael.goel36@email.com,9677902184,Bangalore,161070,06-12-1981,Other,01-10-2024,Bronze,2831.86,14,1
CUST01211,Arunima,Hari,arunima.hari84@email.com,9661841838,Hyderabad,552958,06-07-1961,Female,18-07-2026,Bronze,2816.94,11,1
CUST01212,Neha,Saha,neha.saha22@email.com,9254625262,Mumbai,138241,16-04-1972,Male,27-06-2025,Bronze,590.19,4,1
CUST01213,Chaitanya,Majumdar,chaitanya.majumdar36@email.com,9704513335,Bangalore,862044,10-09-1998,Male,16-04-2025,Gold,31366.15,40,1
CUST01214,Jacob,Om,jacob.om24@email.com,9266889816,Andhra Pradesh,919711,16-09-1966,Other,06-12-2024,Gold,21707.13,11,0
CUST01215,Gabriel,Grewal,gabriel.grewal43@email.com,9893040928,Andhra Pradesh,902035,16-11-1991,Male,19-09-2024,Bronze,1604.23,16,0
CUST01216,Yatin,Morar,yatin.morar72@email.com,9796512301,Delhi NCR,240642,13-07-1979,Female,04-11-2024,Bronze,3898.76,7,1
CUST01217,Diya,Sachdev,diya.sachdev33@email.com,9382270896,Andhra Pradesh,343244,06-01-2008,Male,24-06-2025,Bronze,4068.97,1,0
CUST01218,Aishani,Chanda,aishani.chanda17@email.com,9569597378,Delhi NCR,595587,28-06-2003,Female,02-01-2026,Silver,8505.75,21,1
CUST01219,Onkar,Bansal,onkar.bansal13@email.com,9799216673,Hyderabad,289365,04-07-2004,Other,08-04-2026,Silver,8631.55,74,1
CUST01220,Bhavya,Johal,bhavya.johal19@email.com,9168926598,Pune,884183,12-02-1978,Female,03-01-2025,Bronze,2872.26,1,1
CUST01221,Unni,Lal,unni.lal82@email.com,9833959425,Hyderabad,182727,24-06-2000,Female,25-03-2025,Bronze,3387.32,13,1
CUST01222,Kashish,Purohit,kashish.purohit83@email.com,9442844668,Andhra Pradesh,515026,26-11-1992,Female,03-04-2025,Bronze,2033.38,19,1
CUST01223,Gayathri,Chaudhry,gayathri.chaudhry66@email.com,9642453898,Hyderabad,542782,10-01-1962,Female,23-06-2025,Bronze,2836.59,11,0
CUST01224,Tanmayi,Saran,tanmayi.saran34@email.com,9303380110,Hyderabad,734595,21-05-1993,Male,27-12-2025,Bronze,2818.06,18,1
CUST01225,Nandini,Mital,nandini.mital62@email.com,9223636285,Pune,381664,05-11-1999,Other,25-05-2025,Silver,11320.15,111,1
CUST01226,Ayush,Gade,ayush.gade20@email.com,9961774532,Kolkata,498392,21-05-1969,Male,15-12-2025,Silver,8185.33,124,1
CUST01227,Gauri,Bhagat,gauri.bhagat20@email.com,9492017462,Delhi NCR,425762,21-11-1991,Female,18-07-2024,Silver,12151.22,115,1
CUST01228,Manbir,Iyer,manbir.iyer38@email.com,9751698555,Mumbai,441233,03-04-1990,Other,26-09-2024,Bronze,3547.21,6,1
CUST01229,Yash,Dube,yash.dube25@email.com,9194802913,Delhi NCR,72517,18-12-1997,Male,02-01-2026,Bronze,3154.5,19,0
CUST01230,Meera,Kala,meera.kala80@email.com,9933207940,Bangalore,673162,18-03-1982,Female,02-03-2026,Bronze,1728.42,1,1
CUST01231,Kiaan,Ratta,kiaan.ratta70@email.com,9439872641,Mumbai,469681,25-02-1984,Other,01-08-2025,Gold,29287.79,56,0
CUST01232,Avi,Kapadia,avi.kapadia63@email.com,9269311359,Mumbai,355580,04-02-2002,Other,26-10-2025,Silver,8963.31,23,1
CUST01233,Mitali,Brahmbhatt,mitali.brahmbhatt82@email.com,9117478158,Hyderabad,273034,05-03-1990,Female,28-09-2024,Bronze,3775.18,6,1
CUST01234,Harinakshi,Rajagopalan,harinakshi.rajagopalan90@email.com,9207743169,Andhra Pradesh,624467,01-12-1962,Male,05-02-2025,Silver,10331.24,85,1
CUST01235,Oviya,Gola,oviya.gola29@email.com,9683412506,Mumbai,681715,27-03-2007,Female,07-02-2026,Bronze,4841.27,2,1
CUST01236,Harrison,Ravel,harrison.ravel48@email.com,9797892013,Bangalore,252986,02-04-2007,Male,06-07-2025,Bronze,4198.27,4,1
CUST01237,Advay,Sunder,advay.sunder45@email.com,9780942700,Pune,604641,16-08-2001,Male,05-04-2026,Bronze,1295.31,2,1
CUST01238,Shravya,Thakkar,shravya.thakkar13@email.com,9717967898,Kolkata,758512,28-05-1989,Female,03-09-2025,Bronze,1310.51,17,1
CUST01239,Leela,Buch,leela.buch76@email.com,9213118615,Bangalore,59438,13-05-2002,Male,03-02-2026,Silver,13616.02,130,0
CUST01240,Suhani,Saran,suhani.saran92@email.com,9449601067,Chennai,740177,12-07-1985,Other,25-08-2024,Bronze,3531.73,6,1
CUST01241,Kala,Krishnan,kala.krishnan71@email.com,9850433828,Andhra Pradesh,540842,02-07-1980,Male,21-04-2025,Gold,34692.91,139,1
CUST01242,Omisha,Badal,omisha.badal73@email.com,9274637368,Bangalore,540915,15-01-1963,Female,03-09-2025,Silver,11263.48,37,1
CUST01243,Meghana,Kothari,meghana.kothari23@email.com,9979909322,Pune,181227,19-11-1989,Female,11-06-2026,Bronze,1656.7,15,1
CUST01244,Anvi,Pai,anvi.pai28@email.com,9285536326,Andhra Pradesh,938970,03-10-1965,Male,28-03-2025,Silver,5495.66,96,0
CUST01245,Kashish,Barad,kashish.barad56@email.com,9320269106,Bangalore,916815,17-11-2003,Male,19-02-2026,Bronze,3119.55,7,1
CUST01246,Chasmum,Sami,chasmum.sami21@email.com,9638119198,Andhra Pradesh,24161,03-08-1973,Other,04-10-2025,Silver,9563.39,85,0
CUST01247,Advika,Mitter,advika.mitter63@email.com,9928656089,Mumbai,59736,31-03-1979,Male,18-02-2026,Bronze,3727.71,15,0
CUST01248,Quincy,Malhotra,quincy.malhotra81@email.com,9860351709,Bangalore,962440,03-04-1988,Other,25-12-2024,Silver,11701.84,129,1
CUST01249,Anirudh,Sachdeva,anirudh.sachdeva52@email.com,9620947327,Mumbai,447951,11-08-1975,Female,08-01-2025,Bronze,1653.32,5,1
CUST01250,Andrew,Nair,andrew.nair48@email.com,9229746626,Mumbai,194979,07-03-1989,Male,23-11-2025,Silver,9748.87,69,1
CUST01251,Falguni,Ramachandran,falguni.ramachandran56@email.com,9652789667,Kolkata,805555,15-10-1990,Male,12-11-2024,Bronze,1584.37,16,1
CUST01252,Turvi,Tara,turvi.tara83@email.com,9608598374,Kolkata,826460,04-07-2005,Female,10-05-2026,Silver,12676.45,102,0
CUST01253,Farhan,Sur,farhan.sur17@email.com,9448377055,Mumbai,138544,02-01-1982,Other,03-07-2025,Bronze,1477.36,1,0
CUST01254,Unni,Balan,unni.balan55@email.com,9913066781,Pune,992959,29-11-1989,Male,05-06-2025,Gold,29517.27,68,0
CUST01255,Arin,Mander,arin.mander95@email.com,9799819555,Kolkata,368269,13-12-1968,Other,01-10-2024,Bronze,669.48,1,1
CUST01256,Meghana,Kamdar,meghana.kamdar43@email.com,9793701542,Delhi NCR,194226,24-12-1997,Male,31-05-2025,Bronze,999.19,7,1
CUST01257,Indira,Kalla,indira.kalla62@email.com,9707453138,Mumbai,945515,23-09-1994,Other,07-09-2025,Bronze,3387.75,14,1
CUST01258,Manya,Kar,manya.kar27@email.com,9721507403,Andhra Pradesh,774722,09-10-1987,Female,27-02-2025,Bronze,2332.64,8,1
CUST01259,Aarush,Walia,aarush.walia62@email.com,9308703601,Delhi NCR,721696,04-01-1989,Male,01-06-2025,Gold,23460.95,145,1
CUST01260,Ranbir,Balakrishnan,ranbir.balakrishnan41@email.com,9684949032,Bangalore,299819,17-05-1999,Male,06-02-2026,Gold,32995.63,26,1
CUST01261,Nilima,Bajaj,nilima.bajaj49@email.com,9871969871,Delhi NCR,932971,29-09-1985,Female,04-08-2024,Bronze,3939.73,7,1
CUST01262,Lopa,Vaidya,lopa.vaidya52@email.com,9669058532,Hyderabad,275327,21-02-1974,Male,25-03-2025,Gold,27362.94,66,1
CUST01263,Kevin,Memon,kevin.memon94@email.com,9758082151,Bangalore,39773,26-01-2007,Female,29-10-2025,Bronze,1441.96,13,1
CUST01264,Sachi,Khurana,sachi.khurana91@email.com,9837333903,Mumbai,781952,18-03-1977,Male,12-07-2025,Bronze,2719.39,10,1
CUST01265,Ekaraj,Amble,ekaraj.amble57@email.com,9458789104,Bangalore,687616,30-03-1978,Male,04-06-2026,Silver,11613.51,109,1
CUST01266,Jai,Walla,jai.walla64@email.com,9899645883,Mumbai,770460,10-04-1985,Female,24-05-2025,Bronze,4299.23,20,1
CUST01267,Yasti,Sarraf,yasti.sarraf30@email.com,9461155225,Hyderabad,112491,17-01-1972,Female,28-04-2025,Bronze,1181.79,15,0
CUST01268,Nitara,Nori,nitara.nori28@email.com,9894069335,Mumbai,373415,27-03-2004,Female,07-01-2026,Bronze,1330.61,4,1
CUST01269,Ethan,Shanker,ethan.shanker57@email.com,9377443956,Andhra Pradesh,345475,13-03-1991,Other,12-01-2026,Bronze,3432.54,14,1
CUST01270,Aarna,Maharaj,aarna.maharaj81@email.com,9938608039,Bangalore,228403,13-10-1985,Male,28-09-2025,Bronze,2886.08,9,1
CUST01271,Janani,Manne,janani.manne84@email.com,9890441390,Bangalore,294774,21-01-1971,Other,15-02-2026,Silver,13875.73,77,1
CUST01272,Kabir,Din,kabir.din76@email.com,9550581976,Mumbai,643039,01-03-1981,Other,10-11-2024,Bronze,1543.47,7,1
CUST01273,Advik,Lad,advik.lad76@email.com,9984950269,Bangalore,886792,21-12-1983,Male,30-11-2025,Bronze,2836.22,4,1
CUST01274,Nachiket,Thaker,nachiket.thaker99@email.com,9661662517,Mumbai,856728,08-05-1993,Other,01-12-2024,Silver,14105.9,59,1
CUST01275,Veda,Raghavan,veda.raghavan16@email.com,9198070687,Mumbai,153433,05-10-1970,Male,19-02-2025,Silver,14701.82,89,1
CUST01276,Jagdish,Hegde,jagdish.hegde31@email.com,9552258385,Andhra Pradesh,779083,30-04-1974,Female,26-04-2025,Platinum,47659.35,81,1
CUST01277,Bachittar,Rastogi,bachittar.rastogi46@email.com,9687868792,Mumbai,581488,20-02-1997,Other,26-05-2026,Bronze,1085.76,16,1
CUST01278,Fariq,Bhalla,fariq.bhalla24@email.com,9730507927,Hyderabad,983342,25-06-2007,Male,15-07-2026,Platinum,55452.12,136,1
CUST01279,Yash,Kari,yash.kari33@email.com,9467727461,Chennai,209484,06-10-1966,Female,15-02-2026,Platinum,57209.72,107,0
CUST01280,Ranveer,Bhatt,ranveer.bhatt77@email.com,9482035557,Kolkata,840333,27-05-2000,Male,01-03-2026,Silver,8396.79,15,1
CUST01281,Vansha,Shetty,vansha.shetty29@email.com,9968116487,Bangalore,805137,20-06-1968,Other,26-06-2025,Bronze,4719.45,10,1
CUST01282,Fiyaz,Soni,fiyaz.soni73@email.com,9277058070,Mumbai,189397,16-12-1980,Male,03-10-2025,Bronze,2936.13,8,1
CUST01283,Aditya,Sani,aditya.sani18@email.com,9695219381,Chennai,739970,05-09-1977,Male,24-02-2026,Silver,9617.88,115,0
CUST01284,Niharika,Madan,niharika.madan13@email.com,9258104565,Bangalore,258784,16-06-2004,Other,07-03-2025,Gold,15908.92,123,1
CUST01285,Aishani,Wali,aishani.wali29@email.com,9360178957,Bangalore,548847,18-02-1968,Female,25-02-2026,Bronze,3569.94,12,1
CUST01286,Qabil,Sura,qabil.sura75@email.com,9599063791,Andhra Pradesh,587722,03-01-1965,Female,28-02-2026,Gold,30558.14,42,1
CUST01287,Rachana,Modi,rachana.modi61@email.com,9896253131,Hyderabad,758231,27-04-1976,Male,30-12-2024,Bronze,2761.82,17,1
CUST01288,Damyanti,Thaker,damyanti.thaker70@email.com,9738042923,Bangalore,587149,09-11-1974,Male,04-10-2025,Bronze,2727.69,17,0
CUST01289,Mohammed,Naik,mohammed.naik10@email.com,9523751695,Mumbai,362292,16-09-1982,Female,23-08-2025,Bronze,4472.62,8,1
CUST01290,Urvi,Saha,urvi.saha15@email.com,9432748640,Delhi NCR,347452,21-05-1981,Male,03-04-2025,Gold,31562.44,71,1
CUST01291,Irya,Murty,irya.murty18@email.com,9226533051,Bangalore,469660,17-01-1988,Male,29-08-2024,Gold,33491.31,92,1
CUST01292,Nilima,Pandya,nilima.pandya93@email.com,9246768241,Mumbai,740334,10-08-1980,Male,25-04-2026,Silver,14942.47,150,0
CUST01293,Kashvi,Bajwa,kashvi.bajwa20@email.com,9185287717,Delhi NCR,665883,06-03-1975,Female,09-11-2025,Gold,22475.84,23,1
CUST01294,Yahvi,Sarraf,yahvi.sarraf35@email.com,9809505851,Bangalore,113257,23-11-2000,Female,17-07-2025,Silver,10926.21,141,1
CUST01295,Chakradhar,Ramakrishnan,chakradhar.ramakrishnan27@email.com,9249759741,Mumbai,349960,14-06-1967,Male,30-08-2024,Gold,24974.64,4,1
CUST01296,Hema,Majumdar,hema.majumdar52@email.com,9691019153,Mumbai,741721,19-08-1982,Other,12-03-2026,Silver,7778.21,147,1
CUST01297,Odika,Doshi,odika.doshi14@email.com,9203135313,Bangalore,949381,16-05-1990,Female,24-01-2025,Bronze,2719.92,4,0
CUST01298,Falak,Lad,falak.lad87@email.com,9575445024,Mumbai,21557,02-03-1975,Male,08-12-2024,Bronze,4075.58,8,1
CUST01299,Ekani,Sidhu,ekani.sidhu88@email.com,9949958911,Bangalore,755344,15-08-2001,Other,18-02-2026,Bronze,2110.54,16,0
CUST01300,Arin,Dey,arin.dey75@email.com,9498018398,Andhra Pradesh,666708,25-08-1964,Female,27-06-2026,Bronze,679.24,16,0
CUST01301,Yauvani,Prakash,yauvani.prakash83@email.com,9474452432,Kolkata,960858,10-01-1994,Other,22-02-2025,Silver,5240.84,145,1
CUST01302,Gauri,Bhavsar,gauri.bhavsar51@email.com,9507453156,Delhi NCR,918182,29-06-1995,Male,06-05-2026,Silver,12636.7,20,1
CUST01303,Gagan,Sidhu,gagan.sidhu15@email.com,9160631620,Mumbai,164772,22-10-2004,Male,31-03-2025,Silver,6589.26,68,0
CUST01304,Elijah,Gopal,elijah.gopal86@email.com,9688210919,Kolkata,786069,16-07-1980,Female,22-07-2024,Bronze,2952.95,6,1
CUST01305,Madhavi,Bahl,madhavi.bahl44@email.com,9191849758,Hyderabad,356243,24-04-2000,Male,23-12-2025,Silver,14082.89,16,1
CUST01306,Eta,Walia,eta.walia43@email.com,9819092220,Delhi NCR,395923,21-08-1970,Other,25-12-2024,Silver,12233.2,67,1
CUST01307,Darika,Golla,darika.golla66@email.com,9832076287,Bangalore,89028,06-04-1984,Other,09-09-2024,Silver,9980.33,134,1
CUST01308,Falak,Murty,falak.murty68@email.com,9150845112,Delhi NCR,334264,26-05-1976,Male,15-07-2026,Bronze,4862.09,18,0
CUST01309,Teerth,Pant,teerth.pant98@email.com,9135917269,Hyderabad,271607,28-09-1974,Female,09-05-2025,Platinum,71471.75,136,1
CUST01310,Chandran,Sekhon,chandran.sekhon90@email.com,9199604473,Bangalore,633691,12-11-1966,Male,01-12-2024,Bronze,1751.47,15,1
CUST01311,Yashawini,Varty,yashawini.varty60@email.com,9954347746,Mumbai,231795,10-02-1982,Female,05-06-2025,Bronze,846.96,1,0
CUST01312,Rayaan,Kade,rayaan.kade67@email.com,9480179918,Mumbai,857481,23-08-1991,Male,30-07-2024,Bronze,4891.61,3,1
CUST01313,Abhimanyu,Rai,abhimanyu.rai84@email.com,9103080906,Hyderabad,615541,02-02-1990,Male,07-05-2026,Bronze,2335.81,17,1
CUST01314,Charita,Karnik,charita.karnik33@email.com,9292321031,Bangalore,670450,15-02-1970,Male,07-05-2026,Bronze,2406.9,15,1
CUST01315,Yuvraj,Goel,yuvraj.goel72@email.com,9845367337,Andhra Pradesh,282270,16-09-1964,Male,24-10-2025,Bronze,3082.54,19,1
CUST01316,Shaurya,Memon,shaurya.memon32@email.com,9519382766,Delhi NCR,962622,02-11-1995,Male,12-11-2024,Bronze,1915.7,17,1
CUST01317,Pratyush,Patla,pratyush.patla81@email.com,9612606563,Mumbai,207346,06-02-2003,Female,03-05-2025,Bronze,2317.96,9,1
CUST01318,Alka,Nagi,alka.nagi53@email.com,9764368261,Bangalore,50702,15-04-1988,Male,23-08-2024,Bronze,3691.33,9,1
CUST01319,Krishna,Vohra,krishna.vohra62@email.com,9603972298,Hyderabad,210531,13-02-1989,Other,07-09-2024,Gold,23978.32,83,1
CUST01320,Isaiah,Soni,isaiah.soni86@email.com,9249228479,Mumbai,687290,27-09-1981,Female,22-07-2025,Bronze,1468.39,12,1
CUST01321,Upasna,Kurian,upasna.kurian62@email.com,9893150367,Mumbai,585917,30-01-1994,Other,19-02-2026,Bronze,3858.44,7,1
CUST01322,Rohan,Dass,rohan.dass17@email.com,9674279365,Andhra Pradesh,822311,11-01-1988,Male,22-02-2025,Bronze,4078.41,7,1
CUST01323,Henry,Krish,henry.krish86@email.com,9176323073,Hyderabad,424579,05-12-1995,Other,23-08-2025,Silver,12497.02,103,1
CUST01324,Amara,Deep,amara.deep62@email.com,9712145901,Bangalore,652906,19-07-2003,Female,24-08-2024,Gold,22758.89,23,1
CUST01325,Rudra,Gopal,rudra.gopal91@email.com,9877918777,Delhi NCR,203265,06-05-1961,Male,05-10-2025,Bronze,3600.37,15,1
CUST01326,Vasana,Sule,vasana.sule56@email.com,9705391184,Mumbai,396737,29-10-2002,Other,07-02-2025,Silver,10280.14,58,1
CUST01327,Ria,Dalal,ria.dalal93@email.com,9507746008,Bangalore,855245,17-09-1993,Other,09-03-2026,Bronze,1727.84,3,0
CUST01328,Tanmayi,Char,tanmayi.char76@email.com,9630394841,Hyderabad,841560,09-07-1997,Male,24-10-2024,Silver,8249.55,58,1
CUST01329,Girindra,Karan,girindra.karan92@email.com,9216145938,Kolkata,118425,10-06-1981,Female,04-07-2025,Bronze,1455.18,10,1
CUST01330,Rajata,Butala,rajata.butala78@email.com,9622696979,Hyderabad,683230,25-01-1974,Female,07-02-2026,Bronze,1428.98,1,1
CUST01331,Irya,Vora,irya.vora76@email.com,9212436999,Bangalore,988085,04-04-1997,Other,12-01-2025,Silver,14446.42,54,1
CUST01332,Ojas,Prasad,ojas.prasad72@email.com,9926998919,Kolkata,129328,13-01-2002,Female,12-06-2025,Bronze,2123.41,10,1
CUST01333,Samaksh,Mallick,samaksh.mallick54@email.com,9983976728,Hyderabad,646867,24-05-1992,Male,25-03-2025,Silver,5404.84,44,1
CUST01334,Laban,Mital,laban.mital33@email.com,9740512698,Bangalore,148439,19-12-2000,Female,07-09-2024,Bronze,3800.81,15,1
CUST01335,Daniel,Roy,daniel.roy70@email.com,9950442064,Mumbai,272362,06-07-2004,Other,08-06-2025,Bronze,1188.99,13,1
CUST01336,Mahika,Hari,mahika.hari34@email.com,9398456369,Delhi NCR,513426,12-12-1968,Other,01-02-2026,Bronze,4121.29,9,1
CUST01337,Max,Jha,max.jha75@email.com,9799915044,Bangalore,245018,20-09-1981,Female,29-08-2025,Platinum,47961.01,1,1
CUST01338,Harshil,Sinha,harshil.sinha71@email.com,9163408011,Pune,741897,02-01-1971,Other,10-09-2024,Gold,18049.39,93,1
CUST01339,Harita,Magar,harita.magar49@email.com,9923945729,Andhra Pradesh,641769,04-01-1972,Female,29-05-2026,Bronze,1213.25,14,1
CUST01340,Vidhi,Manne,vidhi.manne50@email.com,9106180072,Chennai,811995,19-12-1976,Other,24-05-2026,Bronze,4206.68,4,1
CUST01341,Warda,Sankaran,warda.sankaran10@email.com,9328016080,Pune,14448,04-12-1982,Male,08-06-2025,Bronze,3634.38,4,1
CUST01342,Zayan,Parikh,zayan.parikh63@email.com,9791798577,Andhra Pradesh,17397,12-08-1975,Female,20-10-2025,Silver,8228.49,65,1
CUST01343,Radha,Lata,radha.lata49@email.com,9319947895,Andhra Pradesh,789969,11-11-1995,Female,25-05-2026,Silver,6524.73,129,1
CUST01344,Lavanya,Basak,lavanya.basak98@email.com,9494076410,Mumbai,919113,03-02-1985,Male,11-10-2025,Bronze,3911.16,10,1
CUST01345,Oviya,Ramesh,oviya.ramesh38@email.com,9618952047,Bangalore,577980,05-09-1987,Male,10-04-2026,Bronze,4511.81,8,1
CUST01346,Rachana,Bal,rachana.bal12@email.com,9878354883,Andhra Pradesh,920514,04-08-1988,Other,01-04-2026,Bronze,1607.7,16,1
CUST01347,Ayush,Shan,ayush.shan50@email.com,9511758524,Bangalore,555347,20-10-1963,Female,27-03-2025,Silver,13583.54,66,0
CUST01348,Tara,Lall,tara.lall47@email.com,9363902255,Delhi NCR,388565,03-04-1972,Female,05-05-2026,Silver,9833.97,53,1
CUST01349,Xalak,Chakraborty,xalak.chakraborty95@email.com,9515692325,Andhra Pradesh,598354,10-06-1967,Female,28-06-2026,Bronze,4744.12,10,1
CUST01350,Gautam,Ravi,gautam.ravi47@email.com,9677077064,Mumbai,972634,31-07-1993,Male,16-04-2025,Bronze,2350.64,15,1
CUST01351,Geetika,Sarma,geetika.sarma37@email.com,9981929608,Bangalore,225013,21-02-2000,Female,16-03-2025,Bronze,4755.93,16,1
CUST01352,Yashawini,Minhas,yashawini.minhas96@email.com,9230719578,Bangalore,691311,28-03-2001,Male,28-06-2026,Silver,13683.7,138,1
CUST01353,Nidhi,Lall,nidhi.lall32@email.com,9988164406,Andhra Pradesh,585626,07-08-1967,Male,05-05-2026,Silver,13051.72,26,1
CUST01354,Chaaya,Butala,chaaya.butala21@email.com,9786237354,Bangalore,370382,21-12-2005,Other,15-02-2025,Silver,7661.64,102,1
CUST01355,Atharv,Talwar,atharv.talwar97@email.com,9886588096,Hyderabad,333732,23-05-1961,Female,05-03-2025,Silver,6607.35,32,0
CUST01356,Yagnesh,Bail,yagnesh.bail17@email.com,9749893497,Mumbai,768893,09-08-1988,Female,09-12-2024,Bronze,4552.14,6,1
CUST01357,Zilmil,Ratta,zilmil.ratta47@email.com,9479604966,Andhra Pradesh,454655,08-07-1976,Other,23-03-2025,Bronze,2297.85,14,1
CUST01358,Ishanvi,Bose,ishanvi.bose33@email.com,9215374227,Delhi NCR,538921,29-01-1995,Other,19-01-2026,Gold,23244.98,49,1
CUST01359,Vamakshi,Wason,vamakshi.wason69@email.com,9691726493,Mumbai,193583,17-03-1992,Male,12-02-2025,Bronze,4428.48,13,1
CUST01360,Chatresh,Sharma,chatresh.sharma64@email.com,9445960734,Chennai,796120,26-08-1998,Other,01-07-2025,Bronze,2376.17,5,1
CUST01361,Dakshesh,Palan,dakshesh.palan66@email.com,9175570124,Bangalore,215149,11-09-1977,Male,14-06-2026,Bronze,4585.33,13,1
CUST01362,Ayaan,Swaminathan,ayaan.swaminathan76@email.com,9873360691,Andhra Pradesh,263748,29-12-2007,Female,24-12-2025,Bronze,1416.16,15,1
CUST01363,Daksha,Narayanan,daksha.narayanan70@email.com,9533530476,Mumbai,986289,11-12-1981,Female,19-05-2026,Bronze,4951.18,4,1
CUST01364,Abeer,Bera,abeer.bera71@email.com,9839595377,Hyderabad,911918,12-09-1988,Other,05-02-2026,Gold,22645.46,65,1
CUST01365,Neel,Hayer,neel.hayer66@email.com,9962570367,Mumbai,922071,15-02-1983,Female,25-09-2024,Bronze,938.46,18,0
CUST01366,Girindra,Raval,girindra.raval35@email.com,9558255428,Delhi NCR,667252,26-01-1967,Female,16-03-2025,Silver,9429.76,55,1
CUST01367,Isha,Goel,isha.goel75@email.com,9332913476,Mumbai,471246,14-03-1974,Female,10-01-2025,Bronze,2484.4,19,0
CUST01368,Indali,Bumb,indali.bumb64@email.com,9405943938,Pune,718409,09-09-1964,Female,23-09-2025,Silver,6940.93,144,1
CUST01369,Daniel,Prakash,daniel.prakash75@email.com,9851251308,Bangalore,208005,24-09-1986,Male,12-03-2025,Bronze,859.16,5,0
CUST01370,Ayaan,Prasad,ayaan.prasad96@email.com,9362189726,Andhra Pradesh,239728,29-05-1975,Female,12-04-2025,Bronze,3560.7,6,1
CUST01371,Gunbir,Dubey,gunbir.dubey81@email.com,9187876524,Andhra Pradesh,927282,02-11-1990,Other,10-08-2024,Gold,25876.99,92,1
CUST01372,Balvan,Yogi,balvan.yogi44@email.com,9398204927,Delhi NCR,441529,31-10-1995,Other,25-11-2024,Silver,13623.07,64,0
CUST01373,Harish,Tank,harish.tank92@email.com,9665602072,Pune,929578,03-01-1987,Other,18-03-2026,Platinum,55841.18,92,1
CUST01374,Sara,Dada,sara.dada47@email.com,9792553200,Bangalore,535237,13-05-1973,Female,26-03-2026,Bronze,2818.3,7,1
CUST01375,Netra,Barman,netra.barman82@email.com,9969757699,Delhi NCR,79181,12-09-2005,Female,08-12-2025,Bronze,1706.05,17,0
CUST01376,Ekani,Vyas,ekani.vyas80@email.com,9130084821,Mumbai,834527,09-01-1974,Other,02-03-2025,Bronze,1157.13,17,0
CUST01377,Pooja,Raval,pooja.raval38@email.com,9433774063,Andhra Pradesh,617071,05-06-1982,Male,26-09-2025,Bronze,2883.91,18,1
CUST01378,Veda,Ramachandran,veda.ramachandran76@email.com,9972868469,Mumbai,740803,13-08-1966,Female,13-03-2025,Silver,6544,54,1
CUST01379,Oscar,Murthy,oscar.murthy43@email.com,9502750498,Hyderabad,800463,26-06-1984,Male,08-09-2025,Silver,8028.39,107,1
CUST01380,Charles,Saraf,charles.saraf26@email.com,9924748849,Mumbai,850317,08-03-1973,Female,11-06-2026,Bronze,4631.78,7,1
CUST01381,Timothy,Nagarajan,timothy.nagarajan46@email.com,9718136198,Andhra Pradesh,373990,17-08-1963,Male,04-07-2026,Bronze,3394.8,12,1
CUST01382,Lakshmi,Jha,lakshmi.jha31@email.com,9458471513,Delhi NCR,403526,02-02-1976,Other,02-05-2025,Silver,12386.68,68,1
CUST01383,Neelima,Basu,neelima.basu71@email.com,9991160947,Andhra Pradesh,293946,06-11-2006,Female,04-10-2025,Gold,32575.93,49,1
CUST01384,Dayita,Jayaraman,dayita.jayaraman51@email.com,9336991297,Bangalore,606664,10-06-1973,Other,13-04-2026,Bronze,620.31,5,0
CUST01385,Vinaya,Kulkarni,vinaya.kulkarni24@email.com,9968456283,Bangalore,607231,08-12-2003,Female,14-10-2024,Silver,10428.1,94,1
CUST01386,Jack,Dutt,jack.dutt12@email.com,9798655419,Hyderabad,128524,19-11-2006,Female,24-01-2026,Bronze,667.74,6,1
CUST01387,Mitali,Mane,mitali.mane83@email.com,9868146785,Hyderabad,494116,20-04-1974,Other,23-09-2024,Gold,29113.37,73,1
CUST01388,Widisha,Iyer,widisha.iyer89@email.com,9752678395,Hyderabad,807711,09-02-1976,Male,16-08-2024,Bronze,1565.54,9,1
CUST01389,Lipika,Gour,lipika.gour23@email.com,9902668622,Delhi NCR,136957,06-04-1970,Other,26-06-2025,Silver,10787.72,50,1
CUST01390,Benjamin,Thakur,benjamin.thakur43@email.com,9970263827,Delhi NCR,350902,11-10-1983,Other,16-05-2026,Bronze,3439.93,3,1
CUST01391,Zashil,Gill,zashil.gill11@email.com,9749091819,Mumbai,730662,27-05-1980,Male,14-08-2025,Silver,6064.85,44,1
CUST01392,Devansh,Kar,devansh.kar99@email.com,9685523307,Delhi NCR,357071,09-04-1977,Male,28-10-2025,Bronze,1944.51,20,1
CUST01393,Bhavna,Dyal,bhavna.dyal40@email.com,9818604629,Pune,850116,20-10-1995,Male,05-09-2025,Bronze,2649.74,2,0
CUST01394,Anay,Gara,anay.gara45@email.com,9683461011,Kolkata,502130,28-06-1986,Other,20-07-2024,Silver,14493.36,140,1
CUST01395,Dalbir,Ram,dalbir.ram30@email.com,9728397324,Pune,309810,13-09-2004,Male,19-04-2026,Silver,9880.16,50,1
CUST01396,Vamakshi,Raju,vamakshi.raju16@email.com,9373002494,Kolkata,967379,24-07-1977,Female,12-04-2025,Bronze,4802.63,13,0
CUST01397,Suhani,Srinivas,suhani.srinivas95@email.com,9469204233,Mumbai,785324,26-11-2003,Male,05-02-2026,Bronze,4341.31,2,0
CUST01398,Owen,Rama,owen.rama18@email.com,9637291241,Bangalore,250642,11-06-1963,Other,10-07-2025,Silver,9448.21,59,1
CUST01399,Nirja,Karan,nirja.karan21@email.com,9440509216,Hyderabad,253666,21-11-1991,Male,07-02-2026,Bronze,2801.8,18,1
CUST01400,Sneha,Sawhney,sneha.sawhney96@email.com,9632670668,Delhi NCR,755562,10-08-1996,Female,24-12-2024,Silver,14379.04,6,1
CUST01401,Yatan,Kalla,yatan.kalla14@email.com,9936306304,Kolkata,939578,29-04-1988,Other,05-05-2025,Gold,29716.65,122,1
CUST01402,Damyanti,Kala,damyanti.kala86@email.com,9660170904,Kolkata,271874,25-12-2002,Female,03-06-2025,Silver,8973.81,73,0
CUST01403,Charan,Iyengar,charan.iyengar78@email.com,9836968489,Pune,582686,25-10-1972,Male,27-06-2025,Bronze,2661.88,1,0
CUST01404,Arjun,Jhaveri,arjun.jhaveri46@email.com,9895830475,Andhra Pradesh,924926,06-09-1999,Male,17-03-2026,Bronze,1840.63,3,1
CUST01405,Rudra,Dora,rudra.dora43@email.com,9812742941,Hyderabad,573275,30-01-2002,Female,12-07-2026,Silver,9731.47,7,1
CUST01406,Balendra,Chatterjee,balendra.chatterjee80@email.com,9749428719,Delhi NCR,100051,12-11-1981,Other,11-07-2026,Silver,6840.68,38,1
CUST01407,Ishanvi,Jain,ishanvi.jain39@email.com,9695576061,Pune,341595,01-04-2000,Other,20-06-2026,Gold,18340.53,8,1
CUST01408,Sanya,Soman,sanya.soman23@email.com,9344425138,Hyderabad,244182,22-11-1970,Other,21-11-2024,Bronze,3606.79,15,1
CUST01409,Ojasvi,Dani,ojasvi.dani78@email.com,9598085936,Mumbai,288743,05-04-1968,Other,15-12-2025,Bronze,3692.71,8,1
CUST01410,Manan,Saxena,manan.saxena87@email.com,9782414571,Mumbai,26767,23-02-1972,Female,05-03-2026,Silver,12003.44,16,1
CUST01411,Anmol,Patil,anmol.patil23@email.com,9562598513,Mumbai,992707,05-04-2006,Other,01-10-2025,Bronze,4478.34,15,1
CUST01412,Hemangini,Nori,hemangini.nori11@email.com,9282584342,Mumbai,512294,23-08-2006,Female,19-05-2025,Bronze,3200.05,10,1
CUST01413,Mason,Choudhry,mason.choudhry60@email.com,9550738167,Bangalore,541597,19-08-1961,Male,13-11-2025,Bronze,4311.48,4,1
CUST01414,Omisha,Gara,omisha.gara53@email.com,9689068174,Hyderabad,438480,12-11-1993,Male,22-03-2025,Bronze,1576.01,11,1
CUST01415,Ojas,Ben,ojas.ben27@email.com,9871528335,Hyderabad,447650,11-02-1979,Male,20-02-2026,Bronze,3284.65,15,1
CUST01416,Tara,Buch,tara.buch29@email.com,9631967960,Hyderabad,802909,08-11-1961,Female,10-03-2025,Bronze,4291.2,3,1
CUST01417,Lajita,Iyengar,lajita.iyengar33@email.com,9547968292,Chennai,660465,04-07-1985,Male,02-04-2026,Silver,7548.35,124,1
CUST01418,Yauvani,Samra,yauvani.samra91@email.com,9791612415,Delhi NCR,525483,23-10-1993,Female,21-02-2025,Bronze,1876.61,18,1
CUST01419,Amara,Chacko,amara.chacko95@email.com,9267388598,Bangalore,158102,31-10-1967,Female,22-01-2025,Bronze,2041.21,1,1
CUST01420,Falan,Goel,falan.goel35@email.com,9751100079,Chennai,129311,15-03-1961,Other,30-01-2026,Silver,8253.22,34,0
CUST01421,Agastya,Om,agastya.om11@email.com,9859347768,Delhi NCR,297519,05-11-1968,Other,30-08-2024,Silver,6459.81,109,1
CUST01422,Liam,Iyengar,liam.iyengar32@email.com,9335667455,Mumbai,211063,08-11-1974,Other,25-08-2024,Silver,6827.41,126,0
CUST01423,Fariq,Ram,fariq.ram21@email.com,9142651763,Delhi NCR,837379,17-03-1973,Other,17-07-2025,Silver,9708.23,60,1
CUST01424,Bhavna,Bhat,bhavna.bhat80@email.com,9148196012,Bangalore,280123,18-06-1978,Male,06-11-2024,Silver,9130.05,27,1
CUST01425,Ranbir,Dasgupta,ranbir.dasgupta63@email.com,9884857673,Andhra Pradesh,325326,12-10-2003,Other,28-04-2026,Bronze,1128.19,9,0
CUST01426,Chaman,Sachar,chaman.sachar62@email.com,9521795577,Delhi NCR,364538,08-01-1961,Female,08-12-2025,Bronze,4028.34,12,1
CUST01427,Zayan,Manda,zayan.manda22@email.com,9825787872,Delhi NCR,101750,23-09-2002,Female,24-02-2026,Bronze,4350.7,20,1
CUST01428,Qushi,Buch,qushi.buch67@email.com,9954987559,Hyderabad,15959,12-09-2006,Other,07-09-2024,Silver,7070.74,14,1
CUST01429,Adweta,Nagar,adweta.nagar60@email.com,9182581826,Mumbai,575747,17-11-1981,Other,15-09-2025,Bronze,584.37,16,0
CUST01430,Ranveer,Kari,ranveer.kari10@email.com,9881041593,Pune,56775,27-12-1987,Male,13-07-2025,Gold,27944.42,86,1
CUST01431,Ucchal,Sethi,ucchal.sethi65@email.com,9399962591,Andhra Pradesh,266025,04-07-1986,Female,24-05-2026,Platinum,72143.84,59,1
CUST01432,Manthan,Ratta,manthan.ratta43@email.com,9979340699,Mumbai,62292,25-04-1975,Other,29-09-2024,Gold,28159.67,117,1
CUST01433,Amol,Raman,amol.raman38@email.com,9929814185,Andhra Pradesh,245307,28-03-1987,Female,17-11-2024,Gold,32972.11,46,1
CUST01434,Chavvi,Mall,chavvi.mall55@email.com,9565896509,Chennai,379766,04-06-1971,Female,31-07-2025,Bronze,2644.61,18,1
CUST01435,Darpan,Pandit,darpan.pandit29@email.com,9923242308,Hyderabad,157942,19-07-1976,Male,24-08-2025,Silver,13247.55,107,1
CUST01436,Warda,Kalita,warda.kalita64@email.com,9220638996,Hyderabad,704254,05-02-2007,Male,10-11-2025,Bronze,2591.52,10,1
CUST01437,Pushti,Dara,pushti.dara36@email.com,9211996427,Hyderabad,845525,07-01-1999,Male,20-07-2025,Bronze,4269.5,15,1
CUST01438,Dev,Badami,dev.badami63@email.com,9926116018,Bangalore,563353,25-10-1981,Other,22-11-2025,Bronze,666.06,15,1
CUST01439,Vamakshi,Mand,vamakshi.mand53@email.com,9784033015,Mumbai,953259,16-02-1976,Other,19-01-2026,Silver,13492.47,131,1
CUST01440,Warjas,Krish,warjas.krish34@email.com,9457022937,Mumbai,970581,08-09-1986,Female,20-02-2026,Bronze,2830.81,14,1
CUST01441,Manbir,Nagy,manbir.nagy77@email.com,9778846321,Mumbai,877941,19-02-1991,Other,16-05-2025,Bronze,3226.42,2,1
CUST01442,Reyansh,Majumdar,reyansh.majumdar14@email.com,9330384732,Kolkata,507330,24-10-1982,Female,20-04-2025,Bronze,3199.89,19,1
CUST01443,Vasudha,Dhingra,vasudha.dhingra13@email.com,9619001674,Hyderabad,575983,30-06-2004,Female,11-12-2024,Bronze,4186.88,15,1
CUST01444,Jai,Merchant,jai.merchant87@email.com,9280528380,Mumbai,388436,01-05-1989,Male,13-01-2026,Gold,30709.39,11,1
CUST01445,Advay,Misra,advay.misra82@email.com,9387700775,Andhra Pradesh,324006,26-11-1965,Male,30-04-2025,Bronze,1499.91,6,1
CUST01446,Udyati,Divan,udyati.divan95@email.com,9945293572,Bangalore,682975,18-11-1967,Other,15-07-2026,Bronze,2590.76,5,1
CUST01447,Anusha,Shah,anusha.shah17@email.com,9980445813,Chennai,397429,17-04-1969,Female,25-03-2025,Platinum,55600.7,21,1
CUST01448,Anay,Dasgupta,anay.dasgupta39@email.com,9271049557,Kolkata,587525,25-01-1986,Other,18-09-2025,Bronze,1715.79,18,1
CUST01449,Atharv,Saraf,atharv.saraf33@email.com,9755588479,Hyderabad,625904,06-08-1982,Male,30-09-2025,Gold,23292.4,131,1
CUST01450,Balveer,Vaidya,balveer.vaidya83@email.com,9548407370,Bangalore,271122,04-07-1967,Female,28-08-2025,Silver,7952.36,137,0
CUST01451,Nihal,Keer,nihal.keer33@email.com,9883843851,Delhi NCR,555165,13-04-1965,Male,04-08-2025,Silver,7941.43,86,1
CUST01452,Nandini,Bhatia,nandini.bhatia85@email.com,9900076958,Delhi NCR,628137,16-05-1971,Female,15-10-2024,Silver,12785.66,150,1
CUST01453,Advika,Karan,advika.karan18@email.com,9127579441,Delhi NCR,80037,07-06-1963,Male,19-08-2024,Silver,12686,51,1
CUST01454,Theodore,Kaul,theodore.kaul52@email.com,9585655023,Hyderabad,285566,09-11-1961,Other,18-08-2025,Bronze,2260.29,12,1
CUST01455,Bimala,Tailor,bimala.tailor63@email.com,9832615701,Hyderabad,681039,30-12-1962,Female,27-12-2024,Bronze,2528,6,1
CUST01456,Victor,Swamy,victor.swamy76@email.com,9368441178,Mumbai,519582,29-07-1987,Other,30-12-2024,Bronze,2042.3,8,1
CUST01457,Max,Yadav,max.yadav20@email.com,9473962570,Delhi NCR,944858,24-12-1986,Female,19-11-2024,Bronze,1304.65,9,0
CUST01458,Saksham,Kunda,saksham.kunda12@email.com,9311838314,Pune,354614,13-04-1991,Female,09-08-2024,Bronze,1531.18,2,0
CUST01459,Sanaya,Vala,sanaya.vala47@email.com,9718048658,Bangalore,321061,15-07-1974,Female,20-12-2024,Gold,34701.89,137,1
CUST01460,Chanchal,Kala,chanchal.kala56@email.com,9704527930,Kolkata,570394,20-04-1975,Male,18-08-2025,Bronze,2688.6,7,0
CUST01461,Arjun,Mukherjee,arjun.mukherjee62@email.com,9516174292,Delhi NCR,325376,28-10-1982,Male,08-07-2025,Silver,11213.26,92,1
CUST01462,Mahika,Gandhi,mahika.gandhi78@email.com,9447049506,Hyderabad,789431,28-06-2002,Male,09-10-2024,Gold,18012.71,65,1
CUST01463,Aadi,Balasubramanian,aadi.balasubramanian60@email.com,9998260184,Hyderabad,40476,17-03-1999,Other,18-11-2024,Silver,9928.52,74,1
CUST01464,Gunbir,Bera,gunbir.bera26@email.com,9516846238,Delhi NCR,336514,15-12-1988,Other,07-12-2025,Silver,11715.57,7,1
CUST01465,Anthony,Mishra,anthony.mishra37@email.com,9338743903,Bangalore,142473,25-09-1968,Other,02-07-2026,Bronze,2764.48,7,1
CUST01466,Azaan,Soni,azaan.soni36@email.com,9459579445,Andhra Pradesh,11379,02-11-2007,Female,23-09-2025,Silver,6867.52,126,1
CUST01467,Anjali,Madan,anjali.madan56@email.com,9286518703,Delhi NCR,971231,07-08-1987,Female,26-12-2025,Bronze,4899.75,15,1
CUST01468,Krishna,Balan,krishna.balan85@email.com,9691535342,Andhra Pradesh,767620,18-10-1999,Other,15-06-2026,Gold,27473.86,116,1
CUST01469,Chaitanya,Bhatnagar,chaitanya.bhatnagar48@email.com,9693554532,Hyderabad,473404,06-05-1973,Female,16-01-2025,Silver,11410.19,11,1
CUST01470,Sara,Agarwal,sara.agarwal46@email.com,9668811622,Hyderabad,968730,17-01-1980,Other,26-04-2025,Bronze,2599.62,2,1
CUST01471,Gaurang,Pillai,gaurang.pillai70@email.com,9684930751,Hyderabad,782558,06-05-1997,Male,08-11-2024,Silver,12380.96,29,1
CUST01472,Ekani,Palan,ekani.palan93@email.com,9868196880,Andhra Pradesh,296575,12-06-1980,Other,09-11-2024,Bronze,2023.7,3,1
CUST01473,Warda,Reddy,warda.reddy66@email.com,9767718102,Pune,619425,14-12-1984,Male,01-12-2025,Platinum,35924.47,116,1
CUST01474,Unnati,Seshadri,unnati.seshadri83@email.com,9602302237,Pune,58295,23-04-1997,Female,21-11-2025,Bronze,735.89,6,1
CUST01475,Nathaniel,Dewan,nathaniel.dewan73@email.com,9988398987,Mumbai,616188,28-05-1963,Female,25-08-2025,Bronze,2666.78,11,1
CUST01476,Hemang,Agrawal,hemang.agrawal64@email.com,9538813856,Bangalore,823571,12-09-1982,Female,06-02-2026,Bronze,2263.12,7,1
CUST01477,Kashvi,Rana,kashvi.rana85@email.com,9462378153,Delhi NCR,395613,17-02-2004,Female,30-11-2025,Bronze,2723.01,20,1
CUST01478,Sudiksha,Dugal,sudiksha.dugal43@email.com,9412652234,Delhi NCR,81721,02-11-2007,Male,13-03-2025,Bronze,1628.45,1,1
CUST01479,Wyatt,Ravi,wyatt.ravi97@email.com,9371931655,Andhra Pradesh,381300,30-08-1962,Female,04-03-2025,Platinum,40571.51,146,1
CUST01480,Jai,Johal,jai.johal77@email.com,9430183821,Mumbai,114716,16-11-1984,Other,13-12-2025,Silver,9039.7,94,0
CUST01481,Neha,Anne,neha.anne43@email.com,9824151942,Bangalore,565346,08-09-2002,Male,19-10-2025,Bronze,3163.83,4,1
CUST01482,Vanya,Barman,vanya.barman69@email.com,9146078854,Delhi NCR,75504,23-03-2008,Female,20-07-2025,Silver,6009.06,84,1
CUST01483,Leela,Yohannan,leela.yohannan15@email.com,9284931273,Bangalore,699570,28-05-1986,Female,17-08-2024,Gold,30681.94,135,1
CUST01484,Vinaya,Chadha,vinaya.chadha89@email.com,9609185747,Bangalore,481131,28-06-1991,Female,09-05-2025,Silver,10873.38,44,1
CUST01485,Geetika,Khurana,geetika.khurana18@email.com,9668393557,Mumbai,54873,24-04-2002,Other,01-06-2025,Silver,11866.26,66,1
CUST01486,Girish,Anne,girish.anne29@email.com,9403116535,Hyderabad,908718,17-11-1972,Male,12-07-2025,Gold,15499.84,79,1
CUST01487,Anvi,Rama,anvi.rama89@email.com,9620391078,Hyderabad,491872,15-04-1991,Other,02-03-2025,Gold,27647.97,12,1
CUST01488,Nicholas,Baral,nicholas.baral13@email.com,9822226670,Hyderabad,956121,05-02-1974,Female,27-07-2025,Silver,9941.47,55,0
CUST01489,Vedika,Krish,vedika.krish17@email.com,9806890285,Delhi NCR,626042,02-10-1975,Male,08-04-2025,Bronze,2798.47,14,1
CUST01490,Wakeeta,Karnik,wakeeta.karnik92@email.com,9439203976,Hyderabad,112229,04-11-1998,Male,05-08-2024,Silver,8514.7,85,1
CUST01491,Raksha,Taneja,raksha.taneja63@email.com,9616906330,Delhi NCR,608581,12-01-1989,Other,20-07-2025,Bronze,3528.34,20,1
CUST01492,Bahadurjit,Mallick,bahadurjit.mallick36@email.com,9659285615,Kolkata,861114,12-10-2005,Female,21-04-2025,Silver,7444.14,49,1
CUST01493,Vaishnavi,Rattan,vaishnavi.rattan98@email.com,9321682944,Andhra Pradesh,210219,04-04-1973,Male,16-12-2025,Gold,33777.79,44,1
CUST01494,Ronith,Sehgal,ronith.sehgal60@email.com,9547236371,Andhra Pradesh,847129,01-09-1988,Female,15-10-2024,Silver,12280.62,122,0
CUST01495,Balveer,Kata,balveer.kata26@email.com,9383574568,Hyderabad,242605,18-08-1964,Male,18-08-2025,Bronze,4458.26,8,1
CUST01496,Advik,Chowdhury,advik.chowdhury28@email.com,9732353415,Delhi NCR,980425,16-02-1977,Male,17-05-2026,Gold,16753.9,147,1
CUST01497,Varsha,Kala,varsha.kala88@email.com,9701524150,Andhra Pradesh,777312,10-12-1986,Female,20-09-2025,Bronze,3462.88,15,1
CUST01498,Ekavir,Dhingra,ekavir.dhingra67@email.com,9690568152,Andhra Pradesh,821781,27-01-1999,Male,22-11-2024,Bronze,3959.73,3,1
CUST01499,Yatin,Sachdev,yatin.sachdev50@email.com,9929034608,Pune,346060,10-05-1982,Other,16-03-2026,Silver,6934.54,105,0
CUST01500,Megha,Bala,megha.bala67@email.com,9599965320,Hyderabad,567932,02-03-1993,Other,07-11-2025,Silver,9371.82,137,1
CUST01501,Yashodhara,Ray,yashodhara.ray12@email.com,9330588903,Bangalore,398471,29-12-1989,Other,26-10-2025,Bronze,2417.25,7,1
CUST01502,Azaan,Sahni,azaan.sahni84@email.com,9232510091,Kolkata,812054,23-04-1987,Female,21-02-2025,Gold,15174.79,81,1
CUST01503,Ucchal,Om,ucchal.om60@email.com,9837717723,Hyderabad,895478,28-09-1993,Other,13-05-2025,Bronze,598.54,3,1
CUST01504,Laksh,Singh,laksh.singh64@email.com,9897957585,Mumbai,175889,06-07-2003,Female,04-09-2024,Silver,7364.08,24,1
CUST01505,Zayan,Loyal,zayan.loyal78@email.com,9475081914,Hyderabad,498355,02-11-1976,Female,30-09-2025,Silver,11609.62,2,1
CUST01506,Rayaan,Pall,rayaan.pall75@email.com,9452839140,Hyderabad,358644,23-03-2001,Other,12-06-2025,Bronze,1781.01,5,1
CUST01507,Raghav,Dewan,raghav.dewan68@email.com,9463956708,Delhi NCR,358853,13-01-1992,Female,12-10-2025,Silver,12460.61,125,0
CUST01508,Zinal,Ghose,zinal.ghose18@email.com,9743343159,Hyderabad,433952,10-08-2004,Other,07-04-2026,Silver,12880.51,122,1
CUST01509,Watika,Prasad,watika.prasad94@email.com,9996437689,Mumbai,674978,12-10-1983,Female,08-11-2024,Bronze,4881.82,18,1
CUST01510,Aachal,Bora,aachal.bora91@email.com,9213901779,Andhra Pradesh,168601,27-05-1973,Other,09-04-2026,Bronze,1393.17,9,0
CUST01511,Aachal,Talwar,aachal.talwar87@email.com,9241142113,Delhi NCR,894896,06-02-1974,Female,09-02-2025,Bronze,2142.87,9,1
CUST01512,Charan,Sane,charan.sane20@email.com,9934414559,Mumbai,917665,03-09-1968,Other,03-11-2024,Bronze,4655.63,3,1
CUST01513,Pratyush,Das,pratyush.das22@email.com,9742836785,Andhra Pradesh,1418,20-12-1996,Other,11-02-2025,Platinum,58306.92,129,1
CUST01514,Joshua,Char,joshua.char17@email.com,9223338373,Bangalore,309001,10-07-1983,Other,14-11-2025,Silver,6052.66,96,1
CUST01515,Aradhana,Mane,aradhana.mane51@email.com,9871174822,Mumbai,333999,12-09-1978,Male,08-07-2026,Silver,11669.52,39,1
CUST01516,Irya,Khalsa,irya.khalsa30@email.com,9594180593,Andhra Pradesh,89532,18-08-1986,Female,22-12-2024,Bronze,1359.44,5,1
CUST01517,Anay,Dyal,anay.dyal77@email.com,9395964400,Delhi NCR,994711,20-04-1977,Female,05-05-2026,Gold,22227.6,25,1
CUST01518,Niharika,Kant,niharika.kant51@email.com,9399729168,Bangalore,792234,09-11-1967,Male,20-07-2024,Silver,6712.42,50,0
CUST01519,William,Morar,william.morar82@email.com,9413780475,Chennai,996733,18-05-1967,Male,07-05-2026,Bronze,4981.63,7,1
CUST01520,Finn,Rege,finn.rege16@email.com,9951409840,Hyderabad,726960,19-05-1997,Other,04-03-2026,Silver,10034.75,23,1
CUST01521,Anita,Jha,anita.jha26@email.com,9574730023,Hyderabad,685507,01-02-1995,Male,08-11-2025,Bronze,1746.98,19,0
CUST01522,Lipika,Sathe,lipika.sathe62@email.com,9958848684,Bangalore,521962,15-01-1988,Other,25-12-2024,Silver,8682.14,115,1
CUST01523,Tejas,Murthy,tejas.murthy31@email.com,9771454404,Andhra Pradesh,643436,28-05-2001,Male,30-05-2026,Gold,32678.15,33,1
CUST01524,Upasna,Bajwa,upasna.bajwa63@email.com,9482524124,Bangalore,170695,04-01-1985,Male,09-05-2025,Gold,34319.66,68,1
CUST01525,Anmol,Swaminathan,anmol.swaminathan37@email.com,9997891059,Andhra Pradesh,761645,06-02-1976,Female,12-02-2025,Bronze,4515.02,19,0
CUST01526,Jeevika,Lad,jeevika.lad63@email.com,9620787642,Mumbai,223989,04-09-1996,Male,08-04-2026,Bronze,3707.45,10,1
CUST01527,Rohan,Bansal,rohan.bansal11@email.com,9404007196,Andhra Pradesh,503121,06-06-2002,Female,09-01-2026,Platinum,58643.42,75,1
CUST01528,Chandresh,Krishna,chandresh.krishna21@email.com,9333857819,Mumbai,847242,18-03-1990,Other,19-02-2025,Bronze,2041.4,16,1
CUST01529,Quincy,Karnik,quincy.karnik12@email.com,9523830113,Bangalore,428131,20-10-2002,Male,27-08-2024,Gold,16185.21,32,1
CUST01530,Patrick,Mani,patrick.mani19@email.com,9399550258,Bangalore,623039,16-10-1965,Female,08-09-2024,Bronze,3107.74,8,1
CUST01531,Harrison,Luthra,harrison.luthra65@email.com,9439187037,Andhra Pradesh,817852,09-12-1970,Female,05-09-2025,Bronze,940.97,14,1
CUST01532,Rachit,Korpal,rachit.korpal26@email.com,9472739223,Chennai,524808,17-11-1994,Female,13-06-2026,Silver,6673.03,10,1
CUST01533,Dakshesh,Ramesh,dakshesh.ramesh22@email.com,9899241337,Mumbai,207223,27-12-2001,Other,27-04-2026,Bronze,1230.93,20,1
CUST01534,Jhalak,Mallick,jhalak.mallick68@email.com,9380394362,Hyderabad,372132,09-02-2004,Other,31-10-2025,Silver,13778.46,121,1
CUST01535,Brijesh,Bhavsar,brijesh.bhavsar38@email.com,9620354131,Mumbai,204787,26-08-2006,Female,23-02-2026,Gold,33816.17,24,0
CUST01536,Megha,Raval,megha.raval16@email.com,9981353785,Mumbai,859964,02-03-1996,Female,15-07-2026,Bronze,523.24,14,1
CUST01537,Nikita,Ganesan,nikita.ganesan32@email.com,9336433511,Bangalore,203195,08-11-1980,Male,15-10-2024,Gold,29896.72,31,1
CUST01538,Nitara,Raja,nitara.raja26@email.com,9401105308,Mumbai,450573,21-08-1961,Female,01-01-2025,Bronze,1207.56,20,0
CUST01539,Radhika,Din,radhika.din75@email.com,9598210772,Kolkata,924632,30-08-1961,Male,17-06-2026,Silver,10397.7,118,0
CUST01540,Utkarsh,Sarna,utkarsh.sarna22@email.com,9936586839,Kolkata,767753,28-01-1992,Other,27-10-2024,Bronze,1817.82,8,1
CUST01541,Ojasvi,Behl,ojasvi.behl20@email.com,9337444842,Pune,214505,12-03-1992,Other,24-06-2026,Gold,18650.88,102,1
CUST01542,Libni,Sant,libni.sant90@email.com,9746713033,Hyderabad,945887,22-04-1963,Male,13-07-2026,Silver,13391.71,108,1
CUST01543,Varenya,Bir,varenya.bir42@email.com,9496155057,Andhra Pradesh,534820,10-06-1967,Male,08-11-2024,Silver,14278.38,80,1
CUST01544,Anamika,Bhasin,anamika.bhasin37@email.com,9209465424,Delhi NCR,838507,31-12-1987,Male,03-04-2025,Silver,7541.04,46,1
CUST01545,Triveni,Palan,triveni.palan60@email.com,9138440252,Delhi NCR,450891,19-05-1990,Other,27-02-2026,Bronze,4973,17,1
CUST01546,Vinaya,Sant,vinaya.sant35@email.com,9663295909,Mumbai,898126,05-01-1983,Male,13-12-2025,Silver,14084.02,34,0
CUST01547,Ria,Loke,ria.loke36@email.com,9793784441,Delhi NCR,231964,21-05-1987,Other,05-01-2025,Gold,28772.25,107,0
CUST01548,Benjamin,Basu,benjamin.basu64@email.com,9500153946,Andhra Pradesh,23693,18-12-1988,Male,30-03-2026,Platinum,62615.17,84,1
CUST01549,Max,Sane,max.sane97@email.com,9114719083,Hyderabad,301204,23-05-1993,Female,21-03-2026,Bronze,1362.3,4,1
CUST01550,Dominic,Kanda,dominic.kanda10@email.com,9304851955,Andhra Pradesh,271175,09-07-2002,Female,03-02-2026,Silver,13631.79,38,1
CUST01551,Kashish,Singh,kashish.singh51@email.com,9844958753,Delhi NCR,988558,19-02-1971,Male,18-12-2025,Silver,9770.89,41,0
CUST01552,Zinal,Mallick,zinal.mallick15@email.com,9187989385,Bangalore,306745,05-03-1995,Other,08-03-2025,Gold,19366.3,86,1
CUST01553,Wishi,Ravel,wishi.ravel44@email.com,9669400667,Hyderabad,944128,07-10-1975,Other,04-05-2026,Bronze,3297.72,7,1
CUST01554,Theodore,Kothari,theodore.kothari20@email.com,9727098958,Delhi NCR,218856,04-10-1987,Female,08-06-2025,Bronze,719.93,17,1
CUST01555,Garima,Mistry,garima.mistry96@email.com,9674612699,Bangalore,329715,02-06-1964,Male,21-06-2025,Bronze,4728.93,2,1
CUST01556,Nidra,Sankaran,nidra.sankaran14@email.com,9878380823,Bangalore,670551,04-07-1981,Female,17-01-2025,Bronze,1639.08,16,1
CUST01557,Vidhi,Swamy,vidhi.swamy73@email.com,9572236171,Andhra Pradesh,936634,05-02-1977,Other,04-11-2025,Silver,12768.18,15,1
CUST01558,Nitesh,Nayar,nitesh.nayar11@email.com,9306894547,Andhra Pradesh,959611,18-02-1966,Female,19-09-2024,Silver,9244.75,76,1
CUST01559,Abhiram,Doctor,abhiram.doctor68@email.com,9572449173,Mumbai,712007,18-08-1972,Male,12-08-2024,Bronze,1411,10,1
CUST01560,Kiaan,Manne,kiaan.manne97@email.com,9512748833,Delhi NCR,591024,05-01-1983,Female,03-10-2024,Platinum,52643.01,58,1
CUST01561,Balvan,Butala,balvan.butala11@email.com,9899092605,Mumbai,903267,12-11-1967,Female,10-02-2025,Platinum,41668.23,131,1
CUST01562,Bishakha,Vora,bishakha.vora70@email.com,9840594467,Kolkata,942179,28-03-1978,Female,17-11-2024,Bronze,1291.87,14,1
CUST01563,Yutika,Char,yutika.char80@email.com,9991840665,Mumbai,934065,19-10-2005,Male,21-11-2024,Silver,11406.41,80,0
CUST01564,Urvashi,Sethi,urvashi.sethi69@email.com,9690387331,Delhi NCR,844663,06-08-1981,Female,17-12-2025,Bronze,1473.98,10,1
CUST01565,Eta,Kade,eta.kade28@email.com,9576990090,Delhi NCR,722010,15-07-2000,Male,28-05-2026,Platinum,49258.4,8,1
CUST01566,Jacob,Divan,jacob.divan46@email.com,9858391796,Delhi NCR,722145,07-05-2007,Other,23-03-2025,Bronze,3560.73,16,1
CUST01567,William,Subramaniam,william.subramaniam87@email.com,9766316864,Andhra Pradesh,618943,01-10-1992,Female,09-12-2025,Silver,12057.88,92,1
CUST01568,Bahadurjit,Patla,bahadurjit.patla57@email.com,9665281740,Bangalore,635100,16-09-1977,Male,16-05-2025,Gold,24465.19,96,1
CUST01569,Rachit,Tank,rachit.tank31@email.com,9144343108,Andhra Pradesh,657256,08-05-2005,Male,19-03-2025,Silver,5031.91,131,1
CUST01570,Qarin,Amble,qarin.amble16@email.com,9122790469,Chennai,461752,29-05-1963,Female,04-06-2026,Bronze,749.71,7,1
CUST01571,Logan,Khatri,logan.khatri44@email.com,9368870439,Andhra Pradesh,432600,10-07-2003,Male,24-04-2025,Bronze,2186.41,20,1
CUST01572,Hemal,Pradhan,hemal.pradhan37@email.com,9276425373,Pune,17833,09-08-1970,Male,02-04-2025,Bronze,4383.18,7,1
CUST01573,Yashasvi,Mahal,yashasvi.mahal64@email.com,9837305849,Bangalore,899936,25-03-1963,Male,06-07-2025,Silver,11989.03,3,1
CUST01574,Bina,Yohannan,bina.yohannan37@email.com,9851595409,Mumbai,45069,21-03-2003,Other,25-03-2026,Bronze,1985.27,18,1
CUST01575,Dev,Som,dev.som27@email.com,9473608093,Mumbai,799359,19-09-1975,Female,01-07-2025,Silver,9677.43,59,1
CUST01576,Alka,Mital,alka.mital15@email.com,9358978002,Andhra Pradesh,394640,30-08-1996,Female,12-01-2025,Bronze,3284.53,2,1
CUST01577,Banjeet,Kapadia,banjeet.kapadia40@email.com,9780204655,Delhi NCR,360601,03-03-1979,Male,06-09-2025,Platinum,71034.63,27,1
CUST01578,Omaja,Babu,omaja.babu19@email.com,9603985810,Delhi NCR,907938,19-07-2005,Other,20-09-2025,Silver,12387.08,27,0
CUST01579,Bhavna,Dâ€™Alia,bhavna.dâ€™alia82@email.com,9527053033,Hyderabad,685283,07-07-1961,Other,01-01-2026,Silver,7144.57,114,1
CUST01580,Pushti,Buch,pushti.buch88@email.com,9971662842,Andhra Pradesh,370124,19-01-1972,Male,10-12-2025,Platinum,49095.66,13,1
CUST01581,Brinda,Kurian,brinda.kurian24@email.com,9261227067,Andhra Pradesh,263251,13-03-1980,Other,15-03-2025,Silver,8816.07,134,0
CUST01582,Ekapad,Bose,ekapad.bose75@email.com,9647723770,Pune,103142,05-04-1968,Female,04-03-2026,Gold,34523.81,28,1
CUST01583,Siya,Nazareth,siya.nazareth82@email.com,9332383143,Mumbai,887817,02-01-2006,Male,07-11-2025,Bronze,1667.44,1,1
CUST01584,Arunima,Chacko,arunima.chacko42@email.com,9515049663,Bangalore,152638,30-07-1977,Other,01-02-2026,Bronze,3383.19,3,0
CUST01585,Andrew,Chadha,andrew.chadha19@email.com,9156002806,Delhi NCR,225288,05-10-1973,Male,24-07-2025,Silver,5905.19,99,1
CUST01586,Indali,Balan,indali.balan56@email.com,9904440920,Bangalore,661863,12-12-1971,Female,12-12-2024,Bronze,4487.08,6,1
CUST01587,Veda,Bhavsar,veda.bhavsar81@email.com,9196213294,Hyderabad,787655,04-02-1974,Other,17-06-2026,Bronze,4721.61,20,1
CUST01588,Benjamin,Bansal,benjamin.bansal92@email.com,9879522795,Mumbai,309505,09-09-2004,Other,07-04-2025,Bronze,4888.79,19,1
CUST01589,Ojasvi,Amble,ojasvi.amble90@email.com,9988468515,Mumbai,712198,01-10-1998,Female,05-03-2026,Bronze,3013.02,3,1
CUST01590,Jackson,Deshpande,jackson.deshpande52@email.com,9225333061,Chennai,788519,04-10-1962,Female,20-03-2026,Bronze,4750.08,4,1
CUST01591,Edhitha,Korpal,edhitha.korpal72@email.com,9313839420,Bangalore,864010,22-12-1980,Female,16-12-2025,Bronze,3439.35,2,1
CUST01592,Laksh,Kuruvilla,laksh.kuruvilla32@email.com,9552398879,Chennai,245618,20-04-1985,Female,14-09-2024,Silver,5215.16,137,1
CUST01593,Wishi,Morar,wishi.morar63@email.com,9360758948,Bangalore,600452,18-11-1966,Other,24-05-2026,Silver,7535.23,68,1
CUST01594,Laksh,Vohra,laksh.vohra68@email.com,9220699357,Chennai,511455,19-12-1968,Male,06-12-2024,Bronze,3448.87,1,1
CUST01595,Simon,Brar,simon.brar33@email.com,9510428722,Bangalore,44881,25-11-1997,Female,14-07-2026,Gold,30037.96,8,1
CUST01596,Chameli,Mishra,chameli.mishra43@email.com,9542027457,Mumbai,604615,09-11-1978,Female,13-02-2026,Bronze,4915.8,16,0
CUST01597,Charles,Devan,charles.devan10@email.com,9252975680,Pune,190170,23-06-1992,Male,07-04-2026,Silver,13654.15,97,1
CUST01598,Jalsa,Ravi,jalsa.ravi91@email.com,9649643406,Mumbai,429831,13-04-1983,Female,25-11-2024,Silver,6131.58,137,1
CUST01599,Qasim,Chawla,qasim.chawla31@email.com,9813394273,Mumbai,732283,21-04-1988,Male,22-07-2024,Gold,18302.12,58,1
CUST01600,Anjali,Guha,anjali.guha19@email.com,9319683055,Hyderabad,830639,05-12-2005,Female,15-05-2025,Bronze,2124.2,17,1
CUST01601,Reyansh,Wable,reyansh.wable24@email.com,9233576916,Hyderabad,526969,14-02-1980,Other,12-02-2025,Platinum,74111.59,113,1
CUST01602,Zaid,Dash,zaid.dash57@email.com,9699393065,Pune,497016,29-09-2000,Female,13-12-2024,Bronze,1676.31,13,1
CUST01603,Zehaan,Dave,zehaan.dave40@email.com,9400168509,Andhra Pradesh,913203,23-07-1977,Female,16-02-2026,Bronze,3056.22,19,1
CUST01604,Chakradhar,Bora,chakradhar.bora64@email.com,9734165944,Delhi NCR,234190,26-11-2004,Other,28-12-2024,Bronze,2590.91,17,1
CUST01605,Indrajit,Atwal,indrajit.atwal57@email.com,9298306173,Delhi NCR,153722,22-08-2004,Male,20-03-2026,Bronze,917.65,2,1
CUST01606,Jatin,Pillay,jatin.pillay61@email.com,9823352483,Bangalore,668473,06-10-2003,Male,08-11-2024,Silver,6548.84,134,1
CUST01607,Samuel,Ramachandran,samuel.ramachandran98@email.com,9803514033,Pune,337746,17-11-1963,Male,29-01-2025,Bronze,4716.43,11,0
CUST01608,Aarush,Sant,aarush.sant36@email.com,9889246326,Pune,200784,02-06-1974,Male,04-06-2025,Bronze,4320.02,14,1
CUST01609,Indrajit,Mani,indrajit.mani88@email.com,9838549161,Hyderabad,442607,02-08-1996,Female,06-09-2024,Bronze,2990.87,1,1
CUST01610,Suhani,Pall,suhani.pall84@email.com,9972617310,Delhi NCR,373476,23-11-1978,Male,19-11-2024,Silver,8254.43,41,1
CUST01611,Varsha,Kannan,varsha.kannan56@email.com,9541917305,Andhra Pradesh,203763,03-02-1998,Other,17-08-2025,Gold,34715.29,140,0
CUST01612,Maanav,Choudhary,maanav.choudhary74@email.com,9404543377,Mumbai,584148,28-08-1981,Female,17-02-2026,Bronze,3977.69,3,1
CUST01613,Netra,Bahri,netra.bahri44@email.com,9943148983,Andhra Pradesh,913443,13-01-2006,Female,11-07-2026,Bronze,4552.73,20,0
CUST01614,Qadim,Taneja,qadim.taneja65@email.com,9983114395,Kolkata,205869,09-10-1983,Female,19-07-2024,Bronze,645.93,10,0
CUST01615,Vasana,Hari,vasana.hari64@email.com,9653818001,Bangalore,146449,13-02-1974,Male,18-11-2025,Silver,5477.06,123,1
CUST01616,Neelima,Parikh,neelima.parikh97@email.com,9120467326,Kolkata,679335,31-08-1963,Male,15-05-2026,Bronze,2662.17,12,1
CUST01617,Gayathri,Parikh,gayathri.parikh16@email.com,9993815912,Mumbai,385736,27-10-1998,Female,30-07-2024,Gold,19862.37,109,1
CUST01618,Faraj,Chauhan,faraj.chauhan83@email.com,9606298102,Hyderabad,360376,14-12-1996,Female,11-02-2026,Silver,8489.72,57,1
CUST01619,Elijah,Chauhan,elijah.chauhan10@email.com,9785559276,Hyderabad,233351,15-01-1963,Female,02-02-2025,Bronze,4863.01,2,1
CUST01620,Advay,Rege,advay.rege64@email.com,9670441408,Pune,497315,27-08-1976,Female,05-11-2025,Silver,11783.58,28,1
CUST01621,Jagat,Chander,jagat.chander41@email.com,9842087059,Mumbai,983074,14-05-1997,Male,24-11-2024,Silver,8142.01,10,1
CUST01622,Abeer,Suri,abeer.suri44@email.com,9936665824,Bangalore,651189,26-02-1976,Male,06-07-2026,Bronze,549.68,6,1
CUST01623,Arunima,Acharya,arunima.acharya96@email.com,9433337113,Mumbai,557820,08-03-1967,Other,17-11-2025,Platinum,44619.65,127,1
CUST01624,Ansh,Maharaj,ansh.maharaj32@email.com,9647123622,Andhra Pradesh,223023,10-10-1974,Other,18-12-2024,Bronze,3474.49,3,1
CUST01625,Kevin,Merchant,kevin.merchant82@email.com,9112104607,Hyderabad,73920,26-07-1968,Male,01-02-2026,Silver,9771.78,84,1
CUST01626,Samarth,Peri,samarth.peri82@email.com,9258130847,Mumbai,621276,24-01-1961,Male,28-11-2024,Silver,11407.98,22,0
CUST01627,Kavya,Banerjee,kavya.banerjee92@email.com,9708812998,Mumbai,611231,04-01-1971,Female,05-06-2025,Gold,28521.46,142,1
CUST01628,Ikbal,Saran,ikbal.saran58@email.com,9946388295,Hyderabad,248889,25-05-2000,Male,31-03-2025,Silver,8062.04,74,1
CUST01629,Sneha,Dugar,sneha.dugar14@email.com,9993912164,Hyderabad,762974,12-01-1982,Female,05-02-2025,Bronze,2749.5,20,0
CUST01630,Tanish,Bahri,tanish.bahri84@email.com,9923291023,Bangalore,646871,10-02-2000,Other,15-10-2024,Gold,25533.14,23,0
CUST01631,Jonathan,Bhagat,jonathan.bhagat69@email.com,9529823908,Mumbai,818769,30-09-1969,Female,28-08-2024,Platinum,37168.43,60,1
CUST01632,Zarna,Gole,zarna.gole25@email.com,9946875797,Kolkata,230898,05-08-1965,Other,21-01-2025,Silver,8587.21,94,0
CUST01633,Fiyaz,Nori,fiyaz.nori15@email.com,9489519155,Mumbai,445822,18-07-1963,Male,15-06-2025,Bronze,678.01,6,1
CUST01634,Vritti,Jha,vritti.jha81@email.com,9654547537,Andhra Pradesh,318297,29-05-1965,Male,10-06-2025,Bronze,1451.5,5,1
CUST01635,Faris,Nagy,faris.nagy30@email.com,9852547826,Mumbai,245000,29-05-1962,Female,12-03-2026,Bronze,4236.11,13,1
CUST01636,Arjun,Balasubramanian,arjun.balasubramanian39@email.com,9377501398,Delhi NCR,529113,06-04-1993,Female,04-04-2026,Bronze,3176.85,10,1
CUST01637,Guneet,Sarna,guneet.sarna12@email.com,9530919003,Andhra Pradesh,90255,05-05-1986,Male,22-12-2025,Bronze,1552.07,2,1
CUST01638,Ishwar,Thaman,ishwar.thaman17@email.com,9795160880,Pune,442182,26-05-2001,Other,18-12-2025,Silver,5336.39,110,1
CUST01639,Vansha,Mani,vansha.mani46@email.com,9139857988,Mumbai,812248,07-11-2002,Male,22-03-2026,Bronze,2799.77,16,1
CUST01640,Brijesh,Murthy,brijesh.murthy59@email.com,9565384885,Hyderabad,708670,21-07-1963,Male,26-10-2025,Bronze,1798.62,14,1
CUST01641,Chandran,Agate,chandran.agate24@email.com,9745241983,Bangalore,365515,27-08-1995,Female,16-02-2025,Bronze,2481.96,7,1
CUST01642,Mason,Ravel,mason.ravel54@email.com,9142196116,Chennai,913624,14-05-1995,Female,10-01-2025,Silver,6703.74,128,1
CUST01643,Ekanta,Pingle,ekanta.pingle50@email.com,9285177303,Mumbai,542960,23-02-1998,Other,23-01-2026,Bronze,1936.69,19,1
CUST01644,Balveer,Singhal,balveer.singhal10@email.com,9320146373,Andhra Pradesh,633699,15-07-1998,Male,10-07-2025,Bronze,1699.74,10,1
CUST01645,Isha,Badal,isha.badal48@email.com,9616075804,Mumbai,210401,15-03-1987,Other,30-01-2025,Bronze,1411.2,11,1
CUST01646,Jeet,Wadhwa,jeet.wadhwa42@email.com,9640076013,Bangalore,442877,29-06-1977,Other,22-08-2025,Bronze,2044.21,20,1
CUST01647,Rishi,Radhakrishnan,rishi.radhakrishnan15@email.com,9621328804,Pune,816432,06-05-2006,Other,06-09-2024,Bronze,2255.58,16,1
CUST01648,Lohit,Ratta,lohit.ratta48@email.com,9942887053,Hyderabad,289464,04-05-1971,Male,03-08-2024,Bronze,3523.27,2,1
CUST01649,Xavier,Saini,xavier.saini41@email.com,9419472472,Hyderabad,586314,07-09-1977,Other,19-09-2024,Bronze,4984.95,9,1
CUST01650,Turvi,Baria,turvi.baria88@email.com,9109675040,Andhra Pradesh,462554,05-06-1963,Male,09-12-2024,Gold,23231.05,90,1
CUST01651,Neha,Karnik,neha.karnik49@email.com,9694845363,Delhi NCR,582430,18-01-2006,Female,21-09-2024,Gold,32917.97,18,1
CUST01652,Upma,Purohit,upma.purohit17@email.com,9690401855,Delhi NCR,644898,05-12-1994,Female,29-06-2026,Bronze,1401.86,3,1
CUST01653,Arin,Kara,arin.kara89@email.com,9615846433,Bangalore,538882,16-04-1979,Female,01-04-2025,Silver,9657.53,110,1
CUST01654,Krish,Shroff,krish.shroff49@email.com,9851017110,Delhi NCR,504043,22-06-1974,Female,29-06-2026,Bronze,3273.09,19,1
CUST01655,Tarak,Joshi,tarak.joshi16@email.com,9304185626,Andhra Pradesh,384951,29-05-1987,Female,03-02-2026,Bronze,532.94,13,1
CUST01656,Tristan,Dhaliwal,tristan.dhaliwal24@email.com,9916691606,Bangalore,119787,20-12-1968,Male,13-09-2025,Bronze,1124.73,18,1
CUST01657,Chanakya,Issac,chanakya.issac19@email.com,9215341008,Hyderabad,913732,09-02-1988,Male,30-11-2025,Gold,21636.02,34,1
CUST01658,Ekantika,Kara,ekantika.kara14@email.com,9495106272,Bangalore,601198,06-05-1994,Male,27-02-2026,Bronze,623.99,11,1
CUST01659,Falak,Ramachandran,falak.ramachandran23@email.com,9970360936,Hyderabad,786880,10-04-1961,Female,25-06-2026,Silver,8633.18,27,1
CUST01660,Qasim,Joshi,qasim.joshi18@email.com,9173680408,Andhra Pradesh,91561,15-12-1997,Other,25-10-2024,Silver,10979.84,77,1
CUST01661,Agastya,Konda,agastya.konda36@email.com,9246674278,Mumbai,577449,10-09-1968,Male,31-01-2026,Bronze,4491.41,6,1
CUST01662,Ojasvi,Aggarwal,ojasvi.aggarwal97@email.com,9111978016,Bangalore,659520,26-09-1965,Male,16-03-2025,Bronze,4480.09,17,1
CUST01663,Ekavir,Dasgupta,ekavir.dasgupta97@email.com,9372782895,Andhra Pradesh,184336,09-08-1996,Male,23-07-2025,Silver,10475.1,8,1
CUST01664,Hemal,Bala,hemal.bala12@email.com,9887126319,Delhi NCR,632239,05-07-2001,Other,14-08-2025,Silver,13948.24,47,1
CUST01665,Manbir,Borah,manbir.borah83@email.com,9411914581,Hyderabad,745561,28-10-1966,Female,01-02-2025,Bronze,906.46,20,1
CUST01666,Balhaar,Menon,balhaar.menon31@email.com,9856818413,Andhra Pradesh,886050,07-07-1983,Other,18-01-2025,Silver,6680.45,22,0
CUST01667,Waida,Rana,waida.rana65@email.com,9105777624,Kolkata,608112,28-07-1989,Female,16-03-2026,Silver,14265.95,104,1
CUST01668,Andrew,Basak,andrew.basak86@email.com,9781260157,Andhra Pradesh,83566,18-11-2001,Other,24-09-2024,Bronze,4604.78,1,1
CUST01669,Avi,Raju,avi.raju18@email.com,9939631959,Mumbai,715312,04-06-1975,Male,31-01-2025,Bronze,2277.54,10,1
CUST01670,Harini,Parekh,harini.parekh72@email.com,9618377017,Delhi NCR,688269,13-12-1967,Male,30-07-2025,Bronze,2977.97,13,1
CUST01671,Vedhika,Samra,vedhika.samra12@email.com,9269174105,Pune,938440,05-06-1968,Other,22-01-2025,Silver,14712.35,34,1
CUST01672,Daksha,Ahluwalia,daksha.ahluwalia37@email.com,9917300678,Bangalore,354378,08-07-1996,Other,01-11-2024,Bronze,4091.94,20,1
CUST01673,Nikita,Batra,nikita.batra65@email.com,9744674462,Delhi NCR,359101,09-12-2005,Female,01-05-2025,Gold,26048.38,119,0
CUST01674,Siya,Badami,siya.badami91@email.com,9360432042,Mumbai,859914,29-12-1979,Female,06-10-2025,Silver,6258.36,50,0
CUST01675,Qabil,Babu,qabil.babu26@email.com,9353734887,Mumbai,492699,30-12-2002,Male,16-11-2025,Silver,12926.44,42,1
CUST01676,Osha,Prashad,osha.prashad44@email.com,9574505981,Hyderabad,899718,28-08-1980,Other,07-11-2024,Silver,5961.19,67,1
CUST01677,Jasmit,Rajagopalan,jasmit.rajagopalan93@email.com,9558513812,Bangalore,259140,08-08-1994,Other,07-06-2026,Silver,12010.96,131,0
CUST01678,Dayita,Hayer,dayita.hayer41@email.com,9690715241,Chennai,312342,19-10-1989,Other,27-05-2025,Bronze,1829.55,19,1
CUST01679,Christopher,Reddy,christopher.reddy68@email.com,9355345195,Mumbai,872617,21-12-1988,Male,10-06-2026,Gold,27575.93,4,1
CUST01680,Azaan,Sathe,azaan.sathe56@email.com,9671110003,Andhra Pradesh,348389,19-07-1975,Female,28-03-2025,Bronze,3928.36,1,1
CUST01681,Janaki,Kohli,janaki.kohli67@email.com,9733615559,Hyderabad,804056,14-09-2005,Female,17-10-2024,Silver,9574.16,48,1
CUST01682,Lucky,Saraf,lucky.saraf37@email.com,9974394939,Chennai,82695,07-08-1997,Male,25-12-2025,Gold,19769.37,58,0
CUST01683,Manan,Saraf,manan.saraf20@email.com,9186598255,Hyderabad,186965,28-03-1988,Female,19-11-2025,Silver,14885.31,51,1
CUST01684,Elijah,Kalita,elijah.kalita76@email.com,9795742519,Kolkata,876123,06-07-1996,Female,18-03-2025,Bronze,1621.62,20,1
CUST01685,Gayathri,Dara,gayathri.dara89@email.com,9175629987,Hyderabad,346823,14-07-2000,Other,28-03-2026,Gold,16374.3,4,1
CUST01686,Deepa,Upadhyay,deepa.upadhyay60@email.com,9984271616,Mumbai,2730,27-12-1960,Male,18-12-2025,Silver,6268.29,3,1
CUST01687,Yoshita,Saraf,yoshita.saraf95@email.com,9580457486,Bangalore,610168,19-04-1974,Other,14-09-2024,Silver,12650.75,62,1
CUST01688,Finn,Hans,finn.hans61@email.com,9652429336,Bangalore,1680,14-03-2002,Other,03-12-2025,Silver,9710.14,1,0
CUST01689,Arya,Buch,arya.buch86@email.com,9695010497,Mumbai,915076,09-08-1972,Other,19-05-2026,Silver,12164.24,42,1
CUST01690,Rohan,Savant,rohan.savant75@email.com,9344079194,Andhra Pradesh,205344,10-09-1961,Male,13-06-2026,Bronze,4487.85,16,1
CUST01691,Warhi,Sastry,warhi.sastry86@email.com,9636169852,Bangalore,946207,21-01-1970,Male,01-02-2026,Gold,20214.46,110,1
CUST01692,Neha,Sabharwal,neha.sabharwal27@email.com,9981895420,Hyderabad,925081,13-01-1994,Other,01-02-2026,Gold,16789.16,105,1
CUST01693,Urvi,Rajagopalan,urvi.rajagopalan91@email.com,9125688813,Andhra Pradesh,299140,01-08-1987,Male,15-07-2026,Bronze,2935.68,7,1
CUST01694,Adya,Bhavsar,adya.bhavsar63@email.com,9706799585,Mumbai,337312,05-12-1981,Other,21-04-2025,Silver,14931.82,10,1
CUST01695,Onveer,Jain,onveer.jain80@email.com,9278016784,Andhra Pradesh,617817,09-04-1961,Male,24-12-2024,Platinum,40669.4,138,1
CUST01696,Nitesh,Chaudry,nitesh.chaudry91@email.com,9183313931,Kolkata,920613,04-04-1989,Other,18-01-2025,Silver,13523.23,9,1
CUST01697,Yochana,Nadkarni,yochana.nadkarni58@email.com,9915140658,Delhi NCR,778956,19-10-1968,Other,12-12-2024,Silver,6711.89,108,1
CUST01698,Tejas,Sem,tejas.sem54@email.com,9805471262,Hyderabad,844490,10-01-1972,Other,20-05-2026,Silver,7681.61,14,1
CUST01699,Ekantika,Batta,ekantika.batta32@email.com,9652421027,Andhra Pradesh,648016,15-04-1979,Other,24-02-2025,Silver,6600.6,87,1
CUST01700,Chatresh,Khalsa,chatresh.khalsa32@email.com,9520251294,Delhi NCR,341678,01-12-1967,Male,08-07-2026,Bronze,3611.11,3,1
CUST01701,Lucky,Sheth,lucky.sheth95@email.com,9722424925,Andhra Pradesh,822102,13-01-2004,Other,27-09-2024,Bronze,2392.71,16,1
CUST01702,Vyanjana,Yadav,vyanjana.yadav73@email.com,9778225454,Bangalore,134862,05-07-1999,Female,15-09-2025,Silver,11809.67,129,0
CUST01703,Harini,Swamy,harini.swamy56@email.com,9862080008,Delhi NCR,363831,12-08-1995,Female,02-12-2024,Silver,10000.57,115,1
CUST01704,Eiravati,Rege,eiravati.rege34@email.com,9941522229,Hyderabad,539707,16-05-2008,Female,18-10-2025,Bronze,4388.02,14,1
CUST01705,Priya,Rau,priya.rau51@email.com,9528285712,Hyderabad,770673,11-02-1988,Other,24-08-2025,Silver,13014.33,54,1
CUST01706,Manan,Aurora,manan.aurora38@email.com,9403749578,Mumbai,68212,29-10-1972,Female,07-01-2025,Silver,10005.93,97,1
CUST01707,Ikshita,Narang,ikshita.narang45@email.com,9802651223,Hyderabad,165058,26-12-1990,Other,15-07-2026,Bronze,1915.2,9,1
CUST01708,Henry,Lanka,henry.lanka91@email.com,9555521694,Andhra Pradesh,921821,18-05-1999,Female,02-11-2024,Silver,10293.73,98,1
CUST01709,Falak,Rao,falak.rao46@email.com,9215393636,Bangalore,908984,21-07-1976,Other,16-06-2025,Silver,11218.63,99,1
CUST01710,Bhavya,Babu,bhavya.babu72@email.com,9730969639,Hyderabad,205093,13-08-2005,Female,02-05-2026,Silver,10275.92,65,1
CUST01711,Rachita,Krishna,rachita.krishna49@email.com,9555925605,Mumbai,249598,20-03-1998,Female,18-11-2025,Bronze,1829.58,15,1
CUST01712,Dominic,Chad,dominic.chad96@email.com,9290581717,Mumbai,578870,11-11-2007,Male,08-12-2025,Silver,8604.52,32,1
CUST01713,Ridhi,Chand,ridhi.chand96@email.com,9933785187,Andhra Pradesh,238676,17-01-1993,Other,17-12-2024,Gold,26564.33,46,1
CUST01714,Rachit,Bal,rachit.bal73@email.com,9159406159,Hyderabad,461917,23-03-1994,Female,04-11-2025,Bronze,3114.09,17,1
CUST01715,Waida,Rajagopalan,waida.rajagopalan95@email.com,9608971518,Delhi NCR,996872,11-05-1969,Female,23-03-2025,Bronze,4227.34,12,1
CUST01716,Zaitra,Hayre,zaitra.hayre66@email.com,9344179594,Mumbai,85806,04-05-2004,Other,09-12-2024,Silver,7190.27,31,0
CUST01717,Wazir,Pillay,wazir.pillay54@email.com,9908796275,Mumbai,405669,17-02-1983,Other,01-01-2026,Silver,11941.88,33,0
CUST01718,Tanmayi,Barad,tanmayi.barad14@email.com,9770609506,Mumbai,124825,12-01-1986,Other,11-02-2025,Gold,22987.09,86,1
CUST01719,Zayan,Gopal,zayan.gopal93@email.com,9435560708,Mumbai,796325,25-02-2002,Male,03-03-2025,Silver,12702.64,60,1
CUST01720,Quincy,Koshy,quincy.koshy75@email.com,9755666530,Mumbai,894633,18-09-1997,Other,18-06-2026,Silver,8922.75,22,1
CUST01721,Harshil,Oak,harshil.oak75@email.com,9986759591,Bangalore,241528,17-07-1983,Female,30-01-2026,Bronze,1154.64,15,1
CUST01722,Vasudha,Gokhale,vasudha.gokhale17@email.com,9853074031,Andhra Pradesh,629269,19-08-1975,Female,23-05-2026,Bronze,1756.13,19,1
CUST01723,Tristan,Oza,tristan.oza76@email.com,9714554556,Bangalore,138186,03-09-1985,Other,28-04-2025,Gold,20420.77,39,1
CUST01724,Atharv,Suri,atharv.suri21@email.com,9110553055,Pune,685095,27-09-1993,Female,10-03-2026,Bronze,2524.13,7,1
CUST01725,Bhavna,Lal,bhavna.lal71@email.com,9580169936,Delhi NCR,34918,23-10-1999,Male,13-09-2024,Bronze,938.51,15,1
CUST01726,Isaiah,Srivastava,isaiah.srivastava76@email.com,9458476138,Mumbai,203859,10-08-1976,Female,12-02-2025,Bronze,4005.94,19,1
CUST01727,Baljiwan,Chadha,baljiwan.chadha36@email.com,9823026918,Hyderabad,364154,03-06-1991,Other,09-10-2024,Silver,12678.73,79,1
CUST01728,Eta,Narang,eta.narang39@email.com,9735242051,Andhra Pradesh,132593,03-02-1989,Other,22-07-2025,Silver,9449.11,58,1
CUST01729,Gunbir,Khanna,gunbir.khanna32@email.com,9413110005,Mumbai,750094,25-09-1970,Male,10-01-2026,Bronze,3913.81,14,1
CUST01730,Ikbal,Mander,ikbal.mander51@email.com,9900829460,Kolkata,52769,23-07-1996,Female,20-10-2024,Bronze,1467.91,1,1
CUST01731,Urvashi,Bhasin,urvashi.bhasin35@email.com,9291672526,Bangalore,704523,17-07-1995,Other,31-08-2025,Silver,10036.27,27,1
CUST01732,Ijaya,Ratti,ijaya.ratti82@email.com,9251591056,Mumbai,258660,17-08-1982,Other,20-05-2026,Silver,7261.42,149,0
CUST01733,Yashawini,Sagar,yashawini.sagar43@email.com,9500426098,Andhra Pradesh,874422,28-01-1994,Female,17-01-2026,Gold,29688.16,10,1
CUST01734,Geetika,Uppal,geetika.uppal71@email.com,9841198160,Hyderabad,485965,21-02-1982,Other,21-03-2026,Gold,31259.9,70,0
CUST01735,Bhavna,Gokhale,bhavna.gokhale44@email.com,9107091749,Mumbai,491165,11-04-1962,Female,31-10-2024,Bronze,3806.38,16,1
CUST01736,Abeer,Baral,abeer.baral31@email.com,9778061555,Mumbai,245393,01-07-1965,Male,17-01-2025,Bronze,2903.62,17,1
CUST01737,Karan,Dâ€™Alia,karan.dâ€™alia31@email.com,9374325730,Delhi NCR,513055,31-03-1993,Male,13-08-2024,Bronze,2820.04,14,1
CUST01738,Samar,Sandal,samar.sandal55@email.com,9934152300,Mumbai,144488,12-07-2002,Other,11-05-2025,Bronze,4840.14,1,1
CUST01739,Libni,Swaminathan,libni.swaminathan11@email.com,9704695222,Hyderabad,736774,24-04-2004,Male,04-06-2025,Bronze,972.7,1,1
CUST01740,Mason,Ahuja,mason.ahuja61@email.com,9965668497,Mumbai,582543,13-04-1965,Other,30-08-2025,Silver,10660.04,96,1
CUST01741,Tejas,Ghose,tejas.ghose19@email.com,9812974340,Mumbai,231239,17-04-1970,Female,31-05-2026,Silver,8230.64,131,1
CUST01742,Abhimanyu,Mody,abhimanyu.mody64@email.com,9990352156,Mumbai,60183,24-10-1988,Male,06-02-2025,Bronze,2282.07,20,1
CUST01743,Vrishti,Dutta,vrishti.dutta28@email.com,9414251457,Delhi NCR,875082,23-08-1992,Male,27-05-2025,Silver,7836.64,98,1
CUST01744,Zilmil,Chahal,zilmil.chahal70@email.com,9330923475,Bangalore,225775,06-04-1978,Female,18-02-2026,Bronze,2160.55,19,1
CUST01745,Janani,Lata,janani.lata81@email.com,9730325591,Andhra Pradesh,262905,29-03-1970,Male,10-11-2025,Bronze,4723.75,2,1
CUST01746,Gautam,Vaidya,gautam.vaidya28@email.com,9773775670,Andhra Pradesh,683160,06-12-1997,Female,23-05-2026,Platinum,53547.96,143,0
CUST01747,Qabil,Sarraf,qabil.sarraf61@email.com,9309847512,Mumbai,721733,08-09-1990,Female,21-03-2026,Silver,9160.62,22,1
CUST01748,Teerth,Grewal,teerth.grewal51@email.com,9414140946,Delhi NCR,522299,21-05-2002,Female,31-12-2024,Silver,7814.2,52,1
CUST01749,Nisha,Garg,nisha.garg13@email.com,9267634785,Hyderabad,659143,10-03-1998,Other,18-09-2025,Bronze,786.02,3,0
CUST01750,Maanas,Khalsa,maanas.khalsa17@email.com,9956740790,Bangalore,553983,03-05-1982,Other,22-09-2025,Silver,7302.85,103,0
CUST01751,Darika,Loke,darika.loke89@email.com,9949896535,Bangalore,177732,19-04-1987,Male,28-02-2025,Bronze,2469.19,18,0
CUST01752,Yug,Bahri,yug.bahri56@email.com,9901166173,Mumbai,449791,29-10-1972,Other,11-06-2026,Bronze,2251.18,6,1
CUST01753,Sanya,Sarna,sanya.sarna39@email.com,9467755372,Hyderabad,292712,26-04-1964,Male,01-04-2025,Silver,12433.32,28,1
CUST01754,Yatin,Sidhu,yatin.sidhu29@email.com,9660909440,Delhi NCR,137529,16-07-1998,Male,28-06-2026,Platinum,73487.27,146,1
CUST01755,Zilmil,Kibe,zilmil.kibe84@email.com,9909871571,Delhi NCR,201256,29-03-1964,Other,16-09-2025,Silver,7217.96,5,1
CUST01756,Raghav,Ghose,raghav.ghose42@email.com,9473541946,Hyderabad,48797,03-11-1995,Male,13-08-2025,Bronze,4539.68,13,1
CUST01757,Yashawini,Sarma,yashawini.sarma90@email.com,9791059690,Andhra Pradesh,358523,04-12-2003,Other,06-09-2025,Bronze,2435.79,10,1
CUST01758,Meera,Bhat,meera.bhat72@email.com,9817501939,Kolkata,304436,19-06-2004,Other,19-09-2024,Bronze,1861.49,15,1
CUST01759,Ekani,Choudhary,ekani.choudhary11@email.com,9761616549,Hyderabad,152391,06-02-1962,Male,15-03-2026,Bronze,4131.6,4,1
CUST01760,Manthan,Ganesh,manthan.ganesh46@email.com,9995436798,Pune,14374,13-01-2005,Male,23-05-2026,Gold,33440.29,103,0
CUST01761,Yasti,Hans,yasti.hans24@email.com,9530956698,Andhra Pradesh,930967,04-03-1966,Male,28-12-2024,Bronze,2119.73,2,1
CUST01762,Xalak,Chander,xalak.chander99@email.com,9891018144,Chennai,260221,26-08-1974,Male,17-11-2024,Bronze,4058.26,3,1
CUST01763,Jacob,Sharma,jacob.sharma45@email.com,9919725216,Delhi NCR,720191,08-06-1968,Female,13-10-2024,Silver,5732.08,80,1
CUST01764,Lavanya,Rau,lavanya.rau76@email.com,9972716861,Mumbai,220190,06-12-1990,Other,31-10-2024,Silver,8802.31,103,0
CUST01765,Hemal,Wadhwa,hemal.wadhwa71@email.com,9575744896,Kolkata,339304,19-06-1999,Male,14-12-2024,Bronze,3262.72,12,1
CUST01766,Raagini,Rai,raagini.rai11@email.com,9586089865,Andhra Pradesh,380274,01-01-1996,Female,06-10-2024,Platinum,59173.82,12,1
CUST01767,Mason,Manda,mason.manda56@email.com,9836673793,Mumbai,114086,07-02-2003,Female,29-08-2025,Silver,11848.92,13,1
CUST01768,Logan,Nazareth,logan.nazareth13@email.com,9734091996,Mumbai,952294,08-02-1986,Female,26-10-2024,Bronze,1401.85,2,1
CUST01769,Anay,Hari,anay.hari83@email.com,9265976228,Mumbai,561039,12-02-2001,Female,12-04-2025,Bronze,2594.2,15,1
CUST01770,Kabir,Taneja,kabir.taneja41@email.com,9795016668,Delhi NCR,137124,12-07-1973,Male,12-06-2025,Bronze,2035.77,13,1
CUST01771,Jagrati,Narain,jagrati.narain27@email.com,9733004701,Bangalore,642304,24-08-1965,Male,07-06-2026,Gold,19313.13,12,1
CUST01772,Nachiket,Bal,nachiket.bal70@email.com,9745868252,Hyderabad,706159,27-07-1971,Male,25-07-2025,Bronze,4110.93,5,1
CUST01773,Vihaan,Talwar,vihaan.talwar74@email.com,9947120459,Hyderabad,29907,10-05-1966,Male,17-06-2025,Bronze,603.19,20,1
CUST01774,Pooja,Bains,pooja.bains95@email.com,9798698176,Delhi NCR,322481,06-11-1983,Male,23-03-2025,Bronze,4133.75,11,1
CUST01775,Advika,Dutt,advika.dutt65@email.com,9871016250,Chennai,340301,11-09-1961,Female,08-11-2025,Bronze,3365.14,13,1
CUST01776,Janani,Ravi,janani.ravi37@email.com,9480442027,Kolkata,975649,17-12-1964,Other,02-05-2025,Silver,9700.67,42,1
CUST01777,Saanvi,Pall,saanvi.pall52@email.com,9709279657,Bangalore,462347,16-10-1967,Female,01-11-2024,Bronze,2475.42,11,1
CUST01778,Zayan,Shenoy,zayan.shenoy16@email.com,9481048604,Mumbai,10801,16-07-1995,Other,21-10-2024,Silver,14642.9,138,1
CUST01779,Balvan,Johal,balvan.johal71@email.com,9607551430,Mumbai,683176,05-05-1979,Female,02-03-2026,Gold,25089.25,14,1
CUST01780,Gautam,Suresh,gautam.suresh72@email.com,9228126056,Delhi NCR,680808,06-03-1967,Other,09-04-2026,Silver,5793.69,110,1
CUST01781,Jeevika,Sem,jeevika.sem87@email.com,9881247782,Bangalore,290150,01-02-1992,Other,21-09-2024,Bronze,2356.17,16,1
CUST01782,Rohan,Trivedi,rohan.trivedi15@email.com,9897201366,Bangalore,671307,22-02-1976,Male,01-04-2025,Bronze,1867.68,6,1
CUST01783,Fariq,Batta,fariq.batta64@email.com,9191716980,Hyderabad,584743,23-10-1987,Male,30-11-2024,Bronze,3475.45,4,1
CUST01784,Ishaan,Hegde,ishaan.hegde65@email.com,9312665514,Mumbai,96258,26-06-1996,Female,25-12-2025,Gold,20819.97,138,1
CUST01785,Isha,Sekhon,isha.sekhon23@email.com,9416427909,Pune,694703,29-09-1968,Other,26-09-2025,Bronze,2752.11,17,1
CUST01786,Abdul,Nath,abdul.nath34@email.com,9908943039,Andhra Pradesh,396274,26-04-1990,Male,09-06-2026,Bronze,3396,16,1
CUST01787,Meera,Sarkar,meera.sarkar93@email.com,9876202457,Delhi NCR,159183,14-12-1969,Other,12-01-2026,Bronze,4937.29,5,1
CUST01788,Vaishnavi,Bahl,vaishnavi.bahl49@email.com,9484688301,Bangalore,46661,07-09-1981,Female,31-03-2025,Bronze,3021.75,19,1
CUST01789,Aryan,Bir,aryan.bir52@email.com,9696480827,Mumbai,79771,19-09-1977,Female,16-08-2024,Bronze,1411.5,14,0
CUST01790,Anmol,Lala,anmol.lala19@email.com,9818432781,Mumbai,881949,02-10-1960,Other,19-03-2025,Bronze,3448.06,5,1
CUST01791,Zaid,Bhatti,zaid.bhatti75@email.com,9504883997,Delhi NCR,204998,15-02-1963,Other,06-04-2026,Silver,8232.12,88,0
CUST01792,Chameli,Taneja,chameli.taneja35@email.com,9720260403,Hyderabad,987313,27-01-1992,Male,19-10-2025,Bronze,4370.18,18,1
CUST01793,Reva,Dara,reva.dara78@email.com,9762865651,Pune,698416,17-07-1986,Other,03-10-2024,Bronze,3273.94,8,1
CUST01794,Manthan,Kalita,manthan.kalita73@email.com,9773333029,Pune,407794,10-06-1977,Female,15-01-2025,Silver,9161.23,47,1
CUST01795,Owen,Naidu,owen.naidu21@email.com,9707834847,Mumbai,238994,18-03-2000,Female,02-10-2025,Bronze,3904.36,16,1
CUST01796,Ishaan,Sehgal,ishaan.sehgal60@email.com,9387405499,Mumbai,142620,18-02-1975,Other,15-07-2025,Silver,13300.98,47,1
CUST01797,Charan,Varma,charan.varma90@email.com,9489286200,Hyderabad,821160,29-04-1971,Other,13-12-2025,Gold,24364.62,5,1
CUST01798,Ayaan,Lad,ayaan.lad78@email.com,9783527690,Andhra Pradesh,813599,15-06-1995,Other,23-10-2025,Silver,10397.32,102,1
CUST01799,Yamini,Sen,yamini.sen79@email.com,9232653532,Bangalore,117088,22-02-2003,Female,17-10-2025,Bronze,712.88,5,1
CUST01800,Bimala,Trivedi,bimala.trivedi63@email.com,9960318142,Andhra Pradesh,186448,14-12-1969,Male,19-11-2024,Gold,16334.28,125,1
CUST01801,Jai,Seth,jai.seth95@email.com,9190871307,Hyderabad,883978,25-12-1985,Male,22-06-2025,Silver,6830.6,113,1
CUST01802,Advay,Zacharia,advay.zacharia47@email.com,9401945630,Delhi NCR,4806,27-10-1992,Male,23-03-2025,Platinum,58366.59,149,1
CUST01803,Urvashi,Chander,urvashi.chander95@email.com,9168106444,Bangalore,369149,27-12-1987,Other,27-09-2024,Gold,26525.85,121,1
CUST01804,Frado,Dugar,frado.dugar33@email.com,9649637634,Hyderabad,942968,22-11-1994,Other,11-11-2024,Bronze,2096.52,1,1
CUST01805,Ubika,Ramanathan,ubika.ramanathan81@email.com,9570610750,Bangalore,40953,27-07-1968,Other,03-02-2025,Gold,23102.59,132,1
CUST01806,Gaurang,Sampath,gaurang.sampath67@email.com,9885805572,Andhra Pradesh,560783,05-08-1972,Male,31-07-2025,Bronze,3814.9,8,1
CUST01807,Bhanumati,Kapur,bhanumati.kapur15@email.com,9934924906,Hyderabad,651796,29-11-1972,Female,02-03-2025,Silver,5967.36,97,1
CUST01808,Chakradev,Sama,chakradev.sama39@email.com,9679080837,Delhi NCR,966834,07-03-2002,Other,16-06-2025,Bronze,4776.74,4,0
CUST01809,Atharv,Lata,atharv.lata29@email.com,9870991279,Andhra Pradesh,842170,15-12-1970,Female,26-09-2025,Silver,8903.27,70,1
CUST01810,Hamsini,Chaudry,hamsini.chaudry80@email.com,9701187611,Andhra Pradesh,225936,11-04-1979,Other,12-09-2025,Silver,8888.75,19,1
CUST01811,Jeremiah,Acharya,jeremiah.acharya24@email.com,9768396543,Andhra Pradesh,486883,03-05-2002,Male,18-08-2024,Gold,24038.56,81,1
CUST01812,Rajata,Devan,rajata.devan56@email.com,9811197872,Andhra Pradesh,672879,23-09-1999,Other,08-09-2024,Bronze,2517.21,3,1
CUST01813,Pavani,Bains,pavani.bains50@email.com,9150783844,Delhi NCR,141319,11-06-1977,Male,21-04-2025,Bronze,4555.88,2,0
CUST01814,Nihal,Jayaraman,nihal.jayaraman68@email.com,9864458878,Andhra Pradesh,133760,20-10-1983,Other,09-12-2024,Silver,14426.96,115,1
CUST01815,Yuvraj,Bassi,yuvraj.bassi55@email.com,9878694697,Mumbai,588165,15-03-2008,Male,04-08-2024,Silver,14093.99,6,1
CUST01816,Noah,Parsa,noah.parsa26@email.com,9328306716,Mumbai,472419,04-03-1967,Male,16-06-2025,Bronze,2253.76,12,1
CUST01817,Eesha,Balay,eesha.balay81@email.com,9269050290,Pune,440966,05-11-1964,Male,18-07-2025,Bronze,610.81,3,0
CUST01818,Veda,Bhattacharyya,veda.bhattacharyya46@email.com,9698507299,Bangalore,498980,01-10-1997,Female,11-09-2025,Bronze,1013.94,6,1
CUST01819,Aarnav,Rattan,aarnav.rattan58@email.com,9787259460,Chennai,821417,24-12-1978,Male,04-06-2025,Silver,7863.81,35,1
CUST01820,Zansi,Cheema,zansi.cheema23@email.com,9993904353,Mumbai,592664,11-09-1997,Other,10-06-2025,Bronze,3432.61,7,1
CUST01821,Yuvraj,Randhawa,yuvraj.randhawa71@email.com,9864109056,Hyderabad,486941,27-10-1982,Other,08-04-2025,Bronze,1874.56,17,1
CUST01822,Advika,Murthy,advika.murthy37@email.com,9250192502,Hyderabad,119292,14-07-1964,Other,05-05-2026,Bronze,1362.05,1,1
CUST01823,Vanya,Patel,vanya.patel60@email.com,9169308945,Bangalore,605117,23-11-1965,Other,11-06-2025,Bronze,4388.87,13,1
CUST01824,David,Karan,david.karan40@email.com,9808463308,Mumbai,365362,09-05-1967,Other,21-08-2025,Silver,6722.96,15,1
CUST01825,Abha,Narang,abha.narang50@email.com,9292087047,Mumbai,906700,26-03-1962,Other,22-10-2025,Silver,6822.1,115,1
CUST01826,Charvi,Deshpande,charvi.deshpande61@email.com,9266904316,Bangalore,894204,26-02-1986,Female,05-05-2025,Platinum,72558.41,81,1
CUST01827,Anusha,Saran,anusha.saran47@email.com,9852479848,Mumbai,760564,24-07-1971,Other,29-07-2024,Silver,13772.19,87,1
CUST01828,Deepa,Murty,deepa.murty65@email.com,9350192482,Bangalore,577580,02-06-1999,Other,03-07-2025,Bronze,988.49,4,1
CUST01829,Darika,Nagar,darika.nagar82@email.com,9907188379,Mumbai,389062,18-01-1977,Other,14-05-2026,Bronze,4007.4,3,1
CUST01830,Kala,Kuruvilla,kala.kuruvilla12@email.com,9237321532,Kolkata,622654,26-03-1964,Female,10-10-2024,Bronze,4118.39,9,1
CUST01831,Mekhala,Natt,mekhala.natt32@email.com,9270615273,Delhi NCR,300622,09-08-1968,Other,30-11-2024,Gold,20418.66,43,1
CUST01832,Max,Menon,max.menon33@email.com,9737550749,Kolkata,767746,08-09-1969,Male,03-03-2026,Silver,8163,111,1
CUST01833,Diya,Bhavsar,diya.bhavsar51@email.com,9902748266,Bangalore,11241,30-10-1966,Female,03-05-2025,Bronze,1430.58,19,0
CUST01834,Yahvi,Krishnamurthy,yahvi.krishnamurthy72@email.com,9420981199,Delhi NCR,8017,12-08-2000,Male,22-08-2025,Bronze,2913.77,13,1
CUST01835,Meghana,Srivastava,meghana.srivastava59@email.com,9757346442,Bangalore,823129,26-01-2001,Male,03-06-2026,Silver,8295.32,36,1
CUST01836,Ishita,Sawhney,ishita.sawhney81@email.com,9348593781,Andhra Pradesh,472642,02-01-2004,Other,09-04-2026,Bronze,1895.27,1,1
CUST01837,Pavani,Borra,pavani.borra78@email.com,9893952680,Bangalore,120384,13-02-1976,Female,09-02-2026,Silver,6074.01,15,1
CUST01838,Varenya,Oommen,varenya.oommen85@email.com,9598396382,Hyderabad,659680,07-12-1991,Other,21-09-2025,Platinum,52529.39,86,1
CUST01839,Inaya,Ganguly,inaya.ganguly87@email.com,9346885941,Chennai,482421,05-04-2006,Other,24-09-2025,Bronze,4751.83,4,1
CUST01840,Viraj,Thakur,viraj.thakur21@email.com,9598467302,Mumbai,454006,11-11-1977,Female,12-03-2025,Silver,6658.8,21,1
CUST01841,Jhalak,Mangal,jhalak.mangal12@email.com,9920990354,Mumbai,523112,19-09-1973,Female,14-11-2024,Silver,5938.2,107,1
CUST01842,Sara,Mangal,sara.mangal98@email.com,9206168519,Hyderabad,917763,28-01-1977,Female,16-12-2025,Bronze,2126.75,15,1
CUST01843,Chaaya,Ganesan,chaaya.ganesan72@email.com,9832829817,Bangalore,203886,02-03-2007,Female,26-11-2024,Bronze,4795.34,4,1
CUST01844,Elijah,Soman,elijah.soman60@email.com,9440315648,Bangalore,80196,08-05-1977,Other,21-04-2026,Silver,9117.4,73,1
CUST01845,Benjamin,Kumer,benjamin.kumer18@email.com,9486758112,Pune,306935,27-08-1997,Male,12-08-2025,Silver,14787.35,21,1
CUST01846,Maanav,Loke,maanav.loke47@email.com,9471476382,Bangalore,534001,28-07-1995,Female,09-09-2024,Bronze,4840.08,2,1
CUST01847,Meghana,Sastry,meghana.sastry19@email.com,9956479976,Bangalore,848165,08-04-1972,Male,19-02-2025,Bronze,3213.8,10,1
CUST01848,Aachal,Kumar,aachal.kumar29@email.com,9878160412,Bangalore,446083,16-12-1996,Male,31-05-2026,Silver,14080.37,114,1
CUST01849,Janaki,Bhatti,janaki.bhatti35@email.com,9318097030,Hyderabad,993781,09-08-1961,Male,28-11-2025,Silver,6792.8,58,1
CUST01850,Ekani,Khosla,ekani.khosla91@email.com,9260137564,Hyderabad,287884,20-03-1997,Other,09-02-2026,Silver,13610.68,113,1
CUST01851,Libni,Sandal,libni.sandal59@email.com,9345902741,Mumbai,904579,23-05-2008,Female,29-10-2024,Bronze,798.04,5,0
CUST01852,Varenya,Cheema,varenya.cheema77@email.com,9965399214,Mumbai,724630,22-08-1966,Other,18-05-2026,Silver,11716.87,149,1
CUST01853,Lakshmi,Krishnan,lakshmi.krishnan53@email.com,9476965233,Delhi NCR,423839,20-02-1991,Male,21-11-2024,Gold,19293.31,80,1
CUST01854,Warinder,Khanna,warinder.khanna64@email.com,9750918253,Chennai,218706,29-03-1971,Other,02-06-2026,Bronze,4121.32,20,0
CUST01855,Shivansh,Gera,shivansh.gera60@email.com,9758837636,Hyderabad,983221,06-08-1963,Female,12-04-2026,Silver,6324.74,85,1
CUST01856,Jackson,Aurora,jackson.aurora72@email.com,9638850617,Mumbai,320018,23-10-1986,Other,11-07-2025,Silver,10392.37,57,1
CUST01857,Radha,Raghavan,radha.raghavan97@email.com,9154758813,Bangalore,8987,30-10-1986,Other,20-10-2024,Bronze,3391.37,10,1
CUST01858,Advay,Chacko,advay.chacko45@email.com,9726829801,Bangalore,356140,21-07-1976,Other,15-06-2026,Bronze,982.02,16,1
CUST01859,Bimala,Nagar,bimala.nagar74@email.com,9960991466,Mumbai,198074,16-03-1989,Male,18-03-2026,Gold,34294.47,89,1
CUST01860,Lakshit,Hayer,lakshit.hayer47@email.com,9720600137,Bangalore,469510,17-10-1960,Male,19-12-2024,Bronze,3653.26,6,1
CUST01861,Anay,Shankar,anay.shankar91@email.com,9709679132,Bangalore,205459,08-05-1986,Male,22-06-2025,Bronze,1058.31,20,1
CUST01862,Falan,Narula,falan.narula99@email.com,9696973382,Bangalore,66664,23-10-1966,Female,13-09-2024,Silver,11646.98,47,1
CUST01863,Agastya,Ramaswamy,agastya.ramaswamy73@email.com,9894767595,Mumbai,411340,19-12-1990,Male,11-09-2025,Bronze,830.86,19,1
CUST01864,Ekiya,Chaudhry,ekiya.chaudhry59@email.com,9238013912,Bangalore,994970,15-02-1996,Female,07-11-2025,Bronze,1775.56,19,0
CUST01865,Alexander,Pillai,alexander.pillai55@email.com,9646818824,Andhra Pradesh,668348,17-02-1970,Female,07-05-2025,Silver,6293.34,51,1
CUST01866,Nidhi,Dutta,nidhi.dutta81@email.com,9600794432,Pune,970838,16-01-1990,Other,24-09-2025,Silver,8067.5,83,1
CUST01867,Zinal,Dani,zinal.dani67@email.com,9447690205,Hyderabad,879150,17-10-1985,Other,02-04-2026,Bronze,1947.54,5,1
CUST01868,Pushti,Gole,pushti.gole75@email.com,9989168942,Bangalore,719760,20-09-2007,Male,22-10-2025,Bronze,2816.54,20,1
CUST01869,Warjas,Date,warjas.date13@email.com,9937432953,Hyderabad,126578,01-11-1999,Female,25-09-2025,Gold,29887.32,76,1
CUST01870,Rachit,Rai,rachit.rai67@email.com,9189622272,Mumbai,418095,07-01-1970,Male,18-07-2026,Silver,13037.1,112,1
CUST01871,Elijah,Shenoy,elijah.shenoy25@email.com,9608215235,Andhra Pradesh,585177,22-08-1991,Female,28-02-2025,Silver,7981.56,102,0
CUST01872,Gautam,Devi,gautam.devi80@email.com,9490730775,Andhra Pradesh,469211,01-06-1997,Other,22-12-2025,Bronze,4474.17,6,0
CUST01873,Maanav,Mand,maanav.mand32@email.com,9795386867,Bangalore,996264,05-08-1972,Female,21-11-2024,Bronze,3750.43,17,1
CUST01874,Lohit,Sood,lohit.sood40@email.com,9355388087,Bangalore,891704,25-06-1985,Other,09-02-2025,Bronze,3647.48,12,1
CUST01875,Kevin,Cheema,kevin.cheema75@email.com,9765834019,Pune,457056,19-12-1994,Other,24-10-2024,Silver,6907.36,143,1
CUST01876,Aarnav,Dhaliwal,aarnav.dhaliwal28@email.com,9250064130,Pune,570900,10-11-1964,Male,20-11-2025,Bronze,1822.44,10,1
CUST01877,Mohini,Kanda,mohini.kanda34@email.com,9594472832,Delhi NCR,640723,20-10-1969,Other,19-02-2025,Bronze,1985.43,14,1
CUST01878,Upma,Goel,upma.goel91@email.com,9747249336,Kolkata,895400,08-08-1966,Female,30-07-2025,Gold,22410.59,145,1
CUST01879,Zinal,Varughese,zinal.varughese47@email.com,9503234636,Bangalore,247312,08-02-1989,Male,12-09-2024,Silver,13001.19,112,1
CUST01880,Lopa,Prakash,lopa.prakash82@email.com,9290074160,Mumbai,710580,09-10-1966,Female,16-10-2024,Bronze,1669.34,17,1
CUST01881,Kamya,Agarwal,kamya.agarwal47@email.com,9691466022,Bangalore,711526,19-01-1966,Male,18-02-2026,Gold,20962.18,99,1
CUST01882,Caleb,Patil,caleb.patil13@email.com,9622950700,Andhra Pradesh,709230,12-10-1962,Female,12-07-2025,Bronze,2968.65,13,1
CUST01883,Ekavir,Sani,ekavir.sani34@email.com,9842699932,Bangalore,7418,10-08-1999,Female,19-03-2026,Bronze,931.25,3,1
CUST01884,Devika,Narang,devika.narang10@email.com,9861586100,Delhi NCR,329876,27-11-2000,Male,22-09-2025,Gold,26173.7,104,1
CUST01885,Tanay,Sachar,tanay.sachar32@email.com,9545974922,Bangalore,294471,05-09-1988,Other,28-04-2026,Silver,5402.33,45,1
CUST01886,Gaurang,Varma,gaurang.varma70@email.com,9259277375,Hyderabad,734813,11-05-1965,Female,14-08-2024,Bronze,763.65,14,1
CUST01887,Aarna,Natarajan,aarna.natarajan60@email.com,9997359579,Hyderabad,258963,18-02-2007,Female,07-12-2024,Bronze,1385.25,1,1
CUST01888,Ekapad,Sidhu,ekapad.sidhu67@email.com,9875935751,Andhra Pradesh,357483,05-07-1983,Male,25-05-2026,Silver,12299.7,64,1
CUST01889,Max,Salvi,max.salvi88@email.com,9240386513,Bangalore,648606,08-01-1991,Female,15-12-2024,Bronze,1208.99,10,0
CUST01890,Theodore,Krishnamurthy,theodore.krishnamurthy56@email.com,9115574916,Mumbai,883842,07-03-1982,Other,31-03-2026,Silver,14709.46,126,1
CUST01891,Vedant,Raja,vedant.raja23@email.com,9818472842,Kolkata,628055,28-02-1964,Other,29-06-2025,Platinum,44828.69,126,1
CUST01892,Sachi,Malhotra,sachi.malhotra83@email.com,9747058905,Mumbai,657955,29-12-1965,Other,26-04-2025,Gold,17012.7,102,1
CUST01893,Mekhala,Dutta,mekhala.dutta99@email.com,9739619472,Bangalore,920908,25-03-1983,Other,18-06-2026,Bronze,699.73,7,1
CUST01894,Ekta,Chhabra,ekta.chhabra97@email.com,9239770464,Mumbai,740913,02-05-1967,Male,20-09-2024,Gold,33051.06,86,1
CUST01895,Harish,Shere,harish.shere17@email.com,9259716610,Mumbai,190254,18-06-2008,Other,28-06-2025,Bronze,2278.73,1,1
CUST01896,Lopa,Bhagat,lopa.bhagat30@email.com,9860741016,Mumbai,206953,28-12-1981,Other,14-04-2026,Silver,9131.1,111,1
CUST01897,Amrita,Chacko,amrita.chacko38@email.com,9711438148,Delhi NCR,12275,21-01-1999,Other,21-04-2025,Gold,26026.62,124,1
CUST01898,Daniel,Anne,daniel.anne67@email.com,9582750729,Bangalore,601515,24-02-1975,Male,19-05-2026,Bronze,2389.26,18,1
CUST01899,Qadim,Palan,qadim.palan50@email.com,9251045807,Mumbai,795074,13-07-1963,Other,27-04-2026,Silver,8762.34,28,1
CUST01900,Waida,Chaudhry,waida.chaudhry57@email.com,9770363611,Chennai,327980,17-08-1984,Male,19-01-2026,Gold,31131.45,66,0
CUST01901,Jasmit,Bala,jasmit.bala36@email.com,9837257798,Bangalore,100649,06-04-1975,Other,11-03-2025,Silver,7966.16,82,1
CUST01902,Advik,Jani,advik.jani26@email.com,9158953597,Mumbai,45203,13-09-1989,Other,22-08-2024,Gold,23356.87,84,1
CUST01903,Yashawini,Mane,yashawini.mane54@email.com,9571089900,Mumbai,184913,17-01-2005,Female,05-04-2025,Bronze,1443.77,17,1
CUST01904,Owen,Parmer,owen.parmer37@email.com,9643590058,Mumbai,359520,19-02-1985,Female,15-05-2025,Bronze,4080.14,13,1
CUST01905,Ekavir,Bandi,ekavir.bandi31@email.com,9132449764,Delhi NCR,679900,13-08-1987,Female,04-10-2025,Bronze,3407.12,7,1
CUST01906,Priya,Bhargava,priya.bhargava96@email.com,9845947047,Andhra Pradesh,867740,15-11-2007,Male,13-06-2026,Bronze,2322.66,7,1
CUST01907,Wyatt,Srinivas,wyatt.srinivas83@email.com,9175130039,Bangalore,233944,02-02-2000,Male,11-01-2026,Bronze,3294.25,13,0
CUST01908,Kavya,Kar,kavya.kar39@email.com,9477693705,Bangalore,67762,15-04-1983,Other,29-03-2025,Bronze,3809.59,1,1
CUST01909,Abhiram,Kamdar,abhiram.kamdar96@email.com,9284523388,Hyderabad,501736,08-11-1981,Female,01-02-2025,Silver,7246.56,15,1
CUST01910,Kalpit,Raman,kalpit.raman95@email.com,9597504303,Kolkata,417842,28-02-2000,Other,03-09-2024,Bronze,2469.81,1,0
CUST01911,Rachit,Doctor,rachit.doctor64@email.com,9471895670,Mumbai,345110,21-09-1962,Male,04-10-2025,Bronze,2066.57,10,1
CUST01912,Balveer,Sama,balveer.sama21@email.com,9175204741,Bangalore,530886,13-04-1995,Female,30-01-2025,Silver,11691.37,121,1
CUST01913,Xavier,Atwal,xavier.atwal14@email.com,9976590750,Hyderabad,116673,22-10-1969,Female,08-11-2025,Silver,13061.11,111,1
CUST01914,Abeer,Manda,abeer.manda40@email.com,9742834797,Mumbai,759887,19-07-1982,Male,14-05-2026,Bronze,4461.34,3,1
CUST01915,Quincy,Chahal,quincy.chahal62@email.com,9169574143,Hyderabad,996426,15-09-1963,Other,13-01-2025,Silver,7032.77,7,1
CUST01916,Wridesh,Saini,wridesh.saini61@email.com,9892818186,Chennai,27558,29-03-1973,Male,16-09-2024,Bronze,705.68,20,1
CUST01917,Aadhya,Shere,aadhya.shere92@email.com,9560533831,Mumbai,92071,23-09-1966,Male,01-04-2026,Bronze,4414.63,16,1
CUST01918,Hemangini,Edwin,hemangini.edwin52@email.com,9491393970,Kolkata,802362,14-04-1967,Other,02-12-2025,Bronze,1235.09,11,0
CUST01919,Onveer,Bir,onveer.bir56@email.com,9892700534,Pune,818970,04-04-2007,Other,28-04-2025,Silver,5646.97,145,1
CUST01920,Girindra,Saraf,girindra.saraf67@email.com,9216165803,Bangalore,186385,28-02-1983,Male,18-09-2025,Gold,16285.42,122,1
CUST01921,Finn,Munshi,finn.munshi12@email.com,9825847825,Bangalore,721688,28-07-1963,Other,19-01-2026,Silver,13366.71,60,1
CUST01922,Chandresh,Nori,chandresh.nori39@email.com,9639768030,Andhra Pradesh,789318,04-02-1986,Female,02-11-2025,Bronze,4507.83,11,1
CUST01923,Mohammed,Trivedi,mohammed.trivedi97@email.com,9778214060,Hyderabad,284540,12-04-2005,Female,30-09-2024,Silver,7946.69,59,1
CUST01924,Yoshita,Devi,yoshita.devi98@email.com,9327051160,Chennai,720028,03-02-1975,Other,07-11-2025,Bronze,1798.83,5,1
CUST01925,Chaitaly,Yadav,chaitaly.yadav75@email.com,9624782969,Hyderabad,322041,05-06-1979,Other,19-02-2025,Bronze,965.23,10,0
CUST01926,Vidhi,Mallick,vidhi.mallick10@email.com,9141062603,Bangalore,281165,31-10-1999,Male,28-10-2025,Silver,10878.28,11,1
CUST01927,Rohan,Anne,rohan.anne11@email.com,9995841619,Kolkata,20304,26-11-2007,Other,10-11-2024,Bronze,1607.12,8,1
CUST01928,Theodore,Deep,theodore.deep72@email.com,9375840754,Delhi NCR,775213,04-12-1985,Male,26-01-2026,Gold,27653.8,51,0
CUST01929,Rishi,Barman,rishi.barman47@email.com,9126784498,Kolkata,816506,17-10-1977,Female,21-05-2025,Bronze,1383.91,14,1
CUST01930,Ronith,Agate,ronith.agate42@email.com,9342327862,Bangalore,593777,05-10-1984,Other,23-05-2025,Gold,25352.84,55,1
CUST01931,Gopal,Yogi,gopal.yogi76@email.com,9249617149,Hyderabad,210291,01-11-1988,Female,30-12-2025,Platinum,65427.94,98,1
CUST01932,Ethan,Singh,ethan.singh74@email.com,9797696090,Bangalore,690298,24-05-1975,Other,18-10-2024,Bronze,1208.9,13,1
CUST01933,Ayush,Lall,ayush.lall91@email.com,9217091679,Pune,841966,02-08-1971,Other,12-11-2024,Bronze,3410.34,4,1
CUST01934,Finn,Jain,finn.jain74@email.com,9936515779,Mumbai,670805,01-03-1988,Female,23-09-2025,Silver,9294.95,64,1
CUST01935,Jyoti,Sahni,jyoti.sahni67@email.com,9628864477,Delhi NCR,706362,09-04-1966,Female,03-10-2025,Silver,7629.72,81,0
CUST01936,Yauvani,Ramesh,yauvani.ramesh83@email.com,9866866449,Delhi NCR,504944,30-12-1980,Male,09-12-2025,Silver,5778.11,136,1
CUST01937,Balhaar,Sastry,balhaar.sastry21@email.com,9467590125,Hyderabad,634933,03-03-1999,Female,06-06-2025,Bronze,2928.18,16,1
CUST01938,Hemangini,Anand,hemangini.anand95@email.com,9539080171,Bangalore,962732,17-01-1972,Male,13-05-2025,Bronze,2845.05,9,1
CUST01939,Krish,Saraf,krish.saraf93@email.com,9280242649,Delhi NCR,142436,31-10-2005,Other,01-11-2024,Gold,32766.66,78,1
CUST01940,Hemal,Nagi,hemal.nagi15@email.com,9994685980,Kolkata,218808,04-02-1994,Female,22-10-2025,Bronze,1108.06,8,1
CUST01941,Guneet,Reddy,guneet.reddy81@email.com,9589888529,Kolkata,341996,28-06-1978,Female,05-01-2025,Gold,30567.18,83,1
CUST01942,Sai,Nigam,sai.nigam37@email.com,9333425339,Delhi NCR,247250,12-05-1985,Male,03-09-2025,Gold,19841.94,73,1
CUST01943,Warinder,Kar,warinder.kar21@email.com,9247375623,Delhi NCR,430311,11-06-1985,Male,07-05-2026,Gold,30786.4,13,1
CUST01944,Xalak,Ravi,xalak.ravi37@email.com,9231590728,Pune,545769,28-06-2006,Female,11-02-2025,Silver,11098.05,97,1
CUST01945,Xalak,Narayanan,xalak.narayanan38@email.com,9757984890,Bangalore,694535,15-11-1976,Other,22-06-2025,Bronze,4197.33,11,1
CUST01946,Kamala,Sodhi,kamala.sodhi25@email.com,9393587053,Hyderabad,669861,14-11-1989,Other,27-12-2024,Bronze,933.76,19,1
CUST01947,Avni,Date,avni.date29@email.com,9945475251,Andhra Pradesh,254508,11-01-2008,Male,23-06-2026,Silver,14483.77,4,0
CUST01948,Abhiram,Natarajan,abhiram.natarajan16@email.com,9747441384,Chennai,815269,02-04-1970,Other,25-03-2025,Bronze,1035.71,17,1
CUST01949,Kamya,Raj,kamya.raj81@email.com,9200434606,Bangalore,472130,22-05-1991,Other,24-05-2026,Bronze,3232.52,15,1
CUST01950,Anya,Deshpande,anya.deshpande16@email.com,9968912016,Mumbai,591426,19-11-1968,Other,12-07-2026,Silver,9389.03,13,1
CUST01951,Bhavika,Ben,bhavika.ben35@email.com,9446356777,Mumbai,893326,18-06-1968,Female,08-03-2025,Gold,16911.49,45,0
CUST01952,Edhitha,More,edhitha.more45@email.com,9270503523,Bangalore,79637,05-12-1975,Male,06-10-2024,Bronze,2248.52,5,1
CUST01953,Andrew,Balan,andrew.balan79@email.com,9248176975,Bangalore,785221,13-12-1965,Female,30-04-2025,Bronze,1604.37,2,0
CUST01954,Sanya,Chanda,sanya.chanda34@email.com,9163100068,Bangalore,523542,03-01-1990,Female,08-06-2026,Silver,7798.86,73,1
CUST01955,Yashasvi,Sharma,yashasvi.sharma32@email.com,9794484093,Bangalore,470173,16-04-2004,Other,22-11-2024,Gold,33937.89,146,1
CUST01956,Aryan,Wadhwa,aryan.wadhwa60@email.com,9385685499,Delhi NCR,523777,14-07-1969,Female,09-10-2025,Bronze,2180.48,12,0
CUST01957,Qushi,Ratta,qushi.ratta27@email.com,9262122530,Mumbai,633701,06-07-1979,Male,25-06-2026,Bronze,1619.59,14,1
CUST01958,David,Batra,david.batra67@email.com,9183420264,Chennai,278105,11-09-1982,Female,04-12-2025,Platinum,67813.3,68,1
CUST01959,Zilmil,Bath,zilmil.bath29@email.com,9217861028,Bangalore,27221,02-08-1981,Male,09-12-2024,Bronze,1720.07,17,0
CUST01960,Ekaja,Sheth,ekaja.sheth17@email.com,9599031683,Hyderabad,160943,02-08-1999,Male,06-01-2026,Bronze,2378.01,4,1
CUST01961,Jatin,Kalla,jatin.kalla95@email.com,9464150571,Bangalore,817203,27-10-1968,Female,18-12-2024,Bronze,1888.05,20,1
CUST01962,Kritika,Pal,kritika.pal78@email.com,9275938707,Mumbai,286209,06-06-2004,Other,09-12-2024,Platinum,46284.08,88,1
CUST01963,Vedhika,Koshy,vedhika.koshy39@email.com,9647805665,Bangalore,259533,23-08-1970,Other,26-11-2024,Bronze,3208.74,1,1
CUST01964,Matthew,Savant,matthew.savant49@email.com,9561482365,Delhi NCR,938992,23-08-1960,Female,26-02-2025,Bronze,1881.26,17,1
CUST01965,Januja,Som,januja.som52@email.com,9893767029,Bangalore,532366,23-06-1966,Female,16-08-2025,Silver,8120.95,75,1
CUST01966,Inaya,Banerjee,inaya.banerjee70@email.com,9279576421,Mumbai,610870,09-05-1995,Female,10-12-2024,Bronze,4485.3,6,1
CUST01967,Lopa,Tank,lopa.tank44@email.com,9880669004,Chennai,823601,05-07-1961,Female,03-08-2025,Bronze,2578.83,12,0
CUST01968,Jeet,Dugal,jeet.dugal46@email.com,9715090124,Delhi NCR,158388,25-07-2003,Female,07-12-2024,Gold,29490.86,48,1
CUST01969,Gaurav,Tailor,gaurav.tailor94@email.com,9382719355,Andhra Pradesh,484673,13-08-1982,Other,26-06-2025,Bronze,610.74,16,1
CUST01970,Adweta,Deep,adweta.deep55@email.com,9760406712,Mumbai,332228,11-09-1961,Female,23-11-2025,Bronze,4982.54,20,1
CUST01971,Hitesh,Master,hitesh.master89@email.com,9966640560,Bangalore,258922,14-09-1972,Female,08-02-2026,Bronze,4973.35,20,1
CUST01972,Irya,Ravel,irya.ravel60@email.com,9918035237,Andhra Pradesh,629535,12-03-2005,Other,25-08-2024,Gold,30660.95,22,1
CUST01973,Lopa,Kibe,lopa.kibe83@email.com,9362133094,Mumbai,311804,21-07-1987,Female,31-12-2025,Silver,12888.41,51,1
CUST01974,Vyanjana,Majumdar,vyanjana.majumdar61@email.com,9458939258,Andhra Pradesh,307538,18-04-1981,Male,09-03-2026,Silver,6403.82,139,1
CUST01975,Jairaj,Naik,jairaj.naik69@email.com,9357548454,Hyderabad,13626,14-07-2005,Other,31-08-2024,Platinum,35560.96,101,1
CUST01976,Yashoda,Mangat,yashoda.mangat25@email.com,9130388375,Mumbai,397561,26-11-1981,Other,05-02-2026,Bronze,4122.47,5,0
CUST01977,Aradhana,Soni,aradhana.soni79@email.com,9460910130,Mumbai,554912,28-02-2003,Male,12-12-2025,Bronze,736.9,5,1
CUST01978,Ekalinga,Pillay,ekalinga.pillay87@email.com,9867262557,Bangalore,641195,31-12-1982,Other,15-06-2025,Bronze,3601.14,3,1
CUST01979,Anita,Badal,anita.badal43@email.com,9348029554,Andhra Pradesh,969395,25-03-1991,Male,15-09-2025,Bronze,4543.97,9,0
CUST01980,Watika,Parmar,watika.parmar86@email.com,9112783053,Mumbai,70204,11-01-1972,Male,20-06-2025,Gold,25539.19,144,0
CUST01981,Nathan,Aurora,nathan.aurora61@email.com,9567706089,Delhi NCR,971212,21-06-1981,Female,12-09-2024,Bronze,2778.51,8,0
CUST01982,Saksham,Kohli,saksham.kohli77@email.com,9849868950,Delhi NCR,967897,04-03-1988,Female,15-08-2024,Bronze,2258.36,15,1
CUST01983,Urvi,Kale,urvi.kale73@email.com,9416583794,Hyderabad,267731,05-07-2001,Female,08-03-2026,Bronze,1833.12,11,1
CUST01984,Qasim,Deo,qasim.deo29@email.com,9110538531,Delhi NCR,607598,08-12-1996,Female,12-11-2025,Gold,19700.62,86,1
CUST01985,Vaishnavi,Salvi,vaishnavi.salvi81@email.com,9739832304,Hyderabad,339431,22-07-2001,Male,27-09-2024,Gold,16878.5,49,0
CUST01986,Lavanya,Narasimhan,lavanya.narasimhan30@email.com,9103172908,Hyderabad,308952,31-05-1976,Male,22-10-2024,Silver,13079.06,1,1
CUST01987,Maanav,Bath,maanav.bath79@email.com,9318038973,Mumbai,191505,21-08-1993,Female,06-04-2026,Gold,15748.14,18,1
CUST01988,Kritika,Magar,kritika.magar57@email.com,9422127906,Mumbai,974700,17-08-1960,Male,03-11-2024,Bronze,4556.39,8,1
CUST01989,Osha,Shetty,osha.shetty65@email.com,9762407752,Delhi NCR,448676,22-10-1980,Male,05-10-2025,Bronze,4579.89,1,1
CUST01990,Sara,Sengupta,sara.sengupta45@email.com,9986889009,Chennai,163656,18-07-2007,Other,13-08-2024,Platinum,44925.97,82,1
CUST01991,Aarini,Narayanan,aarini.narayanan33@email.com,9202214594,Delhi NCR,63553,19-07-1992,Female,19-12-2024,Silver,14329.95,67,1
CUST01992,Baljiwan,Raju,baljiwan.raju92@email.com,9994910369,Delhi NCR,969277,05-12-1965,Other,11-10-2024,Bronze,1668.24,19,0
CUST01993,Ishita,Devan,ishita.devan40@email.com,9278814436,Mumbai,353059,03-04-1992,Male,27-01-2026,Silver,9133.86,69,1
CUST01994,Abhiram,Gola,abhiram.gola29@email.com,9283929272,Mumbai,512827,08-09-1988,Female,23-12-2025,Bronze,1888.31,14,1
CUST01995,Samuel,Sandhu,samuel.sandhu11@email.com,9883414633,Mumbai,315948,16-10-2002,Male,09-05-2026,Bronze,2520.81,6,1
CUST01996,Gautami,Ramaswamy,gautami.ramaswamy63@email.com,9687793220,Andhra Pradesh,466345,11-05-1978,Male,28-05-2026,Silver,12936.05,103,1
CUST01997,Brinda,Kant,brinda.kant26@email.com,9371763803,Pune,414916,18-04-1999,Female,08-07-2026,Bronze,2708.21,6,1
CUST01998,Yash,Kibe,yash.kibe99@email.com,9407282437,Andhra Pradesh,497439,23-11-1978,Other,30-05-2026,Bronze,990.3,19,1
CUST01999,Nimrat,Lalla,nimrat.lalla29@email.com,9568489567,Kolkata,882230,03-12-2000,Female,29-03-2025,Bronze,4554.5,13,1
CUST02000,Xiti,Salvi,xiti.salvi15@email.com,9123951773,Hyderabad,973988,12-03-2000,Other,15-05-2026,Bronze,2788.05,18,1
CUST02001,Anamika,Chaudhry,anamika.chaudhry99@email.com,9899941955,Mumbai,210972,17-09-1964,Other,05-01-2026,Silver,12130.6,149,1
CUST02002,Oscar,Contractor,oscar.contractor62@email.com,9726105198,Bangalore,75485,29-08-1973,Male,25-02-2025,Bronze,3409.75,19,1
CUST02003,Nitara,Prabhakar,nitara.prabhakar78@email.com,9392422110,Kolkata,792203,28-03-1961,Female,20-08-2024,Silver,9282.44,59,1
CUST02004,Chasmum,Mall,chasmum.mall66@email.com,9733328284,Andhra Pradesh,461293,07-02-1999,Female,29-08-2024,Silver,9754.14,75,1
CUST02005,Ayaan,Dhaliwal,ayaan.dhaliwal18@email.com,9222348624,Bangalore,121375,29-04-1987,Male,20-05-2026,Silver,6615.06,37,0
CUST02006,Ishani,Wadhwa,ishani.wadhwa54@email.com,9170325414,Andhra Pradesh,359570,04-05-1998,Male,18-07-2026,Bronze,4456.79,1,1
CUST02007,Qushi,Brar,qushi.brar41@email.com,9512056818,Mumbai,145843,13-03-1978,Other,09-01-2026,Silver,11268.41,84,1
CUST02008,Falak,Ranganathan,falak.ranganathan54@email.com,9336224656,Andhra Pradesh,311388,16-10-1985,Other,24-08-2024,Platinum,49837.64,43,1
CUST02009,Samarth,Minhas,samarth.minhas90@email.com,9511969116,Hyderabad,362203,23-10-1973,Other,15-03-2025,Gold,29870.42,43,1
CUST02010,Tanvi,Master,tanvi.master88@email.com,9548080821,Bangalore,463104,02-05-1976,Other,15-12-2025,Bronze,4934.84,10,1
CUST02011,Shravya,Sagar,shravya.sagar44@email.com,9276449904,Delhi NCR,800852,10-04-1999,Female,17-05-2026,Bronze,4059.42,2,1
CUST02012,Avni,Raj,avni.raj36@email.com,9169976678,Mumbai,217741,30-03-1992,Female,07-02-2025,Bronze,3796.84,16,1
CUST02013,Raghav,Barad,raghav.barad43@email.com,9148301516,Andhra Pradesh,350238,30-06-1985,Male,23-08-2024,Silver,14322.97,126,1
CUST02014,Nihal,Edwin,nihal.edwin73@email.com,9575574171,Kolkata,665275,26-05-1971,Other,19-12-2024,Bronze,640.96,18,0
CUST02015,Sai,Deol,sai.deol54@email.com,9834803849,Hyderabad,930202,06-01-1983,Male,25-05-2025,Bronze,3199.62,2,1
CUST02016,Hritik,Kale,hritik.kale79@email.com,9866499954,Delhi NCR,30334,01-05-1988,Other,16-07-2025,Gold,27577.73,114,1
CUST02017,Ridhi,Bir,ridhi.bir43@email.com,9159256228,Delhi NCR,675076,18-03-1970,Other,12-03-2026,Bronze,4457.85,15,1
CUST02018,Vanya,Palan,vanya.palan97@email.com,9548708010,Mumbai,302453,12-05-1964,Other,16-09-2024,Bronze,3581.77,8,0
CUST02019,Oscar,Kashyap,oscar.kashyap85@email.com,9865126849,Andhra Pradesh,723034,08-07-1969,Other,23-08-2024,Bronze,2538.39,13,1
CUST02020,Joshua,Zachariah,joshua.zachariah51@email.com,9417726411,Andhra Pradesh,719017,23-08-1971,Female,21-11-2024,Bronze,518.09,2,1
CUST02021,Kevin,Master,kevin.master28@email.com,9678421109,Bangalore,507648,10-01-1992,Female,04-02-2026,Bronze,1405.78,2,1
CUST02022,Harsh,Soni,harsh.soni95@email.com,9697517623,Hyderabad,546199,28-12-1972,Male,06-07-2026,Silver,13057.58,131,0
CUST02023,Aishani,Bedi,aishani.bedi57@email.com,9236626232,Bangalore,583872,29-08-2006,Other,17-07-2025,Bronze,1554.79,18,1
CUST02024,Manbir,Nori,manbir.nori51@email.com,9127514581,Mumbai,225909,16-05-2007,Female,10-04-2025,Gold,32318.7,107,1
CUST02025,Lekha,Ramesh,lekha.ramesh73@email.com,9386463430,Kolkata,482373,25-03-2003,Other,10-12-2024,Silver,8688.82,124,1
CUST02026,Siya,Bose,siya.bose60@email.com,9606435811,Bangalore,121101,03-09-1996,Male,08-07-2025,Bronze,4435.97,11,1
CUST02027,Yochana,Barman,yochana.barman59@email.com,9359718442,Delhi NCR,586901,21-06-1991,Male,13-05-2026,Gold,16385.84,104,0
CUST02028,Chandran,Sundaram,chandran.sundaram76@email.com,9119991235,Mumbai,39251,17-07-2000,Male,11-11-2025,Bronze,582.95,15,1
CUST02029,Zayan,Pant,zayan.pant32@email.com,9324718977,Bangalore,951712,28-06-1972,Other,05-11-2024,Bronze,4877.42,10,1
CUST02030,Waida,Rama,waida.rama98@email.com,9540599362,Delhi NCR,338722,03-01-1962,Other,24-04-2025,Silver,13601.92,93,1
CUST02031,Bimala,Doctor,bimala.doctor85@email.com,9982939689,Delhi NCR,162654,08-10-2000,Other,31-05-2026,Bronze,845.76,17,0
CUST02032,Lavanya,Handa,lavanya.handa10@email.com,9757735458,Bangalore,83344,06-02-1981,Female,26-06-2025,Bronze,2938.56,19,1
CUST02033,Andrew,Mody,andrew.mody61@email.com,9783820841,Andhra Pradesh,899504,01-03-1992,Female,03-08-2024,Bronze,3722.32,12,1
CUST02034,Ojas,Anne,ojas.anne54@email.com,9954799062,Mumbai,968519,11-11-1981,Male,12-12-2024,Bronze,574.78,16,1
CUST02035,Sara,Taneja,sara.taneja86@email.com,9745185283,Hyderabad,926632,22-03-2001,Other,13-02-2026,Silver,10971.81,43,0
CUST02036,Edhitha,Sachdeva,edhitha.sachdeva61@email.com,9707872130,Delhi NCR,427775,24-02-1972,Male,19-11-2024,Silver,11673.34,107,1
CUST02037,Jagrati,Dube,jagrati.dube31@email.com,9926190748,Hyderabad,616581,12-03-1970,Female,07-04-2026,Bronze,753.99,16,1
CUST02038,Krish,Bala,krish.bala13@email.com,9811941282,Bangalore,922941,27-05-1965,Other,25-03-2025,Gold,27499.28,119,1
CUST02039,Nirja,Kamdar,nirja.kamdar49@email.com,9790493254,Bangalore,295596,17-05-1976,Female,21-06-2025,Bronze,4294.71,4,0
CUST02040,Yash,Sheth,yash.sheth51@email.com,9175227795,Andhra Pradesh,629420,28-11-1989,Female,06-05-2025,Bronze,3014.06,15,1
CUST02041,Faqid,Nayak,faqid.nayak54@email.com,9957370287,Bangalore,980851,14-10-1973,Female,24-12-2024,Silver,12287.58,25,1
CUST02042,Hredhaan,Kapoor,hredhaan.kapoor47@email.com,9282698094,Hyderabad,49832,01-12-1964,Other,15-04-2026,Silver,7111.33,99,1
CUST02043,Fiyaz,Goel,fiyaz.goel54@email.com,9373959512,Bangalore,121548,24-08-2005,Female,26-06-2026,Bronze,2267.51,9,1
CUST02044,Isaiah,Pradhan,isaiah.pradhan11@email.com,9244798922,Andhra Pradesh,686876,27-10-1980,Female,12-06-2026,Bronze,4039.87,11,1
CUST02045,Abhiram,Chawla,abhiram.chawla90@email.com,9590124660,Delhi NCR,854880,19-01-1987,Other,15-03-2025,Silver,8724.23,85,1
CUST02046,Dalaja,Deol,dalaja.deol89@email.com,9579974061,Hyderabad,62987,23-08-1990,Other,25-11-2025,Gold,28958.73,147,1
CUST02047,Varsha,Konda,varsha.konda13@email.com,9621784539,Pune,856646,11-09-1981,Female,12-03-2026,Bronze,3876.46,2,1
CUST02048,Jagat,Saran,jagat.saran52@email.com,9730983481,Hyderabad,342192,23-03-1990,Female,07-04-2026,Silver,8544.65,1,1
CUST02049,Maanav,Gola,maanav.gola30@email.com,9889371369,Delhi NCR,320410,23-11-1979,Male,21-11-2024,Bronze,4861.87,14,1
CUST02050,Zehaan,Wali,zehaan.wali75@email.com,9950406541,Andhra Pradesh,147891,04-09-1966,Male,18-07-2025,Gold,30724.01,104,1
CUST02051,Sanya,Dube,sanya.dube10@email.com,9771464420,Chennai,999949,19-07-2007,Male,31-08-2025,Gold,23480.39,133,1
CUST02052,Gopal,Dyal,gopal.dyal17@email.com,9896592301,Delhi NCR,180036,13-04-1989,Other,01-06-2025,Bronze,2634.01,8,1
CUST02053,Ansh,Ganguly,ansh.ganguly18@email.com,9108754477,Andhra Pradesh,5328,16-06-1983,Other,15-12-2024,Bronze,4793.61,9,1
CUST02054,Meghana,Gulati,meghana.gulati91@email.com,9443417439,Mumbai,50524,03-03-1977,Male,06-06-2026,Silver,14027.51,56,0
CUST02055,Wahab,Agarwal,wahab.agarwal72@email.com,9870904144,Bangalore,826929,27-02-2002,Other,04-09-2024,Bronze,3582.68,14,1
CUST02056,Darpan,Seshadri,darpan.seshadri28@email.com,9844398894,Hyderabad,862763,02-01-1976,Other,02-12-2024,Bronze,3161.02,20,1
CUST02057,Samuel,Thaker,samuel.thaker14@email.com,9937598148,Andhra Pradesh,337618,05-06-1983,Male,23-11-2025,Bronze,1498.58,20,1
CUST02058,Ishaan,Rau,ishaan.rau17@email.com,9502963898,Mumbai,671368,13-04-1981,Female,13-03-2026,Gold,15437.6,81,1
CUST02059,Ikbal,Acharya,ikbal.acharya16@email.com,9793796527,Bangalore,328233,22-12-2001,Female,13-11-2024,Silver,5408.99,14,1
CUST02060,Hardik,Zachariah,hardik.zachariah11@email.com,9160693466,Bangalore,527918,30-12-1992,Other,27-03-2025,Gold,34816.87,115,1
CUST02061,Anmol,Ravi,anmol.ravi30@email.com,9664618287,Pune,761065,25-02-2000,Female,24-11-2024,Silver,12778.62,105,1
CUST02062,Abeer,Yohannan,abeer.yohannan79@email.com,9776311857,Mumbai,431927,31-10-2001,Other,28-06-2025,Platinum,35015.54,77,1
CUST02063,Nimrat,Dada,nimrat.dada86@email.com,9141451306,Delhi NCR,815969,31-10-1996,Male,29-11-2025,Silver,12801.98,19,1
CUST02064,Yatin,Mistry,yatin.mistry92@email.com,9130750936,Pune,720266,19-08-1985,Female,09-01-2026,Bronze,1818.35,10,1
CUST02065,Mohini,Walla,mohini.walla74@email.com,9634625342,Mumbai,295912,28-07-1982,Male,01-07-2025,Bronze,1581.79,20,0
CUST02066,Samarth,Morar,samarth.morar92@email.com,9234181717,Chennai,553946,20-04-2003,Male,24-11-2025,Gold,24101.36,94,0
CUST02067,Aditya,Saxena,aditya.saxena76@email.com,9986118499,Hyderabad,299074,30-03-2003,Male,22-07-2025,Silver,7962.54,113,0
CUST02068,Luke,Sabharwal,luke.sabharwal44@email.com,9382923389,Mumbai,941799,09-07-1987,Other,29-07-2025,Bronze,2731.85,3,1
CUST02069,Anthony,Aggarwal,anthony.aggarwal45@email.com,9881478966,Kolkata,474859,27-05-1999,Male,23-02-2025,Gold,28657.08,49,0
CUST02070,Nidra,Majumdar,nidra.majumdar90@email.com,9778032908,Andhra Pradesh,839841,06-07-1988,Other,11-07-2025,Gold,34220.48,109,1
CUST02071,Xavier,Mani,xavier.mani40@email.com,9826621968,Andhra Pradesh,853698,31-10-1996,Female,08-10-2024,Bronze,1602.73,9,1
CUST02072,Lajita,Master,lajita.master39@email.com,9955681282,Mumbai,445092,28-08-2005,Female,27-11-2025,Platinum,65976.3,64,1
CUST02073,Yutika,Ramesh,yutika.ramesh23@email.com,9960796404,Bangalore,521026,16-01-1970,Other,09-07-2025,Silver,6494.09,148,1
CUST02074,Balveer,Ranganathan,balveer.ranganathan37@email.com,9947961256,Bangalore,489008,26-09-1972,Male,13-02-2025,Silver,10605.99,97,1
CUST02075,Zayyan,Parmer,zayyan.parmer20@email.com,9414720153,Delhi NCR,308898,22-06-1973,Female,28-05-2026,Bronze,1966.49,11,1
CUST02076,Benjamin,Narayan,benjamin.narayan60@email.com,9989756895,Pune,488399,13-10-1992,Male,06-02-2025,Bronze,2987.13,15,1
CUST02077,Hitesh,Palan,hitesh.palan66@email.com,9931865903,Bangalore,302750,06-10-1963,Male,18-07-2024,Silver,6345.87,11,1
CUST02078,Simon,Batra,simon.batra92@email.com,9392182886,Andhra Pradesh,661995,10-06-2004,Other,22-12-2024,Bronze,1453.96,12,1
CUST02079,Anay,Parmar,anay.parmar40@email.com,9300869073,Delhi NCR,418493,16-05-1990,Other,11-09-2025,Silver,11174.23,116,0
CUST02080,Chaitaly,Sankaran,chaitaly.sankaran96@email.com,9765212501,Hyderabad,908701,01-09-1996,Other,19-07-2025,Bronze,3064.25,10,0
CUST02081,Neel,Sachdeva,neel.sachdeva64@email.com,9176881448,Bangalore,13651,15-10-1963,Male,13-01-2025,Bronze,2939.12,15,1
CUST02082,Anika,Merchant,anika.merchant22@email.com,9811057323,Delhi NCR,429906,24-06-1993,Male,16-02-2025,Bronze,1116.74,11,1
CUST02083,Hemal,Sami,hemal.sami22@email.com,9508844733,Mumbai,524062,14-02-1969,Other,16-10-2024,Bronze,3881.24,19,1
CUST02084,Ekiya,Padmanabhan,ekiya.padmanabhan42@email.com,9514212845,Bangalore,725622,06-11-1972,Male,23-10-2024,Gold,18538.96,68,1
CUST02085,Abhiram,Narula,abhiram.narula20@email.com,9830561382,Pune,347047,17-06-1981,Male,26-07-2025,Silver,14147.85,83,1
CUST02086,Lopa,Mitter,lopa.mitter88@email.com,9964088511,Bangalore,559396,01-10-1982,Other,27-11-2024,Bronze,3039.74,20,1
CUST02087,Gopal,Kata,gopal.kata87@email.com,9828197438,Mumbai,507124,18-03-1983,Other,03-02-2026,Platinum,55478.25,2,1
CUST02088,Ijaya,Kamdar,ijaya.kamdar11@email.com,9844512864,Mumbai,290036,28-03-1969,Female,11-12-2025,Bronze,1223.64,11,1
CUST02089,Qasim,Chand,qasim.chand42@email.com,9682578230,Bangalore,732772,05-07-1989,Other,09-03-2026,Gold,22675.97,141,1
CUST02090,Anika,Wason,anika.wason95@email.com,9786278229,Bangalore,958558,24-08-1982,Other,27-11-2024,Bronze,1589.55,7,1
CUST02091,Pratyush,Mody,pratyush.mody42@email.com,9702384670,Mumbai,525161,25-09-1994,Other,29-03-2025,Bronze,578.96,15,1
CUST02092,Vrinda,Pillay,vrinda.pillay68@email.com,9596608634,Delhi NCR,710508,17-11-2003,Female,23-08-2024,Bronze,4607.98,10,1
CUST02093,Janani,Morar,janani.morar86@email.com,9878016281,Pune,477447,21-03-1976,Other,03-03-2026,Bronze,1383.98,9,1
CUST02094,Jasmit,Kala,jasmit.kala14@email.com,9162056296,Bangalore,247841,08-12-1991,Other,18-10-2024,Silver,7672.5,143,1
CUST02095,Ishani,Mital,ishani.mital33@email.com,9550407579,Mumbai,344930,26-03-1983,Female,13-01-2025,Bronze,3474.93,15,1
CUST02096,Vrinda,Uppal,vrinda.uppal69@email.com,9419449644,Mumbai,331836,16-03-1966,Male,27-05-2026,Bronze,2995.28,14,0
CUST02097,Ekapad,Iyer,ekapad.iyer20@email.com,9589675011,Mumbai,892608,31-10-1992,Female,15-08-2025,Bronze,4711.79,17,1
CUST02098,Parth,Bir,parth.bir74@email.com,9163907953,Delhi NCR,278730,16-12-1979,Male,21-04-2026,Bronze,3242.56,7,1
CUST02099,Radhika,Gour,radhika.gour99@email.com,9844688081,Kolkata,152174,08-05-1988,Other,28-03-2025,Bronze,774.16,10,1
CUST02100,Simon,Narang,simon.narang88@email.com,9886050235,Kolkata,780189,08-11-1967,Male,20-04-2025,Bronze,2672.4,2,1
CUST02101,Pavani,Sridhar,pavani.sridhar17@email.com,9838317721,Bangalore,446717,03-09-1990,Other,14-02-2026,Bronze,1431.14,19,1
CUST02102,Kritika,Gaba,kritika.gaba25@email.com,9483178844,Bangalore,914336,03-11-1969,Other,17-10-2025,Bronze,2685.75,11,0
CUST02103,Aarini,Puri,aarini.puri42@email.com,9210962069,Andhra Pradesh,450999,31-05-2000,Other,23-03-2026,Silver,8145.94,11,0
CUST02104,Ayush,Bansal,ayush.bansal15@email.com,9212218312,Andhra Pradesh,89857,20-01-1976,Other,09-10-2025,Silver,9565.62,77,1
CUST02105,Anay,Wali,anay.wali76@email.com,9746024758,Kolkata,521189,02-06-1988,Other,15-12-2025,Silver,12186.89,35,0
CUST02106,Bina,Mani,bina.mani36@email.com,9492044283,Mumbai,464884,08-09-2002,Male,21-02-2026,Silver,5336.33,45,1
CUST02107,Tanvi,Prabhakar,tanvi.prabhakar35@email.com,9576640144,Pune,285759,06-04-1984,Female,23-02-2026,Bronze,3689.1,5,1
CUST02108,Zinal,Date,zinal.date48@email.com,9651549815,Hyderabad,902217,10-04-2000,Male,12-07-2025,Gold,21744.32,129,1
CUST02109,Ethan,Devan,ethan.devan55@email.com,9519638824,Mumbai,883971,30-12-1991,Other,29-07-2024,Bronze,1682.76,9,1
CUST02110,Falguni,Wadhwa,falguni.wadhwa76@email.com,9542408928,Delhi NCR,451436,28-04-1994,Male,28-02-2026,Bronze,3119.77,6,1
CUST02111,Nathaniel,Virk,nathaniel.virk55@email.com,9667629903,Delhi NCR,811230,31-10-1974,Female,01-09-2025,Bronze,2892.73,6,1
CUST02112,Yadavi,Om,yadavi.om93@email.com,9836401045,Delhi NCR,811939,02-01-1994,Other,27-04-2026,Silver,7520.81,107,0
CUST02113,Fariq,Maharaj,fariq.maharaj96@email.com,9177990296,Bangalore,900992,19-09-1967,Male,28-06-2025,Silver,6489.3,100,1
CUST02114,Upadhriti,Batta,upadhriti.batta90@email.com,9828839318,Pune,528669,07-09-1974,Other,05-01-2025,Bronze,1757.47,7,1
CUST02115,Kashvi,Chakraborty,kashvi.chakraborty54@email.com,9797215389,Andhra Pradesh,880705,29-10-1973,Female,24-10-2024,Gold,24511.29,116,1
CUST02116,Megha,Bahri,megha.bahri27@email.com,9447652175,Mumbai,193910,19-06-1977,Other,15-05-2026,Bronze,3130.99,15,1
CUST02117,Jeremiah,Som,jeremiah.som51@email.com,9753223080,Andhra Pradesh,255136,04-06-1963,Female,06-10-2025,Silver,10420.07,19,1
CUST02118,Daniel,Wali,daniel.wali17@email.com,9485286940,Mumbai,818104,07-11-1982,Male,03-09-2024,Silver,7438.89,52,1
CUST02119,Krishna,Mistry,krishna.mistry99@email.com,9337767529,Bangalore,736158,24-04-1994,Other,24-12-2024,Platinum,38580.17,62,1
CUST02120,Ladli,Ratti,ladli.ratti19@email.com,9434327598,Hyderabad,713589,31-10-1987,Other,02-10-2025,Bronze,805.22,16,0
CUST02121,Yatan,Kadakia,yatan.kadakia92@email.com,9648502557,Hyderabad,390058,11-06-1982,Male,27-05-2026,Gold,22758.78,113,1
CUST02122,Qushi,Chana,qushi.chana59@email.com,9875390650,Kolkata,473156,07-02-1986,Other,19-01-2025,Bronze,4424.57,6,1
CUST02123,Vinaya,Grewal,vinaya.grewal65@email.com,9881798503,Mumbai,511643,14-04-1987,Female,27-12-2025,Bronze,1946.62,5,1
CUST02124,Brijesh,Desai,brijesh.desai88@email.com,9723838463,Pune,772702,12-08-1997,Male,22-10-2025,Silver,8509.76,53,1
CUST02125,Oviya,Radhakrishnan,oviya.radhakrishnan64@email.com,9182658250,Kolkata,53428,21-02-1966,Other,07-05-2025,Silver,10188.28,96,1
CUST02126,Aadhya,Kunda,aadhya.kunda73@email.com,9345042517,Mumbai,610197,20-07-1982,Other,22-11-2025,Bronze,2606.15,19,1
CUST02127,Samarth,Natt,samarth.natt50@email.com,9590247319,Bangalore,640510,27-05-1973,Female,19-12-2025,Gold,21381.43,24,1
CUST02128,Aarav,Deshmukh,aarav.deshmukh84@email.com,9272700570,Delhi NCR,304276,27-09-1974,Other,10-06-2025,Bronze,4114.42,1,1
CUST02129,Krish,Upadhyay,krish.upadhyay13@email.com,9709694592,Kolkata,444718,13-12-1999,Other,12-01-2025,Bronze,4355.79,1,1
CUST02130,Edhitha,Kakar,edhitha.kakar68@email.com,9398882530,Mumbai,969067,30-11-1987,Male,05-02-2025,Platinum,35724.66,38,1
CUST02131,Aarush,Ghose,aarush.ghose66@email.com,9497147540,Bangalore,884987,23-11-1978,Female,25-05-2026,Silver,9950.84,51,1
CUST02132,Ekaja,Panchal,ekaja.panchal15@email.com,9768746430,Delhi NCR,358727,08-12-1968,Female,05-07-2025,Bronze,4703.07,10,1
CUST02133,Amaira,Hegde,amaira.hegde40@email.com,9616750329,Bangalore,688116,27-12-1978,Female,12-03-2026,Gold,23965.37,83,1
CUST02134,Bakhshi,Jain,bakhshi.jain76@email.com,9695732139,Delhi NCR,398818,14-02-1994,Female,24-12-2024,Bronze,4444.75,8,1
CUST02135,Upma,Savant,upma.savant70@email.com,9316042443,Delhi NCR,833364,11-11-1992,Male,02-07-2025,Bronze,2938.12,16,1
CUST02136,Akshay,Krishnamurthy,akshay.krishnamurthy15@email.com,9855113976,Hyderabad,309091,21-04-1984,Other,14-12-2024,Platinum,64246.76,133,1
CUST02137,Yauvani,Saini,yauvani.saini12@email.com,9440502645,Delhi NCR,282625,19-07-1978,Male,21-03-2026,Silver,5381.78,107,0
CUST02138,Ojas,Baral,ojas.baral15@email.com,9591897455,Hyderabad,123190,09-12-2004,Male,20-04-2025,Silver,8107.56,14,1
CUST02139,Shravya,Shenoy,shravya.shenoy43@email.com,9188536946,Bangalore,44100,06-07-2007,Other,06-08-2025,Gold,34157.65,110,1
CUST02140,Anita,Chaudhry,anita.chaudhry79@email.com,9467533514,Kolkata,245381,05-08-1964,Male,12-11-2025,Silver,12768.37,48,1
CUST02141,Vasudha,More,vasudha.more67@email.com,9231595040,Andhra Pradesh,224870,08-07-2000,Female,05-02-2026,Bronze,4477.71,20,1
CUST02142,Vaishnavi,Dora,vaishnavi.dora22@email.com,9934820132,Chennai,496322,10-12-1985,Male,16-09-2024,Gold,30534.41,60,1
CUST02143,Warhi,Misra,warhi.misra71@email.com,9442038158,Mumbai,240432,27-01-1989,Other,03-10-2024,Bronze,1604.45,16,0
CUST02144,Hritik,Walla,hritik.walla69@email.com,9616823681,Bangalore,34686,20-04-1967,Male,03-01-2026,Gold,29595.34,51,1
CUST02145,Lakshmi,Kale,lakshmi.kale30@email.com,9993694088,Bangalore,702867,21-10-2007,Female,07-12-2025,Bronze,885.23,16,1
CUST02146,Omkaar,Bhalla,omkaar.bhalla63@email.com,9333812985,Chennai,9536,22-09-1988,Male,29-01-2026,Silver,7393.3,32,1
CUST02147,Krishna,Boase,krishna.boase51@email.com,9260896122,Delhi NCR,368900,12-08-1983,Female,14-07-2025,Bronze,4290.87,8,1
CUST02148,Vamakshi,Munshi,vamakshi.munshi57@email.com,9500821180,Bangalore,17325,12-11-1998,Male,27-07-2024,Silver,13995.12,22,0
CUST02149,Atharv,Shenoy,atharv.shenoy73@email.com,9458327098,Delhi NCR,971307,24-03-1972,Other,19-11-2024,Silver,14275.28,134,1
CUST02150,Girik,Chopra,girik.chopra23@email.com,9518255060,Hyderabad,869087,09-09-1965,Female,08-12-2025,Silver,14873.66,69,1
CUST02151,Madhavi,Tandon,madhavi.tandon69@email.com,9673615919,Andhra Pradesh,210454,11-04-1988,Other,25-03-2026,Gold,34462.61,53,1
CUST02152,Isaac,Tandon,isaac.tandon55@email.com,9985510413,Mumbai,928170,30-06-1991,Other,02-02-2025,Silver,9839.39,20,1
CUST02153,Damini,Konda,damini.konda98@email.com,9611437014,Pune,23442,17-01-1973,Female,24-04-2025,Silver,9061.72,148,1
CUST02154,Maanas,Chander,maanas.chander36@email.com,9402673862,Mumbai,25239,29-11-1978,Female,24-02-2026,Bronze,1577.46,8,1
CUST02155,Fitan,Dhar,fitan.dhar19@email.com,9748845712,Andhra Pradesh,944772,14-02-1986,Male,09-11-2025,Silver,5341.12,36,1
CUST02156,Arin,Joshi,arin.joshi96@email.com,9528214386,Mumbai,655132,20-07-1992,Female,31-05-2025,Silver,10143.76,52,1
CUST02157,Farhan,Shroff,farhan.shroff74@email.com,9157078470,Delhi NCR,802455,24-04-2000,Other,10-09-2025,Silver,13937.01,80,1
CUST02158,Indali,Choudhury,indali.choudhury61@email.com,9173291514,Delhi NCR,21191,20-04-1982,Other,10-07-2026,Gold,18823.13,75,1
CUST02159,Gavin,Garde,gavin.garde44@email.com,9741540698,Andhra Pradesh,864986,02-12-1977,Other,25-07-2025,Bronze,4542.29,7,0
CUST02160,Priya,Varkey,priya.varkey38@email.com,9384888375,Mumbai,237600,02-08-1994,Male,30-08-2025,Bronze,4486.56,5,1
CUST02161,Amruta,Muni,amruta.muni49@email.com,9631348281,Hyderabad,408378,29-07-1966,Female,29-09-2025,Bronze,4315.67,13,1
CUST02162,Imaran,Bali,imaran.bali24@email.com,9210536177,Andhra Pradesh,499216,05-01-1981,Other,20-08-2024,Silver,9837.19,17,0
CUST02163,Chandresh,Raval,chandresh.raval22@email.com,9534092196,Delhi NCR,692353,04-07-1979,Female,10-09-2025,Bronze,1114.08,9,1
CUST02164,Amruta,Uppal,amruta.uppal22@email.com,9670702229,Andhra Pradesh,470821,16-10-1975,Female,06-10-2025,Silver,10043.68,98,1
CUST02165,Nirja,Nagar,nirja.nagar81@email.com,9779301284,Hyderabad,622021,17-11-1971,Male,19-12-2024,Bronze,1123.21,18,1
CUST02166,Vyanjana,Divan,vyanjana.divan75@email.com,9292182756,Andhra Pradesh,550330,11-09-1964,Female,03-08-2024,Bronze,2153.42,8,1
CUST02167,Andrew,Venkataraman,andrew.venkataraman46@email.com,9366378423,Delhi NCR,346739,12-02-1968,Male,05-11-2025,Gold,31210.01,67,1
CUST02168,Aayush,Aggarwal,aayush.aggarwal76@email.com,9525081124,Hyderabad,141600,29-12-1999,Male,13-05-2026,Gold,30827.11,83,1
CUST02169,George,Rajagopalan,george.rajagopalan80@email.com,9381290702,Mumbai,327379,12-05-2006,Female,04-09-2025,Bronze,3867.82,12,1
CUST02170,Tripti,Basu,tripti.basu88@email.com,9399386849,Andhra Pradesh,85481,23-10-1997,Male,13-06-2025,Silver,6185.48,28,0
CUST02171,Varsha,Kuruvilla,varsha.kuruvilla56@email.com,9221460049,Mumbai,300099,06-08-1995,Female,18-02-2025,Silver,7437.57,110,1
CUST02172,Theodore,Krish,theodore.krish26@email.com,9530079178,Andhra Pradesh,113711,29-02-1996,Male,03-06-2026,Bronze,794.75,17,1
CUST02173,Frederick,Nadkarni,frederick.nadkarni13@email.com,9626525474,Hyderabad,985458,06-03-1970,Male,27-02-2026,Bronze,4083,3,1
CUST02174,Dayamai,Doctor,dayamai.doctor99@email.com,9534648854,Mumbai,340153,04-08-1982,Male,02-03-2026,Bronze,2001.41,4,0
CUST02175,William,Mall,william.mall57@email.com,9806724267,Bangalore,607569,13-11-2001,Male,24-10-2025,Platinum,64976.06,13,1
CUST02176,Zashil,Mander,zashil.mander69@email.com,9452035340,Andhra Pradesh,667201,13-07-1964,Other,18-09-2025,Platinum,42271.02,55,1
CUST02177,Lakshit,Loke,lakshit.loke87@email.com,9447825372,Mumbai,281822,15-12-2004,Female,06-01-2025,Bronze,2883.19,2,1
CUST02178,Yochana,Sekhon,yochana.sekhon46@email.com,9676807365,Andhra Pradesh,26208,20-02-1984,Female,10-08-2025,Bronze,2105.09,9,1
CUST02179,Ekaraj,Taneja,ekaraj.taneja30@email.com,9498366455,Kolkata,527353,22-07-1988,Female,17-03-2025,Bronze,4933.2,3,1
CUST02180,Nathaniel,Kapadia,nathaniel.kapadia81@email.com,9807549261,Hyderabad,700412,21-09-2002,Female,29-09-2024,Bronze,3401.05,16,0
CUST02181,Liam,Narula,liam.narula47@email.com,9682196492,Delhi NCR,816125,02-02-1984,Other,29-09-2025,Bronze,502.39,12,1
CUST02182,Andrew,Mangat,andrew.mangat96@email.com,9520030695,Hyderabad,100792,15-06-1975,Other,30-08-2024,Gold,28046.06,10,0
CUST02183,Aishani,Sandhu,aishani.sandhu89@email.com,9854965518,Chennai,1283,04-02-1996,Male,06-11-2024,Silver,9904.25,94,1
CUST02184,Tara,Chadha,tara.chadha74@email.com,9942180239,Mumbai,123296,21-03-1965,Male,16-04-2025,Bronze,1115.85,10,1
CUST02185,Gaurav,Dass,gaurav.dass60@email.com,9717968033,Delhi NCR,485076,01-03-1990,Female,21-02-2026,Bronze,2093.99,15,0
CUST02186,Ekta,Kapur,ekta.kapur58@email.com,9762315779,Bangalore,460422,23-06-1990,Male,08-06-2025,Silver,5529.04,107,1
CUST02187,Theodore,Mital,theodore.mital62@email.com,9589099532,Bangalore,19153,05-01-1961,Other,28-04-2025,Gold,25705.93,90,1
CUST02188,Xalak,Jayaraman,xalak.jayaraman19@email.com,9667648634,Mumbai,724358,03-04-1989,Female,20-09-2024,Silver,10851.89,78,1
CUST02189,Vritti,Rout,vritti.rout31@email.com,9484582859,Bangalore,251272,17-05-1987,Other,04-07-2025,Bronze,2064.04,2,1
CUST02190,Aarush,Upadhyay,aarush.upadhyay37@email.com,9740503664,Delhi NCR,665622,02-05-1979,Other,15-09-2024,Silver,13167.28,74,1
CUST02191,Riya,Rege,riya.rege71@email.com,9460261733,Mumbai,849477,10-01-1966,Female,14-12-2025,Bronze,2046.27,6,1
CUST02192,Nathaniel,Bhasin,nathaniel.bhasin47@email.com,9895178811,Bangalore,500618,09-03-1981,Female,10-08-2025,Bronze,2908.24,2,1
CUST02193,Vasudha,Mitra,vasudha.mitra29@email.com,9326418718,Hyderabad,235434,13-03-1964,Female,13-03-2025,Bronze,4139.49,1,1
CUST02194,Oni,Radhakrishnan,oni.radhakrishnan90@email.com,9587216024,Bangalore,121564,09-09-2001,Male,11-02-2026,Gold,21256.97,13,0
CUST02195,Ishani,Gade,ishani.gade93@email.com,9364470535,Pune,492064,23-10-1979,Other,29-11-2025,Silver,5471.7,130,1
CUST02196,Gaurang,Dasgupta,gaurang.dasgupta24@email.com,9950388102,Mumbai,973881,10-09-1996,Male,08-11-2024,Bronze,4776.08,17,1
CUST02197,Ubika,Krish,ubika.krish73@email.com,9846898106,Hyderabad,634359,10-02-1980,Female,10-08-2025,Silver,7229.39,126,1
CUST02198,Yadavi,Gola,yadavi.gola69@email.com,9501223011,Bangalore,884968,15-02-1962,Female,28-05-2025,Silver,8961.26,148,1
CUST02199,Nidhi,Lad,nidhi.lad34@email.com,9119472982,Kolkata,511021,03-07-1971,Female,12-04-2026,Silver,10994.3,136,1
CUST02200,Kamala,Mukhopadhyay,kamala.mukhopadhyay96@email.com,9418074608,Mumbai,412301,13-11-1987,Female,26-08-2024,Silver,11041.61,41,1
CUST02201,Deepa,Wable,deepa.wable42@email.com,9810105543,Delhi NCR,37218,01-10-1986,Other,28-08-2024,Bronze,1764.73,6,1
CUST02202,Dalbir,Jain,dalbir.jain96@email.com,9707022533,Kolkata,31978,05-11-2000,Female,13-11-2025,Gold,24728.32,71,1
CUST02203,Chandran,Buch,chandran.buch13@email.com,9751917439,Hyderabad,400347,29-06-1968,Other,20-01-2025,Bronze,3416.37,12,1
CUST02204,Hredhaan,Taneja,hredhaan.taneja25@email.com,9527886654,Hyderabad,978601,11-06-2003,Male,26-02-2026,Silver,10807.26,111,1
CUST02205,Lipika,Dugal,lipika.dugal19@email.com,9264242031,Mumbai,908419,23-08-2004,Other,24-02-2025,Gold,22621.07,84,1
CUST02206,Unnati,Viswanathan,unnati.viswanathan29@email.com,9724648594,Bangalore,501137,25-09-1983,Female,07-01-2025,Bronze,4277.44,5,1
CUST02207,Geetika,Wagle,geetika.wagle22@email.com,9540528727,Hyderabad,107288,19-07-2006,Male,22-05-2026,Bronze,1595.92,14,1
CUST02208,Sachi,Virk,sachi.virk23@email.com,9190423836,Mumbai,727903,22-05-1992,Female,12-10-2024,Silver,6348.99,99,0
CUST02209,Ojasvi,Cherian,ojasvi.cherian70@email.com,9747041386,Bangalore,88197,26-01-1971,Other,26-10-2024,Bronze,4357.47,7,1
CUST02210,Samaksh,Rajagopalan,samaksh.rajagopalan22@email.com,9888213212,Chennai,771837,10-08-1983,Female,29-04-2026,Platinum,40139.24,27,1
CUST02211,Utkarsh,Baria,utkarsh.baria81@email.com,9171478849,Bangalore,681024,09-10-1997,Female,29-07-2024,Bronze,978.67,8,1
CUST02212,Jeevika,Pandey,jeevika.pandey28@email.com,9854620816,Delhi NCR,800244,04-10-1973,Female,30-03-2026,Bronze,2456.62,18,1
CUST02213,Krishna,Kala,krishna.kala81@email.com,9668680519,Bangalore,221690,16-09-1986,Female,28-10-2025,Silver,6661.21,66,1
CUST02214,Lavanya,Pandey,lavanya.pandey30@email.com,9936118754,Hyderabad,467067,22-12-2006,Female,30-12-2025,Bronze,990.23,19,1
CUST02215,Ishanvi,Bhatti,ishanvi.bhatti36@email.com,9254941213,Bangalore,913952,20-08-1966,Other,24-03-2025,Bronze,4488.73,8,0
CUST02216,Christopher,Dâ€™Alia,christopher.dâ€™alia23@email.com,9960883543,Andhra Pradesh,426107,15-03-1961,Female,03-01-2025,Silver,8896.79,58,1
CUST02217,Rudra,Patla,rudra.patla95@email.com,9704798811,Chennai,842431,27-09-2002,Other,09-09-2025,Bronze,2538.16,1,1
CUST02218,Tristan,Devan,tristan.devan78@email.com,9784062524,Bangalore,848130,29-03-1961,Male,09-03-2025,Bronze,4821.07,7,1
CUST02219,Hredhaan,Sandal,hredhaan.sandal97@email.com,9739401989,Andhra Pradesh,53021,11-08-1985,Other,26-06-2026,Silver,10428.16,129,1
CUST02220,Ekavir,Purohit,ekavir.purohit60@email.com,9223567470,Andhra Pradesh,586463,09-04-1976,Male,18-12-2025,Bronze,3452.43,10,1
CUST02221,Forum,Kaul,forum.kaul33@email.com,9314757937,Hyderabad,811050,11-08-1968,Male,01-06-2026,Silver,6108.04,68,1
CUST02222,Anya,Tara,anya.tara41@email.com,9302399134,Mumbai,427896,13-11-1968,Male,23-03-2025,Silver,12702,71,1
CUST02223,Urmi,Koshy,urmi.koshy90@email.com,9381555935,Mumbai,512817,27-01-1994,Other,30-03-2025,Bronze,2502.52,10,1
CUST02224,Guneet,Desai,guneet.desai69@email.com,9537866839,Mumbai,959781,11-10-1983,Other,25-04-2025,Bronze,1888.19,8,1
CUST02225,Aashi,Dubey,aashi.dubey60@email.com,9752082284,Chennai,97236,30-10-1961,Male,14-11-2024,Gold,16724.4,29,1
CUST02226,Chakrika,Master,chakrika.master69@email.com,9543256023,Mumbai,546772,16-01-1963,Female,22-04-2025,Bronze,4425.1,17,1
CUST02227,Dhruv,Sathe,dhruv.sathe42@email.com,9495157583,Delhi NCR,73087,18-11-1968,Male,24-04-2025,Silver,13109.86,83,1
CUST02228,Leena,Lall,leena.lall30@email.com,9302347208,Chennai,837031,31-08-1993,Male,22-03-2025,Silver,11171.2,28,1
CUST02229,Damyanti,Kari,damyanti.kari86@email.com,9910269082,Chennai,274148,13-08-1982,Male,17-01-2026,Gold,32784.46,93,1
CUST02230,Tripti,Golla,tripti.golla78@email.com,9878747821,Mumbai,29254,22-05-1987,Female,01-01-2026,Bronze,4864.42,6,1
CUST02231,Neha,Divan,neha.divan49@email.com,9556689600,Pune,288407,24-11-1988,Female,15-06-2025,Silver,10797.07,64,1
CUST02232,Zashil,Deshpande,zashil.deshpande62@email.com,9565608716,Bangalore,763271,08-08-1974,Male,06-04-2025,Bronze,1551.29,14,1
CUST02233,Sathvik,Rattan,sathvik.rattan27@email.com,9333541277,Hyderabad,625923,18-07-1996,Male,17-06-2025,Bronze,4758.98,16,1
CUST02234,Yamini,Soman,yamini.soman50@email.com,9662948671,Andhra Pradesh,604886,14-10-2000,Female,27-12-2025,Silver,14153.77,11,1
CUST02235,Vivaan,Goda,vivaan.goda38@email.com,9135873432,Mumbai,553405,11-04-1962,Female,02-01-2026,Silver,12340.39,62,1
CUST02236,Maanav,Som,maanav.som19@email.com,9196600824,Andhra Pradesh,961597,29-09-1989,Female,02-02-2025,Bronze,2647.17,4,1
CUST02237,Aditya,Murthy,aditya.murthy30@email.com,9461599378,Delhi NCR,567078,23-01-2001,Female,02-06-2026,Gold,25815.33,142,1
CUST02238,Ubika,Tata,ubika.tata75@email.com,9165143032,Mumbai,542619,26-06-2008,Male,19-05-2026,Bronze,3973.44,16,1
CUST02239,Ayaan,Khurana,ayaan.khurana65@email.com,9817584763,Mumbai,227362,17-07-1991,Female,03-02-2026,Gold,33911.64,142,1
CUST02240,Samuel,Gole,samuel.gole85@email.com,9838024401,Delhi NCR,222711,26-08-1965,Female,28-04-2026,Bronze,4930.45,18,1
CUST02241,Ucchal,Prabhakar,ucchal.prabhakar57@email.com,9236834519,Pune,691716,25-09-1971,Male,31-08-2024,Bronze,2328.77,17,1
CUST02242,Chaitaly,Dugar,chaitaly.dugar58@email.com,9853829542,Delhi NCR,144869,18-03-1998,Other,14-01-2025,Bronze,673.8,6,1
CUST02243,Bachittar,Prasad,bachittar.prasad16@email.com,9202680261,Bangalore,169039,27-09-1972,Male,10-12-2024,Bronze,1766.49,4,1
CUST02244,Ayushman,Gole,ayushman.gole69@email.com,9399049278,Delhi NCR,980142,22-09-2006,Male,22-05-2025,Platinum,41626.57,91,1
CUST02245,Amruta,Tandon,amruta.tandon84@email.com,9212490089,Bangalore,68017,28-02-1992,Other,04-06-2026,Silver,10021.33,31,1
CUST02246,Anirudh,Kalita,anirudh.kalita78@email.com,9471068434,Hyderabad,637050,14-10-1962,Other,01-03-2025,Silver,14968.73,116,1
CUST02247,Rushil,Joshi,rushil.joshi76@email.com,9414956348,Delhi NCR,672446,07-11-1999,Female,07-01-2025,Silver,13326,61,1
CUST02248,Isaiah,Sastry,isaiah.sastry52@email.com,9113282528,Andhra Pradesh,947638,28-11-1960,Female,10-09-2025,Bronze,4101.73,13,1
CUST02249,Tristan,Bali,tristan.bali23@email.com,9289501942,Delhi NCR,540259,30-03-2002,Female,14-04-2026,Bronze,3701.12,16,1
CUST02250,Ekta,Chopra,ekta.chopra42@email.com,9197149220,Andhra Pradesh,932727,22-10-1972,Female,11-09-2025,Silver,7928.91,12,1
CUST02251,Gagan,Dutta,gagan.dutta34@email.com,9690348136,Delhi NCR,635049,03-10-1989,Female,02-09-2024,Bronze,4324.02,9,0
CUST02252,Jeremiah,Sani,jeremiah.sani46@email.com,9343358049,Bangalore,765272,06-03-1998,Male,30-11-2025,Gold,15768.4,62,1
CUST02253,Daksha,Parekh,daksha.parekh14@email.com,9990386083,Bangalore,974995,20-02-1962,Other,04-07-2025,Gold,27200.61,105,1
CUST02254,Aadi,Tiwari,aadi.tiwari87@email.com,9777949401,Andhra Pradesh,406756,09-01-1962,Male,26-11-2024,Bronze,2044.99,9,1
CUST02255,Chaitanya,Anne,chaitanya.anne92@email.com,9530763096,Andhra Pradesh,929022,02-11-1965,Other,20-06-2026,Silver,7934.44,143,1
CUST02256,Kamya,Mistry,kamya.mistry52@email.com,9217300693,Mumbai,904489,25-11-1962,Male,15-10-2025,Bronze,4943.42,4,0
CUST02257,Umang,Ghose,umang.ghose24@email.com,9984762101,Delhi NCR,533320,19-12-1971,Male,24-01-2025,Bronze,4594.56,19,0
CUST02258,Ishita,Bhavsar,ishita.bhavsar43@email.com,9625984576,Bangalore,255501,13-08-2002,Other,05-06-2026,Bronze,2668.29,10,1
CUST02259,Upkaar,Nazareth,upkaar.nazareth99@email.com,9726490996,Bangalore,503698,10-04-1998,Male,07-04-2026,Bronze,3412.06,3,1
CUST02260,Bhavani,Joshi,bhavani.joshi97@email.com,9657378432,Kolkata,332436,27-08-1971,Other,20-10-2025,Bronze,1488.85,2,1
CUST02261,Pooja,Deo,pooja.deo88@email.com,9318642339,Kolkata,805983,17-11-1968,Male,24-10-2024,Gold,28088.95,104,1
CUST02262,Amruta,Madan,amruta.madan64@email.com,9244061515,Delhi NCR,290759,12-04-1987,Male,18-03-2025,Silver,8246.59,81,1
CUST02263,Krish,Bhalla,krish.bhalla91@email.com,9291134594,Hyderabad,237631,15-04-1993,Other,10-07-2025,Silver,10386.36,33,1
CUST02264,Dayamai,Prabhu,dayamai.prabhu58@email.com,9795775314,Bangalore,210629,19-10-1978,Other,27-11-2025,Silver,12824.04,132,1
CUST02265,Girik,Jani,girik.jani97@email.com,9233054841,Mumbai,591922,18-06-1987,Male,29-06-2025,Silver,10648.78,37,1
CUST02266,Faqid,Karnik,faqid.karnik50@email.com,9464770474,Mumbai,753626,14-03-1979,Male,20-07-2025,Silver,5867.64,26,1
CUST02267,Eiravati,Dora,eiravati.dora18@email.com,9801612215,Mumbai,461209,08-07-1989,Other,19-10-2024,Silver,12986.23,84,0
CUST02268,Saumya,Karnik,saumya.karnik10@email.com,9412476125,Mumbai,99284,04-01-1982,Female,28-05-2026,Gold,25799.51,48,0
CUST02269,Laksh,Madan,laksh.madan17@email.com,9271711717,Kolkata,321153,17-02-1983,Male,19-04-2025,Bronze,4829.14,8,1
CUST02270,Advaith,Nadkarni,advaith.nadkarni85@email.com,9708338599,Hyderabad,432191,05-12-1980,Female,18-01-2025,Bronze,4840.76,20,1
CUST02271,Chandran,Varughese,chandran.varughese27@email.com,9911502130,Hyderabad,797247,30-09-2001,Male,24-10-2024,Silver,11411.73,63,1
CUST02272,Kavya,Krishnamurthy,kavya.krishnamurthy13@email.com,9950083991,Andhra Pradesh,218834,21-04-2003,Male,29-03-2026,Gold,31143.22,47,1
CUST02273,Ekanta,Zacharia,ekanta.zacharia46@email.com,9479182286,Andhra Pradesh,920487,26-01-1994,Female,19-08-2024,Bronze,2109.84,10,1
CUST02274,Raagini,Tailor,raagini.tailor21@email.com,9464460067,Andhra Pradesh,933329,31-08-2000,Male,24-09-2025,Bronze,2565.5,15,1
CUST02275,Qushi,Pandya,qushi.pandya42@email.com,9640998011,Mumbai,590257,28-06-1997,Other,16-12-2025,Silver,14264.32,34,1
CUST02276,Bimala,Sant,bimala.sant23@email.com,9195091848,Mumbai,85858,22-08-1996,Female,14-12-2024,Bronze,3509.05,13,1
CUST02277,Onveer,Nagi,onveer.nagi63@email.com,9344048793,Bangalore,726208,28-08-1978,Female,23-05-2025,Silver,7098.63,111,1
CUST02278,Vasatika,Dass,vasatika.dass58@email.com,9457271197,Bangalore,543551,25-05-2000,Other,18-05-2025,Bronze,2357.78,11,0
CUST02279,Om,Dutt,om.dutt75@email.com,9597665222,Mumbai,250182,18-07-1984,Other,04-02-2026,Silver,9231.44,110,1
CUST02280,Nidra,Ganguly,nidra.ganguly40@email.com,9493012231,Andhra Pradesh,728639,10-09-1977,Female,02-06-2026,Bronze,2172.63,15,1
CUST02281,Pranit,Arya,pranit.arya98@email.com,9842121872,Andhra Pradesh,223414,26-04-1999,Female,06-10-2025,Silver,14282.18,27,1
CUST02282,Parth,Apte,parth.apte22@email.com,9155750894,Hyderabad,966270,10-09-1969,Other,01-06-2025,Silver,12432.12,74,0
CUST02283,Mohini,Acharya,mohini.acharya64@email.com,9409891739,Bangalore,509563,21-02-1973,Female,07-09-2024,Platinum,73547.88,131,1
CUST02284,Vansha,Mane,vansha.mane93@email.com,9309741098,Delhi NCR,39101,02-09-1999,Other,04-01-2025,Bronze,2113.65,12,1
CUST02285,Yatan,Prabhakar,yatan.prabhakar16@email.com,9662807982,Andhra Pradesh,892224,06-02-1992,Other,28-09-2024,Bronze,3650.08,15,1
CUST02286,Gabriel,Kapadia,gabriel.kapadia52@email.com,9373400120,Delhi NCR,6082,12-12-1991,Other,30-07-2025,Bronze,4895.75,1,1
CUST02287,Baljiwan,Nagi,baljiwan.nagi34@email.com,9782945208,Andhra Pradesh,461607,19-03-1990,Female,24-05-2026,Bronze,3845.7,13,1
CUST02288,Kai,Raman,kai.raman94@email.com,9715656074,Bangalore,385009,13-09-1982,Other,11-01-2025,Bronze,1211.76,1,1
CUST02289,Ubika,Ghose,ubika.ghose61@email.com,9672188763,Hyderabad,461762,19-09-1975,Female,22-12-2025,Silver,14901.87,47,1
CUST02290,Indrajit,Jha,indrajit.jha61@email.com,9799449923,Bangalore,610944,20-11-1966,Male,21-06-2025,Silver,9155.81,116,1
CUST02291,Chandani,Devan,chandani.devan11@email.com,9910642871,Bangalore,165441,05-12-1973,Other,10-07-2025,Bronze,1296.23,17,0
CUST02292,Pranav,Shetty,pranav.shetty60@email.com,9598091054,Kolkata,685760,06-04-1989,Other,15-05-2026,Silver,5705.44,19,1
CUST02293,Sathvik,Krishnamurthy,sathvik.krishnamurthy71@email.com,9132042094,Delhi NCR,290461,04-10-1992,Other,29-03-2025,Gold,30349.29,127,1
CUST02294,Harini,Chaudhry,harini.chaudhry45@email.com,9633374949,Hyderabad,17999,24-05-1973,Female,28-11-2024,Silver,8340.54,108,1
CUST02295,Chandani,Goswami,chandani.goswami31@email.com,9905551833,Delhi NCR,248374,09-09-1978,Male,09-03-2026,Bronze,2769.3,10,1
CUST02296,Amara,Brahmbhatt,amara.brahmbhatt77@email.com,9230659770,Delhi NCR,234565,28-11-1973,Male,11-08-2025,Silver,13318.47,83,0
CUST02297,Lopa,Kumer,lopa.kumer57@email.com,9483154608,Hyderabad,902548,15-09-1985,Other,16-02-2026,Bronze,1048.1,11,1
CUST02298,Umang,Radhakrishnan,umang.radhakrishnan38@email.com,9260198561,Chennai,689047,25-04-1972,Other,18-12-2024,Silver,10049.71,134,1
CUST02299,Zaitra,Saraf,zaitra.saraf75@email.com,9908091693,Delhi NCR,100953,18-08-1994,Female,28-05-2026,Bronze,1072.2,4,1
CUST02300,Geetika,Munshi,geetika.munshi24@email.com,9552606155,Hyderabad,421643,30-05-1982,Male,16-03-2026,Bronze,788.99,10,1
CUST02301,Amol,Bali,amol.bali61@email.com,9547130429,Hyderabad,781460,13-04-1981,Other,01-08-2025,Bronze,4607.67,11,1
CUST02302,Nirja,Chandra,nirja.chandra94@email.com,9419817667,Pune,378844,29-12-1974,Male,07-07-2025,Bronze,3219.7,9,1
CUST02303,Charan,Randhawa,charan.randhawa99@email.com,9440334064,Mumbai,187564,22-09-1988,Male,08-05-2026,Silver,5278.05,21,1
CUST02304,Unni,Deep,unni.deep47@email.com,9386838924,Bangalore,368154,10-10-2007,Other,23-09-2024,Bronze,3445.36,17,1
CUST02305,Zilmil,Pradhan,zilmil.pradhan23@email.com,9938213720,Kolkata,27729,12-01-1968,Other,26-07-2024,Silver,6031.27,78,1
CUST02306,Zansi,Morar,zansi.morar88@email.com,9825287224,Bangalore,78604,14-08-1976,Female,26-04-2025,Silver,13009.87,99,0
CUST02307,Nisha,Sangha,nisha.sangha41@email.com,9713421557,Delhi NCR,503374,15-06-1989,Male,20-10-2025,Bronze,558.71,12,1
CUST02308,Yashodhara,Korpal,yashodhara.korpal64@email.com,9885250450,Delhi NCR,67730,29-01-1988,Male,18-07-2025,Bronze,3558.41,11,1
CUST02309,Jai,Deshmukh,jai.deshmukh10@email.com,9301446744,Mumbai,266794,29-01-1966,Female,07-11-2025,Bronze,1667.5,10,1
CUST02310,Amol,Vala,amol.vala82@email.com,9982870271,Bangalore,886538,20-12-1982,Female,25-12-2025,Silver,12852.14,73,1
CUST02311,Chakradhar,Ram,chakradhar.ram92@email.com,9613157399,Hyderabad,396342,08-12-2007,Female,22-08-2025,Platinum,50724.28,139,1
CUST02312,Yahvi,Subramaniam,yahvi.subramaniam21@email.com,9671563433,Delhi NCR,55049,10-12-1969,Other,02-11-2024,Bronze,1614.5,15,1
CUST02313,Jacob,Shah,jacob.shah75@email.com,9449276095,Chennai,486186,04-01-2007,Female,30-01-2026,Bronze,2116.56,9,1
CUST02314,Saanvi,Balan,saanvi.balan57@email.com,9209570797,Delhi NCR,632016,18-08-1971,Male,09-10-2025,Bronze,4215.96,14,1
CUST02315,Alexander,Som,alexander.som45@email.com,9473967791,Hyderabad,992891,04-05-2006,Other,01-10-2025,Bronze,2632.57,7,1
CUST02316,Nathaniel,Swaminathan,nathaniel.swaminathan78@email.com,9815530731,Pune,826533,06-02-1992,Other,26-09-2024,Bronze,4398.44,4,1
CUST02317,Tanvi,Ahuja,tanvi.ahuja34@email.com,9660852259,Bangalore,494269,31-05-1980,Other,17-11-2024,Bronze,1636.21,17,1
CUST02318,Ayushman,Jhaveri,ayushman.jhaveri64@email.com,9434856054,Andhra Pradesh,135490,26-03-1968,Other,22-02-2025,Bronze,3889.44,18,1
CUST02319,Jagrati,Sahota,jagrati.sahota25@email.com,9153175112,Mumbai,69219,07-09-1983,Male,15-04-2026,Gold,19998.44,121,1
CUST02320,Reva,Gupta,reva.gupta14@email.com,9699298840,Hyderabad,549824,02-05-1976,Male,27-09-2025,Gold,15578.51,57,1
CUST02321,Yauvani,Mall,yauvani.mall99@email.com,9372985305,Kolkata,21781,27-09-1988,Female,19-07-2025,Silver,10166.72,37,1
CUST02322,Yadavi,Ahluwalia,yadavi.ahluwalia17@email.com,9845541989,Bangalore,643158,04-01-2000,Other,19-05-2026,Bronze,2749.18,17,0
CUST02323,Charles,Chauhan,charles.chauhan95@email.com,9172011389,Andhra Pradesh,492815,24-08-1960,Other,20-12-2024,Gold,26686.73,52,0
CUST02324,Saumya,Batra,saumya.batra22@email.com,9147154520,Mumbai,709264,11-06-1963,Other,29-06-2025,Bronze,2188.52,10,1
CUST02325,Chanakya,Jani,chanakya.jani89@email.com,9525000472,Delhi NCR,880817,23-05-1971,Male,26-05-2025,Bronze,913.28,3,1
CUST02326,Mason,Wadhwa,mason.wadhwa80@email.com,9214319889,Delhi NCR,968244,19-05-1996,Female,28-03-2025,Silver,14766.61,37,1
CUST02327,Ayushman,Bahl,ayushman.bahl26@email.com,9102913621,Delhi NCR,288959,21-01-1973,Female,28-11-2025,Bronze,1430.15,16,1
CUST02328,Unni,Majumdar,unni.majumdar81@email.com,9853953805,Andhra Pradesh,168069,11-03-2007,Male,13-10-2024,Gold,18741.67,117,1
CUST02329,Lekha,Choudhary,lekha.choudhary51@email.com,9798160329,Hyderabad,766208,19-10-1962,Other,02-09-2025,Platinum,55100.04,73,0
CUST02330,Kiaan,Badal,kiaan.badal26@email.com,9380994629,Mumbai,917026,16-10-1973,Male,22-12-2025,Bronze,4946.08,17,1
CUST02331,Aishani,Mand,aishani.mand94@email.com,9613867993,Delhi NCR,359624,11-04-1983,Female,27-08-2025,Silver,11763.39,80,1
CUST02332,Vedhika,Ahuja,vedhika.ahuja84@email.com,9572322470,Delhi NCR,204242,19-04-2005,Female,30-05-2026,Bronze,3957.52,16,1
CUST02333,Kashvi,Kale,kashvi.kale44@email.com,9782229627,Bangalore,909123,01-10-1991,Male,26-04-2025,Bronze,780.46,12,1
CUST02334,Yuvraj,Andra,yuvraj.andra79@email.com,9988072413,Hyderabad,849760,21-07-1977,Other,03-11-2025,Gold,20548.24,37,1
CUST02335,Krisha,Sen,krisha.sen18@email.com,9291319216,Pune,243652,25-06-2007,Male,14-03-2025,Gold,16218.88,43,1
CUST02336,Brijesh,Pandey,brijesh.pandey36@email.com,9529218146,Mumbai,364818,18-06-1990,Other,23-03-2026,Silver,8530.42,16,1
CUST02337,Jhalak,Mallick,jhalak.mallick28@email.com,9553315290,Hyderabad,364882,20-08-1968,Male,17-04-2025,Silver,11144.73,42,1
CUST02338,Siya,Tara,siya.tara42@email.com,9947787767,Mumbai,854662,29-12-1973,Other,24-10-2024,Bronze,917.36,3,0
CUST02339,Vihaan,Sangha,vihaan.sangha22@email.com,9785885838,Mumbai,667998,17-04-1988,Other,23-02-2025,Silver,5736.82,110,1
CUST02340,Ethan,Dayal,ethan.dayal64@email.com,9584570172,Delhi NCR,949722,26-12-1963,Male,02-02-2025,Bronze,3799.85,18,0
CUST02341,Quincy,Vohra,quincy.vohra84@email.com,9445686379,Hyderabad,226992,20-04-1961,Female,12-05-2025,Gold,16311.2,150,1
CUST02342,Omaja,Rao,omaja.rao35@email.com,9767137613,Mumbai,799623,03-01-1984,Other,06-05-2025,Silver,9737.7,135,1
CUST02343,Mohammed,Kota,mohammed.kota66@email.com,9574790942,Hyderabad,587688,14-02-1992,Other,20-01-2026,Gold,17012.8,123,1
CUST02344,Warhi,Seshadri,warhi.seshadri50@email.com,9789887699,Bangalore,560413,20-11-1977,Other,29-08-2025,Bronze,2211.1,2,0
CUST02345,Orinder,Bawa,orinder.bawa85@email.com,9587364193,Bangalore,931539,20-06-1996,Other,17-02-2026,Bronze,4038.74,15,1
CUST02346,Ranveer,Chad,ranveer.chad37@email.com,9596979484,Kolkata,260001,02-04-1980,Female,06-03-2025,Bronze,4145.19,18,1
CUST02347,Chandran,Shukla,chandran.shukla34@email.com,9832233831,Mumbai,291430,21-11-1979,Female,05-02-2026,Bronze,4290.28,6,1
CUST02348,Ekavir,Kalla,ekavir.kalla47@email.com,9893143672,Mumbai,103897,02-06-1982,Female,13-11-2024,Silver,13204.98,29,0
CUST02349,Upma,Deo,upma.deo53@email.com,9957513223,Hyderabad,998656,07-10-1980,Female,19-11-2024,Platinum,59508.47,59,1
CUST02350,Krishna,Minhas,krishna.minhas97@email.com,9109388750,Bangalore,592082,09-06-1976,Female,05-04-2025,Gold,22807.86,13,1
CUST02351,Vincent,Balasubramanian,vincent.balasubramanian40@email.com,9986158125,Mumbai,669194,26-07-1998,Female,21-06-2026,Silver,10459.76,127,1
CUST02352,Nandini,Dass,nandini.dass39@email.com,9489098509,Delhi NCR,568201,16-10-1992,Male,11-12-2025,Bronze,3827.89,4,1
CUST02353,Janya,Korpal,janya.korpal33@email.com,9876074653,Mumbai,796618,06-11-1989,Male,05-10-2025,Silver,14575.89,22,1
CUST02354,Gauri,Srinivasan,gauri.srinivasan20@email.com,9533598104,Chennai,404347,29-01-1978,Female,19-10-2024,Silver,14645.8,74,1
CUST02355,Nihal,Nadkarni,nihal.nadkarni84@email.com,9958238401,Delhi NCR,137956,22-02-1967,Female,27-07-2024,Silver,7960.61,51,1
CUST02356,Charles,Taneja,charles.taneja94@email.com,9756702733,Andhra Pradesh,732175,09-10-1964,Other,09-01-2025,Bronze,1680.04,18,1
CUST02357,Oni,Chadha,oni.chadha90@email.com,9979634496,Hyderabad,25999,18-05-1965,Other,19-10-2025,Silver,8919.76,143,1
CUST02358,Rushil,Varty,rushil.varty63@email.com,9372217303,Andhra Pradesh,337034,21-01-1973,Other,08-04-2026,Silver,8874.13,85,0
CUST02359,Chaaya,Mukherjee,chaaya.mukherjee49@email.com,9805051049,Mumbai,748904,14-02-1994,Male,17-06-2025,Gold,17277.67,138,1
CUST02360,Atharv,Sawhney,atharv.sawhney38@email.com,9105142098,Bangalore,235107,08-09-1988,Female,24-03-2025,Silver,10811.08,116,0
CUST02361,Faraj,Bora,faraj.bora83@email.com,9816835468,Kolkata,85173,14-04-2005,Other,24-11-2024,Silver,13479.55,117,1
CUST02362,Idika,Brar,idika.brar87@email.com,9538110204,Andhra Pradesh,563409,16-07-1965,Other,24-09-2025,Silver,9696.44,17,1
CUST02363,Irya,Upadhyay,irya.upadhyay47@email.com,9613936173,Mumbai,558115,19-04-1991,Female,05-02-2025,Silver,9089.22,24,0
CUST02364,Anika,Ramanathan,anika.ramanathan32@email.com,9966933299,Bangalore,391607,20-09-1992,Male,20-07-2024,Silver,13276.97,82,1
CUST02365,Chandresh,Mane,chandresh.mane17@email.com,9205560885,Mumbai,930454,10-07-1968,Other,10-09-2025,Silver,12536.38,22,1
CUST02366,Anya,Badami,anya.badami88@email.com,9264248759,Mumbai,982218,10-03-1962,Male,28-12-2025,Bronze,1873.49,4,0
CUST02367,Shaurya,Raja,shaurya.raja25@email.com,9224264892,Delhi NCR,203858,17-04-1998,Male,24-05-2025,Silver,11804.43,86,1
CUST02368,Arya,Bail,arya.bail27@email.com,9388394548,Bangalore,880265,06-04-1971,Other,02-11-2025,Bronze,3675.59,16,1
CUST02369,Hamsini,Chana,hamsini.chana23@email.com,9658272519,Bangalore,469333,10-11-1983,Male,28-01-2026,Bronze,2989.9,8,1
CUST02370,Omisha,Deo,omisha.deo83@email.com,9272165917,Hyderabad,39744,14-12-1961,Other,12-08-2025,Gold,25871.07,9,1
CUST02371,Yashica,Bera,yashica.bera24@email.com,9785232998,Hyderabad,708987,11-06-1963,Female,24-10-2025,Silver,13946.31,121,1
CUST02372,Om,Barman,om.barman40@email.com,9842351339,Mumbai,991843,30-11-1965,Male,27-09-2024,Gold,34861.61,56,0
CUST02373,Ryan,Dhillon,ryan.dhillon62@email.com,9650322022,Bangalore,611584,20-03-1998,Male,06-04-2025,Bronze,2649.41,5,1
CUST02374,Champak,Oza,champak.oza20@email.com,9403255348,Mumbai,632119,14-03-2005,Other,27-05-2025,Bronze,851.71,8,1
CUST02375,Bachittar,Merchant,bachittar.merchant45@email.com,9847507965,Hyderabad,220539,22-07-1992,Other,26-12-2025,Bronze,3699.91,20,1
CUST02376,Abhimanyu,Soni,abhimanyu.soni84@email.com,9741818767,Delhi NCR,454470,26-09-1996,Male,27-12-2025,Silver,13419.66,141,1
CUST02377,Laksh,Hegde,laksh.hegde83@email.com,9844610723,Mumbai,714619,29-06-1999,Other,07-04-2025,Silver,6242.87,123,1
CUST02378,Yagnesh,Magar,yagnesh.magar84@email.com,9438477339,Hyderabad,766262,08-06-1977,Other,28-03-2025,Silver,10695.47,103,1
CUST02379,Keya,Agate,keya.agate47@email.com,9444404314,Delhi NCR,302618,16-01-1981,Other,30-07-2024,Gold,15603.79,79,1
CUST02380,Kai,Prakash,kai.prakash72@email.com,9301999282,Chennai,870368,08-11-1987,Other,24-08-2024,Bronze,848.41,5,1
CUST02381,Ganga,Ben,ganga.ben18@email.com,9242019899,Pune,306636,11-02-1961,Female,02-05-2025,Silver,11255.13,127,1
CUST02382,Chaitanya,Dayal,chaitanya.dayal62@email.com,9643186586,Kolkata,640989,04-10-1968,Other,26-07-2024,Silver,10891.79,133,0
CUST02383,Tarak,Bassi,tarak.bassi37@email.com,9786973441,Pune,203025,01-10-1969,Other,05-08-2024,Platinum,56491.05,63,1
CUST02384,Adweta,Nori,adweta.nori87@email.com,9136240520,Andhra Pradesh,375979,01-07-1985,Male,13-01-2025,Gold,27621.88,116,1
CUST02385,Isaac,Grover,isaac.grover23@email.com,9614844811,Bangalore,9860,07-08-1969,Other,19-05-2026,Bronze,3323.53,6,1
CUST02386,Ubika,Palla,ubika.palla19@email.com,9974846012,Mumbai,454492,13-07-1963,Female,22-03-2025,Silver,10329.13,47,1
CUST02387,Bhavika,Manda,bhavika.manda17@email.com,9274198859,Hyderabad,538118,27-08-1961,Female,19-11-2025,Silver,5885.87,149,0
CUST02388,Jai,Ramachandran,jai.ramachandran75@email.com,9588193403,Delhi NCR,583445,22-08-1987,Other,29-05-2025,Bronze,4590.77,17,1
CUST02389,Naksh,Ganesh,naksh.ganesh19@email.com,9492628223,Andhra Pradesh,217970,22-12-1981,Other,12-01-2026,Bronze,562.39,13,1
CUST02390,Nikita,Rai,nikita.rai83@email.com,9362694878,Mumbai,361624,31-05-1997,Female,11-06-2025,Silver,5261.34,71,0
CUST02391,Azaan,Sem,azaan.sem60@email.com,9712908983,Delhi NCR,472660,20-06-1969,Other,17-12-2024,Gold,19731.35,134,1
CUST02392,Ira,Bhatnagar,ira.bhatnagar80@email.com,9725207094,Mumbai,850153,18-11-2006,Female,21-07-2024,Silver,10110.58,143,1
CUST02393,Ekansh,Sastry,ekansh.sastry68@email.com,9861861398,Pune,167156,21-03-1964,Other,13-04-2025,Gold,23150.38,62,1
CUST02394,Ria,Bhatia,ria.bhatia40@email.com,9888347959,Bangalore,224413,28-03-1977,Female,19-10-2025,Gold,26909.5,18,1
CUST02395,Eta,Mohanty,eta.mohanty85@email.com,9457867321,Andhra Pradesh,940645,04-02-1975,Other,01-10-2024,Bronze,4214.19,6,1
CUST02396,Ekaja,Sibal,ekaja.sibal54@email.com,9149613562,Hyderabad,571918,29-11-2003,Female,08-10-2025,Bronze,616.96,11,1
CUST02397,Mitali,Saran,mitali.saran66@email.com,9803342301,Hyderabad,693656,02-12-1968,Female,21-09-2025,Silver,13632.26,37,1
CUST02398,Wahab,Hayer,wahab.hayer10@email.com,9645430420,Mumbai,974876,07-10-1997,Female,23-07-2024,Bronze,3062.9,11,1
CUST02399,Kavya,Sidhu,kavya.sidhu66@email.com,9850885098,Kolkata,237718,09-08-1978,Female,23-01-2025,Bronze,3197.25,11,0
CUST02400,Abeer,Chaudhry,abeer.chaudhry45@email.com,9760480273,Mumbai,209567,03-01-1977,Male,02-01-2025,Bronze,2951.46,2,1
CUST02401,Ranveer,Dhawan,ranveer.dhawan30@email.com,9373366938,Mumbai,323964,06-03-1978,Female,18-08-2024,Gold,31198.29,53,1
CUST02402,Quincy,Deol,quincy.deol16@email.com,9547752233,Mumbai,326769,13-12-2000,Male,06-12-2025,Silver,10547.65,145,1
CUST02403,Rachit,Kuruvilla,rachit.kuruvilla41@email.com,9892714035,Delhi NCR,773923,12-12-1996,Female,22-05-2026,Silver,8748.43,103,1
CUST02404,Hamsini,Dhaliwal,hamsini.dhaliwal37@email.com,9468383338,Andhra Pradesh,232091,26-08-1977,Other,03-01-2026,Bronze,3504.28,16,0
CUST02405,Aadi,Bhattacharyya,aadi.bhattacharyya69@email.com,9360553269,Andhra Pradesh,933284,04-07-1980,Male,02-11-2024,Bronze,3462.03,2,1
CUST02406,Simon,Mishra,simon.mishra48@email.com,9600717613,Bangalore,199829,02-03-1961,Other,31-03-2026,Silver,5583.71,93,1
CUST02407,Vasudha,Narula,vasudha.narula49@email.com,9731265344,Delhi NCR,154526,19-06-1964,Other,28-06-2026,Silver,5382.02,111,1
CUST02408,Saanvi,Naik,saanvi.naik93@email.com,9935514561,Andhra Pradesh,999138,06-08-1975,Male,22-10-2024,Silver,8793.67,29,0
CUST02409,Ayushman,Aggarwal,ayushman.aggarwal42@email.com,9452142163,Chennai,433226,08-02-2003,Female,31-01-2026,Silver,7732.19,120,1
CUST02410,Matthew,Dave,matthew.dave32@email.com,9757054838,Mumbai,777331,24-09-1988,Female,06-06-2026,Silver,6874.79,13,1
CUST02411,Yashawini,Bandi,yashawini.bandi58@email.com,9859398644,Mumbai,647070,28-08-1974,Female,24-09-2025,Gold,32636.5,110,1
CUST02412,Janaki,Ben,janaki.ben47@email.com,9256998335,Delhi NCR,605952,02-01-2003,Other,13-08-2025,Silver,8374.56,36,1
CUST02413,Daksha,Deshmukh,daksha.deshmukh53@email.com,9513556730,Hyderabad,107402,21-04-1994,Other,12-02-2025,Bronze,1955.39,9,1
CUST02414,Andrew,Saraf,andrew.saraf30@email.com,9885195384,Mumbai,582676,02-12-1969,Female,02-05-2025,Silver,8886.08,137,1
CUST02415,Aarnav,Sani,aarnav.sani34@email.com,9423077667,Mumbai,3638,15-08-2005,Male,21-04-2025,Gold,27809.22,123,1
CUST02416,Netra,Lala,netra.lala96@email.com,9263461652,Andhra Pradesh,149745,14-01-2001,Male,30-07-2025,Silver,6829.73,16,1
CUST02417,Sathvik,Chawla,sathvik.chawla96@email.com,9364002489,Kolkata,997984,02-04-2001,Female,23-03-2026,Silver,10775.5,133,1
CUST02418,Faras,Kurian,faras.kurian16@email.com,9529736983,Delhi NCR,99550,29-09-1979,Female,24-10-2025,Bronze,1270.68,7,0
CUST02419,Sarthak,Dhar,sarthak.dhar76@email.com,9403950483,Delhi NCR,643223,23-09-2000,Female,02-02-2025,Platinum,55580.01,127,1
CUST02420,Lakshmi,Chaudhuri,lakshmi.chaudhuri66@email.com,9493788657,Delhi NCR,128981,30-06-2005,Male,22-05-2026,Gold,23359.67,32,1
CUST02421,Hemang,Narayan,hemang.narayan49@email.com,9520060987,Bangalore,853400,02-03-2008,Male,12-09-2024,Bronze,3030.51,9,1
CUST02422,Qabil,Seshadri,qabil.seshadri73@email.com,9869817797,Bangalore,223984,01-06-1994,Male,08-03-2025,Gold,32814.72,130,1
CUST02423,Orinder,Edwin,orinder.edwin74@email.com,9218317585,Bangalore,678718,27-08-1994,Male,30-08-2025,Bronze,4473.49,12,1
CUST02424,Lohit,Dave,lohit.dave68@email.com,9400458744,Andhra Pradesh,788705,10-04-2005,Male,15-09-2025,Gold,31092.69,21,0
CUST02425,Bina,Bir,bina.bir21@email.com,9842291985,Kolkata,806134,17-09-1999,Other,28-11-2025,Gold,16256.21,112,1
CUST02426,Kala,Rattan,kala.rattan77@email.com,9701438674,Delhi NCR,799846,19-03-1962,Male,22-02-2026,Gold,34022.74,131,1
CUST02427,Ekta,Varma,ekta.varma15@email.com,9572149841,Hyderabad,794963,14-09-2006,Male,11-09-2025,Bronze,3348.93,10,1
CUST02428,Wyatt,Aggarwal,wyatt.aggarwal45@email.com,9166545487,Bangalore,236108,02-08-1964,Female,06-10-2025,Silver,5120.35,19,1
CUST02429,Lohit,Sahni,lohit.sahni12@email.com,9350746251,Andhra Pradesh,662016,03-07-1982,Male,20-04-2025,Bronze,1455.83,15,1
CUST02430,Eiravati,Sengupta,eiravati.sengupta28@email.com,9930977291,Delhi NCR,457865,07-11-1982,Female,21-02-2026,Silver,11140.5,29,1
CUST02431,Jagrati,Tak,jagrati.tak17@email.com,9449701268,Bangalore,124764,08-12-1960,Male,23-07-2024,Platinum,59357.69,117,1
CUST02432,Charles,Raju,charles.raju11@email.com,9293443579,Chennai,586824,17-01-2007,Female,31-08-2024,Silver,11065.14,112,1
CUST02433,Ishanvi,Bora,ishanvi.bora55@email.com,9699479942,Pune,654512,18-06-1972,Female,10-06-2026,Bronze,669.7,20,0
CUST02434,Aahana,Mittal,aahana.mittal65@email.com,9357938387,Bangalore,189974,18-11-1960,Other,06-11-2024,Silver,13709.91,121,1
CUST02435,Saksham,Jaggi,saksham.jaggi62@email.com,9519609578,Delhi NCR,860835,11-07-1992,Male,22-05-2026,Gold,22281.22,83,1
CUST02436,Benjamin,Bhatt,benjamin.bhatt29@email.com,9922868564,Chennai,36309,05-11-1980,Other,08-04-2026,Bronze,2052.32,14,1
CUST02437,Amrita,Dube,amrita.dube82@email.com,9810970126,Pune,860205,06-11-1963,Other,10-09-2025,Silver,14329.52,145,1
CUST02438,Udant,Balasubramanian,udant.balasubramanian35@email.com,9712623305,Mumbai,134909,11-01-1990,Female,25-11-2025,Gold,26371.77,7,0
CUST02439,Dominic,Soni,dominic.soni20@email.com,9961370083,Hyderabad,972452,01-05-1998,Other,11-02-2025,Silver,6511.2,75,1
CUST02440,Imaran,Kadakia,imaran.kadakia70@email.com,9275811238,Mumbai,694804,04-03-1982,Female,28-06-2026,Bronze,715.41,17,1
CUST02441,Brijesh,Shetty,brijesh.shetty18@email.com,9638829805,Mumbai,567480,17-07-1999,Female,25-03-2025,Bronze,4433.7,8,1
CUST02442,Wishi,Kapoor,wishi.kapoor88@email.com,9324544274,Hyderabad,59802,25-04-2005,Other,18-06-2025,Bronze,2244.55,15,1
CUST02443,Aarav,Ganguly,aarav.ganguly66@email.com,9953418461,Hyderabad,420315,23-08-1996,Female,27-10-2025,Silver,9341.9,149,1
CUST02444,Logan,Natarajan,logan.natarajan82@email.com,9570197944,Hyderabad,907342,30-04-1963,Other,10-01-2025,Silver,7137.04,101,1
CUST02445,Gopal,Sarraf,gopal.sarraf47@email.com,9670499783,Bangalore,748675,13-01-2002,Other,27-04-2025,Silver,9202.37,60,1
CUST02446,Ishaan,More,ishaan.more48@email.com,9953604255,Andhra Pradesh,864823,18-10-1960,Other,11-08-2025,Platinum,55928.19,17,1
CUST02447,Kai,Nagarajan,kai.nagarajan38@email.com,9316304586,Delhi NCR,841962,13-03-1977,Other,02-12-2025,Bronze,3647.92,11,1
CUST02448,Thomas,Ganguly,thomas.ganguly33@email.com,9333823939,Bangalore,58694,29-10-1971,Other,09-07-2025,Gold,25953.63,28,1
CUST02449,Osha,Srivastava,osha.srivastava27@email.com,9771975156,Bangalore,831730,04-09-1986,Female,26-05-2025,Gold,28649.86,97,0
CUST02450,Qabil,Kala,qabil.kala30@email.com,9465827683,Bangalore,518178,13-08-1994,Female,11-11-2024,Silver,13066.57,16,1
CUST02451,Chaitaly,Din,chaitaly.din22@email.com,9201116054,Bangalore,559469,21-11-1997,Male,22-10-2025,Bronze,4556.68,5,1
CUST02452,Arin,Salvi,arin.salvi23@email.com,9680356270,Pune,327237,24-08-1968,Male,02-07-2025,Silver,9175.82,105,1
CUST02453,Yadavi,Bala,yadavi.bala38@email.com,9784957323,Delhi NCR,237900,13-09-1989,Male,20-03-2025,Gold,20597.37,106,1
CUST02454,Anjali,Sem,anjali.sem56@email.com,9290804132,Mumbai,847795,27-05-2008,Female,04-02-2025,Silver,6780.94,81,1
CUST02455,Ekavir,Saxena,ekavir.saxena45@email.com,9115931348,Bangalore,755398,24-10-1965,Other,14-04-2026,Silver,5573.68,40,1
CUST02456,Balveer,Sethi,balveer.sethi98@email.com,9866109878,Delhi NCR,781591,08-05-1982,Male,05-08-2025,Bronze,3036.86,4,1
CUST02457,Dalbir,Mittal,dalbir.mittal79@email.com,9979905370,Bangalore,896268,05-11-1974,Male,14-08-2025,Platinum,73944.42,96,1
CUST02458,Adya,Vala,adya.vala44@email.com,9611037727,Bangalore,638020,06-03-2007,Other,25-07-2025,Silver,9609.52,48,1
CUST02459,Mohini,Buch,mohini.buch68@email.com,9436988059,Bangalore,396121,12-07-2003,Other,20-03-2026,Bronze,2928.57,8,1
CUST02460,Ayaan,Nath,ayaan.nath16@email.com,9896309290,Andhra Pradesh,881298,20-02-1996,Female,29-11-2025,Gold,28209.94,25,1
CUST02461,Lila,Chaudhari,lila.chaudhari28@email.com,9186118944,Andhra Pradesh,70669,15-01-1963,Other,27-05-2026,Silver,11505.86,110,1
CUST02462,Jagat,Batta,jagat.batta66@email.com,9182192735,Mumbai,923729,21-04-1998,Female,06-11-2024,Bronze,2477.41,11,1
CUST02463,Lila,Kashyap,lila.kashyap23@email.com,9739027870,Pune,486497,10-09-1963,Other,22-01-2025,Silver,11287.99,49,0
CUST02464,Diya,Basu,diya.basu86@email.com,9124573596,Mumbai,757896,01-11-1995,Other,18-03-2026,Bronze,958.11,13,1
CUST02465,Umang,Halder,umang.halder12@email.com,9881203338,Delhi NCR,570773,17-06-1967,Female,04-03-2026,Bronze,4853,14,1
CUST02466,Onkar,Kamdar,onkar.kamdar40@email.com,9707347539,Hyderabad,555057,23-07-2006,Other,20-06-2026,Gold,23674.81,103,1
CUST02467,Bachittar,Parmar,bachittar.parmar34@email.com,9585940920,Mumbai,187993,13-09-1995,Other,15-02-2025,Gold,20013.97,109,1
CUST02468,Ati,Lall,ati.lall58@email.com,9436052743,Hyderabad,458831,28-09-1965,Other,16-03-2025,Bronze,3824.84,9,1
CUST02469,Devansh,Morar,devansh.morar86@email.com,9931483371,Andhra Pradesh,12350,19-01-1974,Other,25-05-2025,Silver,9421.63,115,0
CUST02470,Sachi,Comar,sachi.comar10@email.com,9272382276,Mumbai,689109,09-01-2004,Female,23-06-2025,Bronze,2096.18,15,1
CUST02471,Shravya,Sekhon,shravya.sekhon26@email.com,9911005918,Delhi NCR,234456,01-06-1995,Male,01-03-2025,Silver,13304.65,120,1
CUST02472,Adya,Sabharwal,adya.sabharwal40@email.com,9413085920,Hyderabad,940366,01-11-1980,Male,11-04-2026,Gold,15196.29,142,1
CUST02473,Anthony,Bhatti,anthony.bhatti45@email.com,9750454093,Andhra Pradesh,329573,23-06-1994,Female,15-08-2025,Bronze,611.85,5,1
CUST02474,Sathvik,Dani,sathvik.dani14@email.com,9537138029,Hyderabad,975729,28-05-2008,Other,19-12-2025,Bronze,1188.27,14,1
CUST02475,Manan,Sarna,manan.sarna12@email.com,9593800277,Mumbai,186830,06-11-1969,Male,29-09-2025,Bronze,1644.97,6,0
CUST02476,Gaurang,Narula,gaurang.narula49@email.com,9455273837,Delhi NCR,423324,14-09-1966,Female,05-05-2025,Silver,7644.95,98,1
CUST02477,Kashish,Biswas,kashish.biswas49@email.com,9400228497,Bangalore,483966,06-03-1962,Male,15-07-2025,Gold,29031.77,56,1
CUST02478,Sarthak,Mital,sarthak.mital93@email.com,9251455794,Mumbai,674621,19-01-1984,Male,15-02-2026,Bronze,4257.45,8,1
CUST02479,Ishanvi,Mander,ishanvi.mander57@email.com,9441742202,Delhi NCR,749161,15-08-1990,Other,20-07-2024,Silver,8235.82,67,0
CUST02480,Gayathri,Arya,gayathri.arya24@email.com,9646683161,Pune,218169,05-02-1998,Other,11-09-2024,Silver,12376.19,148,0
CUST02481,Bhavini,Chaudhary,bhavini.chaudhary15@email.com,9546323537,Mumbai,447609,28-11-1977,Other,13-04-2026,Silver,10470.58,71,1
CUST02482,Samar,Sur,samar.sur49@email.com,9187384966,Hyderabad,402928,11-02-1988,Other,27-02-2025,Gold,24416.76,22,1
CUST02483,Wyatt,Jaggi,wyatt.jaggi11@email.com,9568984364,Delhi NCR,265099,17-09-1986,Male,18-01-2026,Bronze,3423.07,20,1
CUST02484,Rachit,Dada,rachit.dada25@email.com,9116375587,Delhi NCR,667719,29-03-1986,Other,05-06-2025,Bronze,3173.71,3,1
CUST02485,Odika,Saran,odika.saran21@email.com,9355361506,Delhi NCR,25634,19-05-1972,Other,09-04-2026,Gold,21557.69,150,1
CUST02486,Azad,Desai,azad.desai87@email.com,9852596963,Mumbai,234998,30-03-1963,Male,12-09-2024,Silver,6586.97,130,1
CUST02487,Sathvik,Sarma,sathvik.sarma80@email.com,9397417086,Bangalore,836759,24-08-1961,Male,28-09-2024,Bronze,3819.65,9,0
CUST02488,Urvi,Sethi,urvi.sethi42@email.com,9641299023,Andhra Pradesh,524461,20-03-1979,Other,03-03-2025,Bronze,1548.71,17,1
CUST02489,Avi,Gala,avi.gala38@email.com,9249758160,Andhra Pradesh,351746,29-01-1985,Female,20-06-2025,Bronze,2070.66,11,0
CUST02490,Damyanti,Dey,damyanti.dey67@email.com,9239155147,Chennai,18637,10-04-1969,Female,08-05-2025,Bronze,547.26,4,1
CUST02491,Tejas,Bhavsar,tejas.bhavsar38@email.com,9548162161,Delhi NCR,695592,21-01-2004,Other,06-12-2024,Gold,18513.61,65,1
CUST02492,Vedika,Sarna,vedika.sarna59@email.com,9588403262,Bangalore,414900,08-04-1975,Female,08-07-2026,Bronze,1725.14,13,1
CUST02493,Ekiya,Agate,ekiya.agate64@email.com,9499320815,Kolkata,551344,18-01-2007,Male,01-02-2025,Silver,13617.59,79,1
CUST02494,Mohini,Srivastava,mohini.srivastava94@email.com,9928128250,Mumbai,288390,03-01-1981,Male,17-07-2025,Gold,17406.74,135,1
CUST02495,Wridesh,Kaur,wridesh.kaur30@email.com,9885349140,Hyderabad,454615,10-04-2007,Female,27-07-2025,Silver,5774.78,98,0
CUST02496,Brinda,Hora,brinda.hora97@email.com,9266037255,Mumbai,511497,04-05-1996,Female,23-08-2025,Silver,11845.88,47,1
CUST02497,Unnati,Nadig,unnati.nadig77@email.com,9128593014,Bangalore,120409,23-06-1982,Other,24-02-2025,Silver,5237.6,137,1
CUST02498,Yagnesh,Sastry,yagnesh.sastry31@email.com,9611344856,Hyderabad,661830,26-01-2008,Other,01-09-2025,Bronze,2873.73,13,1
CUST02499,Kashvi,Thakkar,kashvi.thakkar78@email.com,9115321647,Delhi NCR,18731,12-10-1981,Male,25-12-2024,Bronze,4958.46,8,1
CUST02500,Frado,Nair,frado.nair16@email.com,9312499639,Kolkata,143678,15-08-1988,Other,27-11-2024,Gold,22073.11,108,1
CUST02501,Hemang,Aurora,hemang.aurora50@email.com,9657676047,Hyderabad,818710,29-05-2002,Other,21-12-2025,Bronze,1900.5,17,1
CUST02502,Nidra,Vohra,nidra.vohra36@email.com,9854881422,Hyderabad,642570,18-03-1988,Male,28-11-2025,Silver,6510.36,81,1
CUST02503,Aarnav,Dhar,aarnav.dhar25@email.com,9884095608,Delhi NCR,933154,28-09-1972,Male,17-01-2026,Gold,32947.36,1,1
CUST02504,Rohan,Arora,rohan.arora62@email.com,9863384885,Hyderabad,2302,21-09-1994,Female,18-06-2025,Bronze,1158.17,17,1
CUST02505,Gautami,Nayak,gautami.nayak95@email.com,9885142756,Andhra Pradesh,522411,25-03-1980,Female,22-03-2026,Silver,6594.65,116,1
CUST02506,Mitesh,Bala,mitesh.bala44@email.com,9299542791,Andhra Pradesh,670151,22-12-1977,Female,23-03-2025,Bronze,3958.17,8,1
CUST02507,Lucky,Bahl,lucky.bahl35@email.com,9923018371,Hyderabad,663382,22-04-1969,Female,31-10-2024,Gold,15725.39,12,0
CUST02508,Laban,Mall,laban.mall49@email.com,9724758880,Mumbai,53922,15-10-2005,Male,01-12-2024,Silver,8092.36,72,1
CUST02509,Champak,Pradhan,champak.pradhan76@email.com,9357348444,Bangalore,201901,18-04-1968,Female,26-02-2026,Bronze,3080.9,17,1
CUST02510,Sarthak,Kunda,sarthak.kunda80@email.com,9570048743,Mumbai,339133,20-03-2004,Male,30-11-2024,Bronze,3943.68,1,0
CUST02511,Januja,Golla,januja.golla74@email.com,9385264747,Hyderabad,132394,19-05-1983,Other,25-04-2026,Bronze,2809.79,14,1
CUST02512,Nisha,Mander,nisha.mander30@email.com,9175073458,Andhra Pradesh,234286,07-11-1980,Other,10-03-2026,Bronze,3436.14,1,1
CUST02513,Chanchal,Savant,chanchal.savant65@email.com,9580794619,Mumbai,24986,07-10-1989,Female,15-12-2024,Bronze,1544.67,1,1
CUST02514,Amrita,Ghosh,amrita.ghosh81@email.com,9802030975,Delhi NCR,953677,01-02-2003,Other,20-06-2026,Silver,5037.92,91,1
CUST02515,Xavier,Malhotra,xavier.malhotra77@email.com,9193669007,Andhra Pradesh,297356,25-10-1966,Other,03-04-2025,Bronze,1733.65,10,0
CUST02516,Peter,Rajagopal,peter.rajagopal35@email.com,9554013470,Bangalore,559147,03-02-1987,Female,17-11-2024,Bronze,634.09,18,1
CUST02517,Kala,Koshy,kala.koshy41@email.com,9820027377,Andhra Pradesh,966414,18-09-1992,Female,17-03-2026,Bronze,4317.9,19,1
CUST02518,Kala,Kanda,kala.kanda46@email.com,9155382308,Andhra Pradesh,695247,22-12-1978,Male,05-07-2026,Gold,16988.32,129,1
CUST02519,Meera,Saraf,meera.saraf27@email.com,9633136904,Andhra Pradesh,353896,17-03-1969,Male,01-03-2026,Gold,30356.85,40,0
CUST02520,Harinakshi,Krish,harinakshi.krish86@email.com,9847297822,Bangalore,436792,24-10-1980,Male,06-10-2024,Bronze,2013.87,13,1
CUST02521,Hamsini,Soman,hamsini.soman55@email.com,9740383177,Bangalore,276383,05-08-1982,Male,13-02-2025,Platinum,36005.71,15,1
CUST02522,Simon,Mangat,simon.mangat25@email.com,9430011151,Delhi NCR,858639,29-04-1962,Female,03-06-2025,Bronze,4810.77,16,1
CUST02523,Harrison,Ramaswamy,harrison.ramaswamy95@email.com,9847278726,Mumbai,497939,13-12-2001,Other,22-02-2026,Bronze,3904.26,20,1
CUST02524,Faras,Sagar,faras.sagar69@email.com,9991336098,Mumbai,538116,12-08-1995,Other,09-12-2025,Silver,5215.95,65,1
CUST02525,Ronith,Shenoy,ronith.shenoy81@email.com,9309422477,Bangalore,30737,13-06-1969,Female,08-05-2025,Bronze,2776.09,13,1
CUST02526,Daniel,Sinha,daniel.sinha36@email.com,9928782481,Andhra Pradesh,14896,06-05-1993,Female,21-09-2025,Bronze,1696.06,19,1
CUST02527,Anirudh,Dey,anirudh.dey99@email.com,9347463184,Delhi NCR,493121,22-12-1979,Female,23-05-2025,Silver,5802.72,126,1
CUST02528,Ronith,Mishra,ronith.mishra26@email.com,9428119511,Delhi NCR,625429,12-08-2003,Male,22-11-2024,Bronze,1167.41,11,0
CUST02529,Lipika,Minhas,lipika.minhas86@email.com,9266504075,Bangalore,633917,26-12-1969,Female,19-02-2026,Silver,14493.6,56,1
CUST02530,Charita,Apte,charita.apte34@email.com,9844347627,Delhi NCR,694811,24-11-1972,Female,28-11-2025,Silver,5042.67,104,0
CUST02531,Odika,Rajagopal,odika.rajagopal52@email.com,9915068935,Delhi NCR,971967,17-04-2006,Male,06-08-2024,Silver,9996.08,33,1
CUST02532,Nisha,Kapur,nisha.kapur15@email.com,9939224601,Pune,539101,23-01-1987,Female,09-10-2024,Bronze,2941.92,17,1
CUST02533,Omkaar,Palla,omkaar.palla98@email.com,9510263460,Delhi NCR,163994,12-05-2000,Male,13-08-2024,Platinum,58267.36,117,1
CUST02534,Finn,Hayer,finn.hayer61@email.com,9426775646,Andhra Pradesh,344376,07-05-1993,Male,10-12-2025,Bronze,4437.18,4,0
CUST02535,Samesh,Mahal,samesh.mahal44@email.com,9963114053,Mumbai,409841,08-10-1964,Other,11-09-2024,Bronze,2380.68,19,1
CUST02536,Radha,Tak,radha.tak27@email.com,9650270216,Mumbai,14811,19-10-1987,Other,26-07-2024,Silver,9350.38,65,1
CUST02537,Barkha,Chacko,barkha.chacko30@email.com,9929400873,Mumbai,42028,12-10-1998,Other,24-04-2026,Bronze,1788.83,19,1
CUST02538,Omisha,Sahni,omisha.sahni57@email.com,9999036689,Mumbai,680199,29-03-1963,Female,25-01-2025,Silver,10736.88,145,1
CUST02539,Bishakha,Dhawan,bishakha.dhawan85@email.com,9275613806,Chennai,348548,26-04-1978,Male,07-06-2026,Silver,12210.37,57,1
CUST02540,Nachiket,Bhasin,nachiket.bhasin78@email.com,9423870823,Bangalore,531607,10-01-1999,Female,21-12-2025,Bronze,774.85,8,0
CUST02541,Gopal,Sunder,gopal.sunder55@email.com,9545298863,Mumbai,386015,01-04-1993,Male,02-10-2024,Silver,6369.63,142,0
CUST02542,Gabriel,Tandon,gabriel.tandon61@email.com,9948372794,Bangalore,321940,04-10-1969,Female,10-03-2025,Silver,6877.79,132,1
CUST02543,Ucchal,Agrawal,ucchal.agrawal92@email.com,9459877055,Delhi NCR,881411,25-07-1969,Other,01-05-2026,Bronze,3796.46,2,1
CUST02544,Tripti,Mistry,tripti.mistry78@email.com,9993968085,Hyderabad,271936,19-12-1992,Female,08-05-2026,Bronze,4928.85,17,1
CUST02545,Yashvi,Pillay,yashvi.pillay22@email.com,9243110654,Bangalore,646391,19-10-1976,Female,21-09-2025,Silver,11232.51,41,1
CUST02546,Fariq,Barad,fariq.barad71@email.com,9218594837,Bangalore,491619,11-01-1980,Other,26-11-2024,Gold,32418.82,67,1
CUST02547,Zaid,Doshi,zaid.doshi33@email.com,9469121074,Mumbai,540131,19-05-1983,Male,03-01-2025,Bronze,755.83,12,1
CUST02548,Garima,Behl,garima.behl82@email.com,9979430668,Bangalore,962616,30-10-1997,Other,30-01-2025,Bronze,1834.29,8,1
CUST02549,Hemangini,Nazareth,hemangini.nazareth98@email.com,9271699533,Mumbai,527410,01-01-1970,Female,21-11-2025,Silver,14025.78,24,1
CUST02550,Januja,Mandal,januja.mandal40@email.com,9545127637,Delhi NCR,179899,28-04-1979,Other,26-08-2025,Silver,7457.1,82,1
CUST02551,Jagrati,Sandhu,jagrati.sandhu47@email.com,9893847063,Andhra Pradesh,948993,08-07-1964,Male,10-08-2024,Bronze,4388.02,15,1
CUST02552,Kala,Cherian,kala.cherian78@email.com,9495077905,Mumbai,675635,27-04-1985,Other,14-03-2026,Silver,5505,107,1
CUST02553,Yamini,Minhas,yamini.minhas28@email.com,9978728943,Hyderabad,271726,20-01-1988,Male,29-10-2024,Silver,11252.49,56,1
CUST02554,Janaki,Ravel,janaki.ravel45@email.com,9642116017,Hyderabad,46070,08-09-2005,Female,20-08-2024,Bronze,1740.33,17,1
CUST02555,Fitan,Menon,fitan.menon84@email.com,9859404521,Mumbai,130686,18-10-1972,Female,05-02-2025,Bronze,4805.35,15,1
CUST02556,Banjeet,Vala,banjeet.vala42@email.com,9223809228,Bangalore,100668,05-05-2001,Male,01-09-2024,Bronze,3246.96,5,1
CUST02557,Anita,Chaudhry,anita.chaudhry30@email.com,9623707851,Pune,282076,06-01-1972,Female,14-12-2024,Bronze,2583.74,19,1
CUST02558,Yachana,Choudhry,yachana.choudhry82@email.com,9474492998,Mumbai,522328,16-08-1970,Male,05-12-2024,Bronze,2837.95,1,1
CUST02559,Parth,Dubey,parth.dubey12@email.com,9812359823,Hyderabad,84752,05-05-1996,Female,14-12-2024,Silver,6096.28,106,1
CUST02560,Ishita,Mishra,ishita.mishra23@email.com,9454249000,Kolkata,41084,01-05-1991,Female,31-10-2025,Silver,11710.57,23,1
CUST02561,Jack,Kari,jack.kari44@email.com,9296019740,Hyderabad,113505,06-10-1973,Other,22-03-2025,Bronze,3164.56,4,0
CUST02562,Saanvi,Dhingra,saanvi.dhingra58@email.com,9504173679,Andhra Pradesh,892064,21-07-1968,Female,26-11-2025,Silver,8648.02,96,1
CUST02563,Jagvi,Suri,jagvi.suri94@email.com,9436526172,Delhi NCR,978302,28-04-1997,Male,31-07-2024,Bronze,1325.49,8,1
CUST02564,Elijah,Bajwa,elijah.bajwa41@email.com,9731327714,Pune,194534,19-10-1965,Female,06-11-2025,Bronze,1208.23,11,0
CUST02565,Gaurangi,Date,gaurangi.date65@email.com,9140162045,Delhi NCR,447867,19-02-1980,Female,07-02-2026,Silver,12273.97,116,1
CUST02566,Kabir,Bansal,kabir.bansal68@email.com,9921923073,Hyderabad,188930,13-10-1986,Male,06-01-2025,Silver,10966.07,74,1
CUST02567,Hemangini,Tank,hemangini.tank33@email.com,9743897426,Delhi NCR,378912,04-03-1967,Female,06-01-2025,Platinum,72107.02,113,1
CUST02568,Sai,Krishna,sai.krishna71@email.com,9289259631,Andhra Pradesh,699055,23-02-1998,Male,26-03-2025,Bronze,4315.17,7,1
CUST02569,Hemangini,Tailor,hemangini.tailor32@email.com,9366853593,Hyderabad,994084,30-03-1973,Female,08-10-2025,Silver,13439.78,128,1
CUST02570,Aadi,Saini,aadi.saini49@email.com,9903062468,Hyderabad,904528,26-11-2001,Female,01-04-2026,Platinum,64601.96,100,1
CUST02571,Pushti,Aurora,pushti.aurora73@email.com,9587269254,Delhi NCR,106567,01-12-1976,Female,15-01-2025,Bronze,1559.25,7,1
CUST02572,Sneha,Mahajan,sneha.mahajan15@email.com,9431544420,Bangalore,701652,09-10-1990,Other,04-06-2025,Bronze,3576.84,11,1
CUST02573,Girik,Kapoor,girik.kapoor79@email.com,9815333208,Mumbai,814980,28-01-1970,Female,21-04-2025,Gold,23444.73,88,1
CUST02574,Thomas,Bahri,thomas.bahri77@email.com,9210456592,Mumbai,376992,09-02-2004,Other,06-11-2025,Bronze,3537.59,11,1
CUST02575,Mitali,Merchant,mitali.merchant86@email.com,9585041299,Pune,477250,18-09-1996,Male,22-02-2025,Gold,31924.94,142,1
CUST02576,Qarin,Khosla,qarin.khosla83@email.com,9843950778,Delhi NCR,423480,20-09-1962,Female,15-02-2025,Gold,22005.53,34,1
CUST02577,Fariq,Sha,fariq.sha95@email.com,9335424674,Bangalore,415536,26-05-2001,Other,09-10-2024,Gold,15114.75,48,0
CUST02578,Falak,Warrior,falak.warrior62@email.com,9883010575,Andhra Pradesh,574906,24-05-1972,Male,26-04-2026,Bronze,1111.87,4,1
CUST02579,Wishi,Radhakrishnan,wishi.radhakrishnan91@email.com,9936449057,Hyderabad,242570,27-10-1976,Female,02-03-2026,Silver,9835.21,27,1
CUST02580,Tanay,Kant,tanay.kant62@email.com,9325902884,Mumbai,959452,02-09-1975,Female,07-05-2026,Bronze,1714.84,6,1
CUST02581,Fitan,Nagy,fitan.nagy87@email.com,9430008254,Delhi NCR,863040,23-01-1970,Female,30-10-2025,Bronze,2085.59,4,1
CUST02582,Radhika,Ramanathan,radhika.ramanathan20@email.com,9747080802,Andhra Pradesh,991721,30-07-1993,Female,04-03-2025,Silver,5979.32,15,1
CUST02583,Naksh,Dewan,naksh.dewan77@email.com,9381241449,Andhra Pradesh,41678,31-07-1972,Other,21-06-2026,Bronze,2898.23,14,1
CUST02584,Jagdish,Parmer,jagdish.parmer29@email.com,9319331698,Mumbai,926693,10-11-1992,Other,15-05-2026,Silver,11035.93,104,1
CUST02585,Abdul,Randhawa,abdul.randhawa38@email.com,9413818753,Delhi NCR,250313,13-06-2000,Female,16-11-2024,Gold,34210.96,22,1
CUST02586,Xiti,Bath,xiti.bath44@email.com,9288247754,Delhi NCR,850220,28-12-1988,Male,29-09-2024,Silver,5315.34,38,1
CUST02587,Chanakya,Cherian,chanakya.cherian86@email.com,9198152428,Mumbai,335937,30-08-2001,Male,31-07-2025,Gold,22872.63,31,1
CUST02588,Frado,Bhatia,frado.bhatia72@email.com,9517114211,Andhra Pradesh,2956,25-04-1967,Female,06-05-2025,Bronze,4392.32,1,1
CUST02589,Madhav,Gour,madhav.gour60@email.com,9539347292,Andhra Pradesh,647185,18-08-1984,Male,26-10-2025,Silver,5077.5,48,0
CUST02590,Dayamai,Agate,dayamai.agate83@email.com,9653626875,Mumbai,992304,19-12-1983,Male,02-02-2026,Platinum,54214.52,23,0
CUST02591,Teerth,Deshpande,teerth.deshpande64@email.com,9805089224,Kolkata,167781,07-12-1979,Other,01-04-2025,Silver,13963.57,86,1
CUST02592,Krisha,Mann,krisha.mann70@email.com,9918480395,Bangalore,437019,01-09-1980,Other,25-02-2026,Bronze,4502.18,14,1
CUST02593,Ira,Hayre,ira.hayre91@email.com,9521626662,Hyderabad,177666,07-09-1983,Female,01-09-2024,Silver,5347.07,9,1
CUST02594,Hemangini,Goel,hemangini.goel83@email.com,9148952444,Mumbai,612092,26-03-1998,Female,23-09-2024,Gold,30538.88,83,1
CUST02595,Ekani,Sood,ekani.sood48@email.com,9488433497,Bangalore,619022,13-04-1977,Other,09-09-2024,Bronze,4821.48,4,1
CUST02596,Ishaan,Raman,ishaan.raman26@email.com,9256311272,Andhra Pradesh,870676,18-06-1974,Male,04-04-2025,Bronze,834.42,7,1
CUST02597,Yatan,Deshmukh,yatan.deshmukh36@email.com,9261751371,Bangalore,371859,12-02-1971,Male,11-09-2024,Bronze,3188.33,4,1
CUST02598,Lakshit,Radhakrishnan,lakshit.radhakrishnan53@email.com,9896334442,Delhi NCR,856371,16-03-1966,Female,25-02-2025,Bronze,1147.01,1,1
CUST02599,Max,Muni,max.muni27@email.com,9368600720,Andhra Pradesh,375,06-04-1977,Other,03-10-2025,Silver,11457.91,49,1
CUST02600,Manthan,Kohli,manthan.kohli44@email.com,9754691173,Chennai,324659,16-05-2005,Male,16-11-2025,Bronze,2818.22,7,1
CUST02601,Yadavi,Rai,yadavi.rai27@email.com,9431277739,Andhra Pradesh,932784,30-07-1967,Other,03-08-2025,Gold,16174.99,73,1
CUST02602,Saksham,Taneja,saksham.taneja91@email.com,9163700864,Hyderabad,591538,14-01-1970,Other,19-08-2024,Silver,13387.46,137,1
CUST02603,Girindra,Chaudhari,girindra.chaudhari50@email.com,9568192802,Bangalore,65266,22-06-1980,Female,07-12-2024,Bronze,1604.94,14,1
CUST02604,Raagini,Saxena,raagini.saxena39@email.com,9686786898,Mumbai,512724,17-01-1982,Male,12-04-2025,Bronze,4221.39,20,1
CUST02605,Thomas,Kothari,thomas.kothari98@email.com,9154143628,Hyderabad,565697,30-06-1988,Other,05-02-2025,Bronze,4072.09,5,1
CUST02606,Ridhi,Vaidya,ridhi.vaidya70@email.com,9186906570,Bangalore,962249,22-02-1980,Other,19-01-2026,Silver,10492.09,100,1
CUST02607,Jhalak,Dara,jhalak.dara14@email.com,9570443311,Mumbai,462506,03-12-1999,Female,26-10-2024,Bronze,1139.07,7,1
CUST02608,Omya,Narain,omya.narain30@email.com,9147042111,Bangalore,851206,23-02-1969,Female,21-02-2026,Silver,13953.39,119,1
CUST02609,Sara,Sahni,sara.sahni99@email.com,9685141864,Hyderabad,293509,19-07-1990,Other,14-10-2025,Silver,12873.48,9,1
CUST02610,Tanveer,Kurian,tanveer.kurian93@email.com,9803690925,Hyderabad,212914,16-04-1990,Other,23-05-2026,Bronze,733.77,14,1
CUST02611,Kamya,Agrawal,kamya.agrawal14@email.com,9286249295,Mumbai,234778,22-06-2007,Male,14-07-2026,Bronze,3621.59,18,1
CUST02612,Abeer,Mangat,abeer.mangat62@email.com,9316404476,Delhi NCR,797251,01-12-1995,Male,01-03-2025,Bronze,805.59,8,1
CUST02613,Charles,Shanker,charles.shanker54@email.com,9993786528,Hyderabad,339821,16-06-1980,Female,04-07-2025,Bronze,1809.2,20,1
CUST02614,Maanas,Kibe,maanas.kibe23@email.com,9586458650,Delhi NCR,720945,26-11-1964,Male,26-01-2026,Bronze,3719.29,14,1
CUST02615,Megha,Sura,megha.sura34@email.com,9388749920,Bangalore,706363,15-03-2006,Other,04-11-2024,Bronze,2317.77,12,1
CUST02616,Zinal,Sandhu,zinal.sandhu27@email.com,9782675492,Bangalore,11220,19-11-1963,Male,10-06-2026,Bronze,3924.98,8,1
CUST02617,Zarna,Master,zarna.master83@email.com,9341872788,Kolkata,264833,04-01-1975,Other,11-06-2025,Bronze,2784.37,7,1
CUST02618,Siya,Raj,siya.raj10@email.com,9377941068,Bangalore,828967,21-12-2003,Other,22-09-2024,Silver,13105.08,82,1
CUST02619,Samuel,Raj,samuel.raj24@email.com,9189140491,Mumbai,549469,08-08-1969,Other,05-08-2024,Bronze,965.71,17,1
CUST02620,Kamala,Saini,kamala.saini69@email.com,9469582854,Delhi NCR,901324,06-11-2002,Female,01-05-2025,Bronze,2644.27,20,0
CUST02621,Girik,Kale,girik.kale53@email.com,9960216916,Hyderabad,1154,10-03-1987,Other,11-10-2024,Bronze,3878.27,2,0
CUST02622,Vaishnavi,Pai,vaishnavi.pai52@email.com,9192932183,Hyderabad,803889,10-01-2004,Female,26-02-2026,Silver,12280.88,102,1
CUST02623,Balendra,Mangal,balendra.mangal54@email.com,9214776940,Pune,104043,22-11-1964,Other,14-04-2025,Silver,12986.72,24,1
CUST02624,Nidra,Rajan,nidra.rajan40@email.com,9330505273,Mumbai,135381,23-03-1979,Male,22-08-2025,Bronze,3709.6,20,0
CUST02625,Teerth,Sood,teerth.sood63@email.com,9306933466,Mumbai,755803,30-05-1963,Other,15-11-2025,Bronze,2120.47,15,1
CUST02626,Advik,Chauhan,advik.chauhan26@email.com,9705792874,Bangalore,856471,09-09-1993,Female,02-05-2026,Bronze,4745.66,7,1
CUST02627,Shravya,Lala,shravya.lala97@email.com,9480069802,Delhi NCR,190271,04-02-1988,Other,15-06-2026,Silver,7251.74,38,1
CUST02628,Samarth,Sule,samarth.sule53@email.com,9724944979,Pune,611586,02-06-1989,Female,30-03-2026,Bronze,960.27,11,0
CUST02629,Zansi,Sami,zansi.sami69@email.com,9207258826,Bangalore,199767,15-10-1984,Other,10-10-2025,Silver,14130.91,49,1
CUST02630,Saksham,Issac,saksham.issac71@email.com,9737499885,Bangalore,617050,13-03-1983,Male,07-09-2025,Silver,5277.36,121,0
CUST02631,Sarthak,Prasad,sarthak.prasad29@email.com,9859752605,Bangalore,458195,06-04-1989,Male,29-03-2025,Bronze,2678.57,3,1
CUST02632,Ria,Doctor,ria.doctor73@email.com,9622828411,Andhra Pradesh,353399,13-03-1995,Male,21-11-2024,Silver,6372.75,115,1
CUST02633,Barkha,Dutta,barkha.dutta29@email.com,9645426562,Mumbai,621775,16-08-1998,Male,20-08-2024,Platinum,51450.42,16,1
CUST02634,Ekalinga,Narayanan,ekalinga.narayanan16@email.com,9704328773,Andhra Pradesh,668793,02-11-1960,Other,11-04-2026,Silver,6791.03,86,1
CUST02635,Samaksh,Ahuja,samaksh.ahuja78@email.com,9641267741,Bangalore,853272,21-02-1993,Other,23-02-2026,Silver,12711.91,51,1
CUST02636,Leena,Sani,leena.sani81@email.com,9412346249,Delhi NCR,451502,27-04-1982,Male,23-10-2024,Silver,11819.4,49,1
CUST02637,Zarna,Prabhakar,zarna.prabhakar57@email.com,9694411437,Hyderabad,613087,04-07-1973,Male,28-06-2026,Bronze,2774.57,12,1
CUST02638,Abhimanyu,Wason,abhimanyu.wason97@email.com,9997887537,Andhra Pradesh,207382,20-06-1993,Male,26-03-2026,Bronze,699.21,3,1
CUST02639,Vaishnavi,Singh,vaishnavi.singh45@email.com,9795275340,Pune,118425,11-04-1969,Other,07-01-2026,Bronze,634.17,17,1
CUST02640,Vasana,Thaman,vasana.thaman15@email.com,9111206288,Delhi NCR,309007,11-03-1966,Female,08-11-2024,Bronze,2128.51,19,1
CUST02641,Elijah,Bava,elijah.bava85@email.com,9230098134,Mumbai,423447,15-04-1975,Male,08-06-2026,Bronze,3216.72,1,1
CUST02642,Charles,Palla,charles.palla70@email.com,9377430378,Pune,771961,04-09-2006,Female,11-10-2025,Bronze,2910.55,20,1
CUST02643,Vaishnavi,Chokshi,vaishnavi.chokshi77@email.com,9500256365,Hyderabad,596566,12-07-1991,Other,29-05-2025,Silver,8207.26,90,0
CUST02644,Chaman,Baria,chaman.baria95@email.com,9615556158,Andhra Pradesh,833440,26-09-1961,Female,07-11-2025,Gold,32449.24,91,1
CUST02645,Jeevika,Doshi,jeevika.doshi46@email.com,9661376382,Pune,426537,08-01-2003,Other,20-12-2024,Silver,5739.82,115,1
CUST02646,Qabil,Datta,qabil.datta43@email.com,9140174169,Delhi NCR,914390,04-10-1991,Female,03-08-2024,Bronze,4833.17,6,1
CUST02647,Janaki,Mane,janaki.mane23@email.com,9916364352,Delhi NCR,360157,19-02-2004,Female,16-10-2025,Bronze,2137.45,16,1
CUST02648,Ishwar,Butala,ishwar.butala20@email.com,9739852298,Hyderabad,10162,23-01-1989,Female,24-07-2024,Silver,13930.33,28,1
CUST02649,Azaan,Thaman,azaan.thaman32@email.com,9210028708,Pune,265893,06-02-2006,Male,06-02-2025,Silver,14665.24,1,1
CUST02650,Upadhriti,Nayar,upadhriti.nayar37@email.com,9802199466,Kolkata,833548,07-08-1994,Male,23-01-2026,Silver,14306.13,147,1
CUST02651,Samuel,Parmar,samuel.parmar91@email.com,9958264697,Hyderabad,192149,19-12-1987,Female,19-07-2025,Gold,20127.11,3,1
CUST02652,Gavin,Krishnan,gavin.krishnan55@email.com,9156381375,Bangalore,386643,23-02-1971,Other,04-08-2024,Bronze,2854.49,17,0
CUST02653,Sarthak,Chand,sarthak.chand56@email.com,9119207019,Hyderabad,266528,18-03-1970,Female,16-03-2025,Silver,7801.73,73,1
CUST02654,Maya,Yohannan,maya.yohannan67@email.com,9180550844,Mumbai,492724,21-09-1960,Female,17-08-2024,Gold,16045.84,30,1
CUST02655,Bakhshi,Dhaliwal,bakhshi.dhaliwal92@email.com,9317739324,Hyderabad,860146,26-09-1961,Female,23-03-2025,Bronze,4368.86,10,1
CUST02656,Gabriel,Bajwa,gabriel.bajwa68@email.com,9124234796,Andhra Pradesh,432716,23-11-2004,Female,22-12-2024,Gold,21874.13,150,1
CUST02657,Dakshesh,Hora,dakshesh.hora10@email.com,9531247030,Bangalore,563693,03-06-1961,Male,25-09-2024,Silver,14099.82,31,0
CUST02658,Dalbir,Bhandari,dalbir.bhandari71@email.com,9329743338,Andhra Pradesh,908993,13-01-1965,Male,20-09-2025,Bronze,4714.28,18,1
CUST02659,Sachi,Verma,sachi.verma18@email.com,9313822910,Bangalore,48028,08-05-2004,Other,13-01-2025,Bronze,3791.77,1,1
CUST02660,Gautami,Mallick,gautami.mallick82@email.com,9841245412,Delhi NCR,589290,06-11-2002,Male,12-02-2026,Bronze,4371.12,1,1
CUST02661,Victor,Bawa,victor.bawa77@email.com,9743163842,Hyderabad,376613,15-12-1988,Male,19-05-2025,Bronze,3766,13,1
CUST02662,Onkar,Walla,onkar.walla66@email.com,9464131995,Bangalore,812268,02-02-1965,Male,14-04-2025,Silver,6803.31,137,1
CUST02663,Chavvi,Shanker,chavvi.shanker46@email.com,9158180553,Delhi NCR,705311,08-01-1963,Male,14-04-2025,Silver,8518.29,25,1
CUST02664,Simon,Konda,simon.konda62@email.com,9131523863,Bangalore,967397,26-08-2002,Female,13-08-2025,Bronze,2556.66,1,1
CUST02665,Bina,Dewan,bina.dewan52@email.com,9369425645,Mumbai,891426,24-10-2001,Other,14-01-2025,Silver,13168.85,98,1
CUST02666,Urvi,Reddy,urvi.reddy20@email.com,9178486269,Bangalore,16767,05-07-2007,Male,22-05-2026,Gold,22390.48,102,0
CUST02667,Guneet,Upadhyay,guneet.upadhyay91@email.com,9663600815,Bangalore,762883,22-05-1988,Other,07-07-2026,Gold,18604.21,123,1
CUST02668,Warinder,Sankaran,warinder.sankaran72@email.com,9926375194,Chennai,16276,30-03-1972,Other,20-10-2025,Silver,6184.28,36,1
CUST02669,Nathan,Gour,nathan.gour24@email.com,9243631449,Mumbai,667880,30-04-1999,Female,12-01-2026,Silver,7986.73,134,1
CUST02670,Robert,Sem,robert.sem74@email.com,9214046166,Bangalore,165228,26-02-2004,Other,28-10-2025,Silver,9112.7,91,1
CUST02671,Aadi,Sheth,aadi.sheth27@email.com,9863949771,Bangalore,993598,09-10-1967,Male,31-10-2024,Bronze,2772.11,12,1
CUST02672,Ekiya,Om,ekiya.om29@email.com,9319571988,Andhra Pradesh,772659,20-04-1994,Male,09-05-2025,Bronze,3738.54,4,1
CUST02673,Chaman,Bakshi,chaman.bakshi93@email.com,9733563038,Delhi NCR,858050,23-06-1965,Male,01-07-2026,Bronze,4281.34,12,1
CUST02674,Bina,Dash,bina.dash93@email.com,9610381526,Mumbai,165789,16-05-1973,Female,05-10-2025,Bronze,2665.95,1,1
CUST02675,Ekaraj,Dewan,ekaraj.dewan47@email.com,9417738847,Andhra Pradesh,651887,04-01-1966,Other,03-12-2025,Bronze,4798.9,3,1
CUST02676,Ishaan,Morar,ishaan.morar18@email.com,9112675498,Bangalore,5009,16-01-1973,Male,06-02-2025,Bronze,505.1,17,1
CUST02677,Anamika,Golla,anamika.golla40@email.com,9365287997,Delhi NCR,875703,09-04-2004,Male,30-07-2024,Silver,14981.82,2,1
CUST02678,Lohit,Hayre,lohit.hayre46@email.com,9597203874,Kolkata,112501,09-05-2004,Male,15-08-2025,Gold,19791.78,96,1
CUST02679,Mahika,Banik,mahika.banik71@email.com,9249940012,Kolkata,429069,31-12-1983,Male,10-11-2024,Silver,5745.31,128,1
CUST02680,Pratyush,Edwin,pratyush.edwin41@email.com,9682172254,Mumbai,369318,12-08-1961,Other,12-05-2025,Bronze,2035.48,18,1
CUST02681,Om,Barman,om.barman97@email.com,9682394797,Bangalore,730242,27-09-1986,Male,05-12-2025,Bronze,4506.8,20,1
CUST02682,Pallavi,Dewan,pallavi.dewan81@email.com,9539169961,Hyderabad,975374,29-03-1962,Male,10-01-2026,Bronze,3607.99,15,1
CUST02683,Eta,Talwar,eta.talwar41@email.com,9911711648,Chennai,446956,14-09-2006,Female,13-03-2026,Silver,12344.35,89,0
CUST02684,Warhi,Kumer,warhi.kumer77@email.com,9121662922,Delhi NCR,687354,10-10-1977,Male,17-07-2026,Bronze,2217.42,19,1
CUST02685,Kashish,Kanda,kashish.kanda48@email.com,9737938358,Mumbai,514668,19-01-1997,Other,14-12-2025,Silver,11978.14,105,1
CUST02686,Omya,Pandya,omya.pandya45@email.com,9217684326,Mumbai,483483,20-07-2005,Male,17-07-2026,Silver,9874.52,18,1
CUST02687,Ira,Sanghvi,ira.sanghvi24@email.com,9403724878,Hyderabad,673664,08-10-1995,Other,18-03-2025,Silver,10221.45,114,1
CUST02688,Wridesh,Dube,wridesh.dube28@email.com,9437507371,Chennai,775870,09-02-1995,Male,17-06-2026,Bronze,1208.3,16,1
CUST02689,Bina,Kohli,bina.kohli89@email.com,9676304972,Delhi NCR,698344,21-02-1977,Female,25-05-2026,Gold,33402.12,103,0
CUST02690,Qushi,Nazareth,qushi.nazareth49@email.com,9938266664,Andhra Pradesh,504505,19-09-1962,Female,23-10-2025,Silver,8359.58,3,1
CUST02691,Parth,Wali,parth.wali95@email.com,9545703750,Hyderabad,672007,16-12-1973,Female,20-02-2025,Bronze,1335.66,3,1
CUST02692,Orinder,Hayre,orinder.hayre30@email.com,9139553104,Pune,773729,18-12-1981,Female,12-02-2025,Bronze,2708.54,20,1
CUST02693,Hemani,Agrawal,hemani.agrawal46@email.com,9599835090,Delhi NCR,801625,05-08-1998,Female,16-04-2025,Bronze,3144.5,20,1
CUST02694,Imaran,Pandya,imaran.pandya76@email.com,9428913798,Delhi NCR,204502,24-10-1998,Male,29-09-2024,Silver,5262.77,131,1
CUST02695,Devika,Kadakia,devika.kadakia89@email.com,9756797773,Hyderabad,312794,29-01-2007,Other,02-01-2026,Bronze,2863.98,10,1
CUST02696,Viraj,Kapur,viraj.kapur23@email.com,9252646520,Andhra Pradesh,953111,24-03-1970,Other,19-01-2025,Silver,9628.79,13,1
CUST02697,Ira,Balakrishnan,ira.balakrishnan82@email.com,9472176717,Hyderabad,265274,08-09-1970,Other,19-09-2025,Bronze,4468,17,1
CUST02698,Radha,Rai,radha.rai14@email.com,9442959001,Bangalore,510857,02-10-1975,Male,01-09-2025,Gold,28572.39,42,1
CUST02699,Reyansh,Palla,reyansh.palla28@email.com,9411825276,Bangalore,451460,16-08-2001,Other,18-04-2026,Platinum,60857.84,136,1
CUST02700,Faris,Kata,faris.kata40@email.com,9345613426,Delhi NCR,117455,28-10-1981,Female,25-02-2026,Silver,5945.09,106,1
CUST02701,Thomas,Setty,thomas.setty96@email.com,9655459641,Bangalore,627281,02-11-1988,Male,06-07-2025,Gold,17187.49,62,1
CUST02702,Ryan,Kota,ryan.kota24@email.com,9727523895,Chennai,461215,29-11-1992,Female,04-05-2025,Silver,14875.22,108,0
CUST02703,Pallavi,Ganesan,pallavi.ganesan11@email.com,9131714122,Delhi NCR,412608,27-01-1978,Male,30-08-2025,Bronze,2271.44,13,1
CUST02704,Jagat,Vaidya,jagat.vaidya33@email.com,9214435419,Bangalore,620990,24-05-1989,Female,04-10-2025,Bronze,3956.15,6,0
CUST02705,Vivaan,Chacko,vivaan.chacko63@email.com,9119607078,Kolkata,303995,26-07-1965,Female,21-06-2025,Bronze,925.57,14,1
CUST02706,Wakeeta,Bhargava,wakeeta.bhargava55@email.com,9993912407,Chennai,505998,08-04-1970,Female,30-06-2026,Bronze,1649.58,10,1
CUST02707,Jeremiah,Sahota,jeremiah.sahota74@email.com,9531248639,Delhi NCR,312343,06-09-1996,Male,02-07-2026,Silver,8980.31,58,1
CUST02708,Balvan,Morar,balvan.morar83@email.com,9112840837,Delhi NCR,142025,28-11-2001,Other,12-04-2026,Silver,11943.36,7,1
CUST02709,Xavier,Rattan,xavier.rattan69@email.com,9262759073,Andhra Pradesh,502823,01-11-1967,Female,25-01-2025,Silver,7342.48,110,1
CUST02710,Aadhya,Deo,aadhya.deo58@email.com,9532804208,Bangalore,557672,23-10-2001,Other,03-11-2025,Bronze,2716.97,14,1
CUST02711,Devansh,Choudhary,devansh.choudhary95@email.com,9850186846,Mumbai,490443,03-05-1966,Male,26-08-2025,Platinum,46088.11,13,0
CUST02712,Samaksh,Mistry,samaksh.mistry15@email.com,9162484825,Chennai,695310,17-03-2007,Other,07-12-2025,Bronze,4673.55,12,1
CUST02713,Naksh,Sule,naksh.sule99@email.com,9442301943,Hyderabad,115062,18-01-2007,Male,15-10-2025,Bronze,2981.08,8,1
CUST02714,Ishwar,Sibal,ishwar.sibal50@email.com,9259786566,Delhi NCR,651732,15-03-1995,Other,12-10-2024,Silver,11968.67,48,1
CUST02715,Prisha,Dhaliwal,prisha.dhaliwal96@email.com,9571264403,Mumbai,87392,19-03-1971,Female,02-10-2024,Silver,10683.26,136,1
CUST02716,Yatin,Ranganathan,yatin.ranganathan21@email.com,9340322368,Mumbai,573767,19-04-1968,Other,10-03-2026,Bronze,575.87,18,1
CUST02717,Avi,Parmer,avi.parmer33@email.com,9878427566,Mumbai,987707,02-05-2004,Female,01-03-2025,Bronze,595.09,10,1
CUST02718,Hiral,Buch,hiral.buch87@email.com,9565435070,Mumbai,304450,02-04-1961,Female,07-04-2026,Silver,13513.27,127,1
CUST02719,Peter,Ahuja,peter.ahuja99@email.com,9422257509,Mumbai,683878,04-04-2002,Female,13-08-2024,Bronze,2648.36,6,1
CUST02720,Tanay,Mukherjee,tanay.mukherjee39@email.com,9417617414,Mumbai,29586,07-05-1991,Female,01-03-2026,Bronze,2950.05,9,1
CUST02721,Mekhala,Batta,mekhala.batta84@email.com,9265071462,Mumbai,40934,26-04-1988,Male,31-12-2025,Bronze,3022.56,10,1
CUST02722,Tripti,Pall,tripti.pall10@email.com,9956447395,Bangalore,182368,29-11-1994,Male,30-09-2024,Bronze,4858.03,4,1
CUST02723,Chaitanya,Borra,chaitanya.borra99@email.com,9870100711,Andhra Pradesh,827210,19-11-1981,Female,03-10-2024,Bronze,1145.98,18,1
CUST02724,Yagnesh,Konda,yagnesh.konda47@email.com,9433125450,Mumbai,601842,05-09-1970,Other,20-07-2024,Gold,23488.91,109,1
CUST02725,Guneet,Keer,guneet.keer17@email.com,9358285204,Hyderabad,532083,04-03-2007,Male,05-02-2026,Gold,25022.52,128,1
CUST02726,Faraj,Ram,faraj.ram87@email.com,9406345033,Andhra Pradesh,636038,07-01-1999,Other,25-12-2025,Bronze,4981.23,3,1
CUST02727,Gabriel,Srinivas,gabriel.srinivas58@email.com,9575635025,Hyderabad,690789,22-05-1981,Female,03-12-2025,Bronze,3702.17,12,1
CUST02728,Vedika,Sangha,vedika.sangha35@email.com,9108407813,Delhi NCR,200052,17-01-1966,Other,02-02-2025,Bronze,4666.87,4,1
CUST02729,Harish,Bedi,harish.bedi93@email.com,9724671976,Kolkata,71634,12-09-1998,Female,27-04-2025,Bronze,2862.22,7,1
CUST02730,Ayaan,Walia,ayaan.walia16@email.com,9200676238,Delhi NCR,123708,25-10-1985,Female,18-09-2024,Bronze,2980.48,18,1
CUST02731,Imaran,Buch,imaran.buch68@email.com,9743233297,Pune,454569,15-09-1992,Male,05-11-2024,Bronze,2567.53,1,1
CUST02732,Megha,Padmanabhan,megha.padmanabhan35@email.com,9894445937,Bangalore,619276,21-06-1994,Other,16-09-2024,Bronze,3562.94,19,1
CUST02733,Warinder,Sarna,warinder.sarna25@email.com,9262540983,Mumbai,188626,30-11-1976,Other,15-10-2025,Platinum,72768.67,107,1
CUST02734,Irya,Rattan,irya.rattan51@email.com,9349560226,Mumbai,266783,07-04-1962,Male,03-05-2025,Bronze,2479.41,10,1
CUST02735,Januja,Talwar,januja.talwar83@email.com,9991011970,Mumbai,713887,16-01-1980,Male,18-04-2026,Bronze,3379.33,15,1
CUST02736,Chakradhar,Gandhi,chakradhar.gandhi49@email.com,9528510196,Delhi NCR,346144,25-02-1987,Female,05-06-2026,Bronze,4621.93,7,0
CUST02737,Lakshmi,Goda,lakshmi.goda28@email.com,9767821248,Andhra Pradesh,633041,03-06-1965,Other,04-04-2026,Bronze,3930.24,16,1
CUST02738,Tanvi,Saha,tanvi.saha40@email.com,9706046005,Bangalore,421524,06-05-1995,Female,10-01-2025,Bronze,2303.12,1,1
CUST02739,Isaiah,Ranganathan,isaiah.ranganathan29@email.com,9795825936,Bangalore,364704,21-12-1986,Female,18-03-2025,Gold,22800.5,6,0
CUST02740,Krishna,Yohannan,krishna.yohannan13@email.com,9552675997,Hyderabad,987036,21-01-1998,Other,24-09-2025,Silver,8454.47,27,1
CUST02741,Vihaan,Aggarwal,vihaan.aggarwal88@email.com,9487384333,Kolkata,483793,15-11-1987,Male,04-02-2026,Bronze,563.54,17,1
CUST02742,Utkarsh,Brar,utkarsh.brar95@email.com,9883197885,Hyderabad,922912,20-05-1993,Female,14-07-2026,Bronze,1933.29,14,1
CUST02743,Dalbir,Rajagopal,dalbir.rajagopal74@email.com,9809230634,Delhi NCR,934104,10-12-1963,Male,06-05-2025,Silver,11227.65,59,1
CUST02744,Maanav,Chandra,maanav.chandra70@email.com,9361390752,Andhra Pradesh,872282,27-08-1979,Male,25-07-2025,Bronze,4508.81,7,1
CUST02745,Jeet,Venkataraman,jeet.venkataraman60@email.com,9602653685,Bangalore,18179,19-10-1987,Male,06-12-2025,Bronze,4828.18,1,1
CUST02746,Chatresh,Srinivasan,chatresh.srinivasan65@email.com,9194774140,Bangalore,789849,04-01-1993,Male,12-06-2026,Gold,20118.09,74,0
CUST02747,Bhavani,Sen,bhavani.sen84@email.com,9299713411,Kolkata,522171,22-01-1968,Female,19-02-2025,Bronze,519.3,8,1
CUST02748,Nimrat,Nayak,nimrat.nayak45@email.com,9234546097,Mumbai,581898,28-08-2005,Other,05-10-2024,Silver,10411.63,91,0
CUST02749,Aditya,Sant,aditya.sant95@email.com,9908610956,Bangalore,735631,22-04-1988,Other,20-12-2024,Bronze,2856.09,1,1
CUST02750,Girindra,Ganguly,girindra.ganguly97@email.com,9853373453,Hyderabad,557261,11-01-1989,Female,24-10-2025,Silver,11230.64,126,1
CUST02751,Dalaja,Roy,dalaja.roy80@email.com,9190069759,Bangalore,788119,03-12-1974,Other,30-08-2025,Bronze,2524.51,16,1
CUST02752,Chatresh,Ramanathan,chatresh.ramanathan70@email.com,9550654059,Mumbai,13071,15-07-1989,Other,05-08-2025,Silver,8269.78,90,1
CUST02753,Ijaya,Gulati,ijaya.gulati19@email.com,9700806039,Bangalore,163361,07-01-1977,Male,15-09-2024,Silver,13804.98,52,1
CUST02754,Upma,Vyas,upma.vyas60@email.com,9581261920,Pune,490049,17-05-1964,Female,22-01-2025,Gold,31400.31,32,0
CUST02755,Vamakshi,Gade,vamakshi.gade53@email.com,9345771600,Hyderabad,458583,21-10-1983,Male,08-01-2026,Silver,10079.52,132,0
CUST02756,Oviya,Keer,oviya.keer79@email.com,9959766252,Delhi NCR,274392,13-06-1970,Female,25-06-2026,Silver,11941.23,136,1
CUST02757,Ekanta,Oommen,ekanta.oommen94@email.com,9327937669,Bangalore,741925,30-06-1998,Male,01-06-2026,Silver,14210.79,49,1
CUST02758,Ekalinga,Kumar,ekalinga.kumar33@email.com,9190031214,Mumbai,621236,01-02-1963,Other,20-10-2024,Platinum,39597.66,55,1
CUST02759,Megha,Kaul,megha.kaul65@email.com,9814758633,Pune,541384,18-03-1982,Other,15-01-2025,Silver,5362.43,147,0
CUST02760,Girindra,Murthy,girindra.murthy89@email.com,9154163053,Bangalore,309307,24-03-2001,Other,24-05-2025,Bronze,2879.09,9,0
CUST02761,Geetika,Batra,geetika.batra10@email.com,9484417473,Bangalore,459872,24-05-2003,Female,18-02-2025,Bronze,3648.34,9,1
CUST02762,Azad,Goda,azad.goda76@email.com,9665190995,Hyderabad,773516,19-10-1987,Other,16-08-2025,Bronze,924.94,2,1
CUST02763,Devansh,Bhavsar,devansh.bhavsar37@email.com,9494910160,Hyderabad,397367,04-07-1962,Male,24-07-2025,Bronze,2901.47,10,1
CUST02764,Laban,Dara,laban.dara45@email.com,9465225563,Bangalore,340242,23-10-2004,Male,28-11-2024,Bronze,3477.31,10,1
CUST02765,Onkar,Madan,onkar.madan83@email.com,9143792329,Bangalore,983063,14-02-1973,Other,07-02-2026,Bronze,2608.01,5,1
CUST02766,Wahab,Saraf,wahab.saraf16@email.com,9567333981,Andhra Pradesh,401814,17-04-1980,Female,11-02-2025,Platinum,72885.51,89,1
CUST02767,Om,Minhas,om.minhas43@email.com,9364792752,Hyderabad,202435,17-01-1961,Other,10-01-2026,Silver,12168.61,36,1
CUST02768,Darika,Sarna,darika.sarna38@email.com,9980019678,Bangalore,511861,09-06-1983,Female,06-06-2025,Gold,16650.95,89,1
CUST02769,Anusha,Anand,anusha.anand67@email.com,9746272069,Pune,147539,27-03-1997,Other,11-11-2025,Silver,9396.98,19,1
CUST02770,Dhruv,Hans,dhruv.hans78@email.com,9394807337,Bangalore,54245,24-11-1966,Male,31-12-2025,Platinum,43456.19,29,0
CUST02771,Daksh,Trivedi,daksh.trivedi13@email.com,9891256939,Mumbai,611035,19-08-1986,Other,23-03-2025,Bronze,4507.59,11,1
CUST02772,Amara,Golla,amara.golla77@email.com,9495328992,Bangalore,23766,30-12-1989,Male,13-10-2025,Silver,9153.17,73,1
CUST02773,Pallavi,Ghose,pallavi.ghose84@email.com,9251817384,Kolkata,953386,23-11-1966,Other,02-10-2025,Silver,10184.41,25,1
CUST02774,Zashil,Chander,zashil.chander60@email.com,9787744711,Bangalore,839093,04-05-1981,Female,24-10-2024,Silver,13681.06,120,0
CUST02775,Avni,Dixit,avni.dixit45@email.com,9254080017,Delhi NCR,66283,06-12-1978,Other,01-06-2025,Silver,9321.04,125,1
CUST02776,Rayaan,Jaggi,rayaan.jaggi31@email.com,9687484381,Bangalore,889334,30-09-1974,Female,20-07-2025,Silver,9071.51,49,1
CUST02777,Kamala,Chaudry,kamala.chaudry40@email.com,9587741336,Mumbai,694086,06-03-1985,Female,09-04-2026,Bronze,4969.45,7,1
CUST02778,Bhavna,Gill,bhavna.gill20@email.com,9461427291,Kolkata,382692,12-04-1998,Male,31-03-2025,Bronze,3159.7,2,1
CUST02779,Hemal,Bail,hemal.bail61@email.com,9955474636,Mumbai,435095,24-08-1971,Male,27-02-2026,Bronze,2319.11,19,1
CUST02780,Kashvi,Magar,kashvi.magar72@email.com,9677089835,Delhi NCR,39696,31-10-1979,Male,28-03-2025,Silver,5980.28,34,1
CUST02781,Shaurya,Naidu,shaurya.naidu99@email.com,9401381855,Hyderabad,765047,09-01-1969,Other,02-04-2026,Platinum,72370.74,3,1
CUST02782,Saksham,Agrawal,saksham.agrawal24@email.com,9241825298,Bangalore,995428,28-02-1995,Male,06-07-2025,Bronze,2984.01,3,1
CUST02783,Simon,Maharaj,simon.maharaj16@email.com,9543942722,Mumbai,966866,03-03-1991,Other,18-10-2025,Bronze,1989.66,18,1
CUST02784,Aarna,Shan,aarna.shan73@email.com,9523094837,Delhi NCR,617069,19-01-1964,Male,22-09-2024,Platinum,64950.66,115,0
CUST02785,Advika,Sarraf,advika.sarraf76@email.com,9274020802,Delhi NCR,103847,13-07-1967,Male,05-04-2025,Silver,7417.15,72,1
CUST02786,Manya,Srinivasan,manya.srinivasan47@email.com,9947800618,Hyderabad,665051,26-06-1997,Female,03-02-2026,Bronze,504.63,12,0
CUST02787,Yashasvi,Sami,yashasvi.sami88@email.com,9789089234,Delhi NCR,167449,12-01-2007,Other,05-12-2024,Silver,8909.61,101,1
CUST02788,Samarth,Mander,samarth.mander85@email.com,9192782574,Bangalore,596985,25-10-1961,Male,03-06-2026,Bronze,2733.05,3,1
CUST02789,Arunima,Naik,arunima.naik50@email.com,9659629050,Kolkata,566937,25-11-1983,Female,16-03-2025,Silver,12906.96,87,1
CUST02790,Chakradev,Deshmukh,chakradev.deshmukh41@email.com,9198051736,Delhi NCR,286178,19-07-2000,Male,25-11-2024,Bronze,3087.37,16,1
CUST02791,Garima,Sehgal,garima.sehgal11@email.com,9184672058,Mumbai,402503,21-03-1997,Female,26-03-2025,Bronze,4472.01,14,1
CUST02792,Vritti,Sangha,vritti.sangha19@email.com,9342845160,Andhra Pradesh,648163,01-10-1995,Male,02-12-2025,Silver,5824.47,70,1
CUST02793,Bhavna,Konda,bhavna.konda78@email.com,9182901099,Bangalore,806358,02-06-1984,Female,05-01-2025,Bronze,1076.49,1,1
CUST02794,Anirudh,Chad,anirudh.chad34@email.com,9741204793,Bangalore,127896,13-06-2001,Male,03-04-2025,Gold,24511.49,62,1
CUST02795,Frado,Joshi,frado.joshi33@email.com,9989232643,Bangalore,485277,20-05-1984,Male,29-08-2025,Bronze,3396,11,0
CUST02796,Krisha,Soman,krisha.soman62@email.com,9600009064,Mumbai,365620,08-10-1973,Male,18-02-2026,Bronze,1312.36,11,1
CUST02797,Pahal,Kale,pahal.kale10@email.com,9358112393,Delhi NCR,443946,01-03-1995,Other,16-03-2026,Bronze,2025.14,11,1
CUST02798,Krishna,Konda,krishna.konda18@email.com,9549032165,Hyderabad,181233,11-10-1985,Male,24-06-2025,Silver,7905.38,100,1
CUST02799,Oviya,Chakrabarti,oviya.chakrabarti19@email.com,9738343199,Bangalore,73174,06-08-1979,Male,21-05-2026,Bronze,2356.2,12,1
CUST02800,Ishanvi,Shenoy,ishanvi.shenoy39@email.com,9459952784,Delhi NCR,626263,02-04-1987,Male,28-06-2025,Gold,15187.77,104,0
CUST02801,Dhriti,Barman,dhriti.barman63@email.com,9259843475,Hyderabad,747594,07-02-2007,Other,25-02-2025,Bronze,1990.03,18,1
CUST02802,Wriddhish,Mangal,wriddhish.mangal55@email.com,9330712669,Mumbai,295377,24-10-1977,Female,31-05-2026,Bronze,4492.06,10,1
CUST02803,Ayaan,Khatri,ayaan.khatri73@email.com,9857094307,Pune,676874,01-04-1962,Other,08-02-2025,Silver,6831.84,60,1
CUST02804,Mason,Bajaj,mason.bajaj84@email.com,9154443535,Andhra Pradesh,675149,03-11-1990,Other,16-04-2025,Bronze,3138.99,17,1
CUST02805,Ryan,Misra,ryan.misra14@email.com,9304512301,Andhra Pradesh,157330,15-11-2002,Male,17-10-2025,Silver,11457.83,125,1
CUST02806,Dalbir,Bali,dalbir.bali58@email.com,9723384213,Hyderabad,940656,04-11-1984,Male,01-02-2026,Bronze,3482.11,10,1
CUST02807,Yashawini,Doctor,yashawini.doctor60@email.com,9938979704,Andhra Pradesh,445385,05-02-2005,Female,10-12-2025,Platinum,73107.28,105,1
CUST02808,Pahal,Pau,pahal.pau39@email.com,9617402039,Chennai,523266,19-09-1962,Female,20-11-2025,Bronze,2413.66,17,1
CUST02809,Agastya,Bansal,agastya.bansal69@email.com,9664087714,Mumbai,709110,03-04-1977,Male,11-04-2026,Gold,20317.97,66,1
CUST02810,Darika,Pathak,darika.pathak13@email.com,9997033598,Bangalore,119989,20-10-2000,Other,09-02-2026,Bronze,2652.78,12,1
CUST02811,Mohini,Murthy,mohini.murthy17@email.com,9248187614,Bangalore,181583,08-01-1991,Other,21-03-2026,Bronze,4879.14,16,0
CUST02812,Aradhana,Ratti,aradhana.ratti35@email.com,9771456024,Hyderabad,144776,16-11-1966,Male,18-08-2025,Silver,10387.49,7,1
CUST02813,Nilima,Vaidya,nilima.vaidya37@email.com,9951945272,Chennai,47966,23-03-2006,Other,05-12-2025,Bronze,3871.16,17,1
CUST02814,Leela,Din,leela.din42@email.com,9103807063,Kolkata,525659,08-06-2000,Female,05-05-2025,Bronze,3396.71,2,1
CUST02815,Anay,Vyas,anay.vyas31@email.com,9771268071,Mumbai,423302,17-08-1999,Female,16-01-2026,Gold,31472.36,91,0
CUST02816,Quincy,Taneja,quincy.taneja22@email.com,9703324733,Mumbai,405473,14-12-2002,Other,06-09-2025,Silver,5063.12,31,1
CUST02817,Pahal,Ghosh,pahal.ghosh65@email.com,9876191443,Andhra Pradesh,140513,21-07-1966,Female,04-09-2025,Bronze,1322.47,20,1
CUST02818,Lipika,Puri,lipika.puri68@email.com,9418956391,Mumbai,474733,04-02-1998,Female,19-10-2025,Bronze,2556.11,19,0
CUST02819,Gautam,Kulkarni,gautam.kulkarni72@email.com,9570781676,Pune,852474,16-02-1981,Female,21-04-2026,Gold,16824.81,124,1
CUST02820,Kabir,Agate,kabir.agate77@email.com,9578734542,Chennai,594410,16-04-2006,Female,24-11-2024,Gold,28072.4,61,1
CUST02821,Upkaar,Thaman,upkaar.thaman76@email.com,9880423298,Bangalore,351866,25-08-1981,Male,06-07-2026,Bronze,1086.86,16,1
CUST02822,Watika,Srinivas,watika.srinivas84@email.com,9396642474,Mumbai,131351,11-12-1994,Female,23-12-2025,Platinum,59716.08,142,1
CUST02823,Raghav,Anand,raghav.anand81@email.com,9891532931,Hyderabad,585346,16-03-1982,Male,06-09-2025,Bronze,1441.37,8,1
CUST02824,Farhan,Palla,farhan.palla57@email.com,9782002075,Bangalore,988521,27-10-1993,Other,18-09-2025,Silver,14082.65,108,1
CUST02825,Falak,Oza,falak.oza76@email.com,9342433249,Chennai,984128,27-01-1986,Female,31-03-2025,Gold,25062.32,111,1
CUST02826,Jalsa,Venkataraman,jalsa.venkataraman54@email.com,9110119172,Andhra Pradesh,675923,27-02-1997,Male,24-12-2024,Silver,6049.35,47,0
CUST02827,Gunbir,Kannan,gunbir.kannan49@email.com,9845836505,Mumbai,891800,21-11-1973,Other,04-09-2025,Bronze,2844.48,8,0
CUST02828,Dhruv,Kuruvilla,dhruv.kuruvilla40@email.com,9191262037,Mumbai,342924,25-03-1971,Other,05-10-2024,Gold,32048.29,35,1
CUST02829,Kala,Sheth,kala.sheth80@email.com,9220046672,Andhra Pradesh,91218,10-12-1981,Female,15-11-2024,Platinum,61410.59,107,1
CUST02830,Urmi,Hans,urmi.hans85@email.com,9301719741,Pune,114613,10-07-1977,Other,21-09-2024,Bronze,848.38,17,1
CUST02831,Gaurangi,Parekh,gaurangi.parekh83@email.com,9393152192,Bangalore,301530,18-06-1973,Male,01-09-2024,Gold,24017.52,121,1
CUST02832,Damyanti,Minhas,damyanti.minhas69@email.com,9632780375,Andhra Pradesh,778110,05-07-2002,Female,07-06-2026,Bronze,804.15,16,1
CUST02833,Nikita,Patel,nikita.patel39@email.com,9508681060,Pune,557663,01-05-1981,Other,27-03-2025,Bronze,3735.19,3,1
CUST02834,Chavvi,Dar,chavvi.dar48@email.com,9102426840,Mumbai,991269,28-03-2001,Other,10-02-2025,Gold,28389.01,112,1
CUST02835,Harita,Dua,harita.dua15@email.com,9962658139,Pune,641910,31-01-1989,Female,07-10-2024,Silver,7481.59,20,1
CUST02836,Lavanya,Rai,lavanya.rai41@email.com,9296315905,Chennai,8224,31-08-1969,Female,31-03-2026,Gold,24613.48,64,1
CUST02837,Jatin,Ravel,jatin.ravel74@email.com,9799738610,Bangalore,682217,05-10-1984,Other,08-07-2026,Bronze,1764.87,14,1
CUST02838,Neelima,Garde,neelima.garde98@email.com,9387234246,Hyderabad,996208,19-09-1973,Female,20-11-2025,Bronze,2538.52,3,1
CUST02839,Anika,Taneja,anika.taneja83@email.com,9183248505,Mumbai,5932,07-08-2005,Other,31-03-2026,Silver,8058.67,134,1
CUST02840,Indira,Tailor,indira.tailor65@email.com,9645923064,Mumbai,287032,20-06-1970,Male,10-08-2024,Silver,14819.12,70,1
CUST02841,Chakradhar,Sheth,chakradhar.sheth81@email.com,9460864553,Bangalore,859724,27-07-1973,Male,23-09-2025,Bronze,4474.41,2,1
CUST02842,Ubika,Das,ubika.das47@email.com,9221692316,Mumbai,951452,03-08-1963,Female,01-04-2025,Silver,12047.72,82,1
CUST02843,Yauvani,Bajaj,yauvani.bajaj25@email.com,9724607631,Mumbai,860604,20-02-1998,Female,09-08-2024,Bronze,2358.57,13,1
CUST02844,Oscar,Gopal,oscar.gopal50@email.com,9658898952,Delhi NCR,65474,01-04-1991,Other,03-04-2026,Bronze,2928.97,16,1
CUST02845,Mohini,Om,mohini.om82@email.com,9999227778,Delhi NCR,904189,01-12-1994,Female,31-03-2025,Silver,14505.16,139,1
CUST02846,Rajata,Ramanathan,rajata.ramanathan47@email.com,9347804240,Bangalore,301655,26-11-1989,Female,04-04-2026,Bronze,3007.08,15,1
CUST02847,Krish,Kannan,krish.kannan98@email.com,9374311969,Delhi NCR,888765,04-07-1989,Other,10-01-2026,Bronze,821.99,18,1
CUST02848,Wazir,Borah,wazir.borah87@email.com,9374073104,Delhi NCR,606229,11-02-1962,Female,05-06-2026,Bronze,4640.8,10,1
CUST02849,Gaurang,Chaudhari,gaurang.chaudhari49@email.com,9639807404,Kolkata,860479,28-05-1979,Female,16-12-2025,Bronze,4829.88,2,1
CUST02850,Sanya,Buch,sanya.buch98@email.com,9328606292,Hyderabad,380351,28-12-1977,Female,14-05-2026,Silver,12738.59,146,1
CUST02851,Ekantika,Korpal,ekantika.korpal35@email.com,9641548362,Delhi NCR,944191,19-03-1978,Male,09-07-2025,Bronze,4106.33,16,1
CUST02852,Champak,Pathak,champak.pathak84@email.com,9806667975,Bangalore,472839,08-12-1984,Other,03-06-2026,Bronze,1179.92,1,1
CUST02853,Girik,Rege,girik.rege47@email.com,9492494159,Bangalore,309532,16-04-2005,Female,05-02-2026,Bronze,742.18,7,1
CUST02854,Meera,Tak,meera.tak21@email.com,9941397868,Hyderabad,848868,16-09-1988,Male,27-04-2026,Silver,12211.79,67,1
CUST02855,Garima,Rai,garima.rai10@email.com,9159163657,Andhra Pradesh,925822,23-04-1996,Other,21-06-2026,Platinum,72267.23,119,1
CUST02856,Nitesh,Yadav,nitesh.yadav55@email.com,9905433007,Bangalore,183235,25-10-1974,Female,19-08-2024,Silver,10561.75,138,1
CUST02857,Rajeshri,Uppal,rajeshri.uppal24@email.com,9287669427,Kolkata,684676,15-01-2004,Female,06-08-2025,Bronze,1009.24,14,1
CUST02858,Yadavi,Badami,yadavi.badami13@email.com,9750598697,Andhra Pradesh,458374,26-08-1979,Male,07-10-2025,Bronze,1147.19,11,1
CUST02859,Eshana,Soman,eshana.soman36@email.com,9302350258,Mumbai,213531,17-01-1993,Female,25-03-2025,Silver,11345.45,114,0
CUST02860,Hemangini,Narayan,hemangini.narayan16@email.com,9925823265,Hyderabad,897487,11-05-1979,Male,23-09-2024,Bronze,3579.12,10,1
CUST02861,Devansh,Manne,devansh.manne91@email.com,9913582290,Delhi NCR,267511,17-07-2002,Male,10-11-2025,Gold,19126.11,75,1
CUST02862,Waida,Samra,waida.samra16@email.com,9287078651,Kolkata,534965,17-03-1982,Male,11-09-2024,Bronze,4178.35,5,0
CUST02863,Ishita,Sarin,ishita.sarin35@email.com,9761366154,Mumbai,196789,03-08-1989,Other,18-01-2025,Bronze,3250.47,16,1
CUST02864,Abhiram,Bedi,abhiram.bedi62@email.com,9657549766,Hyderabad,582016,04-08-1973,Female,29-04-2026,Silver,7161.09,7,0
CUST02865,Baljiwan,Chada,baljiwan.chada92@email.com,9458415577,Mumbai,972242,20-02-1969,Female,29-08-2025,Silver,14912.45,100,1
CUST02866,Avni,Kale,avni.kale47@email.com,9597537470,Kolkata,927668,14-11-1963,Male,01-10-2025,Gold,19276.29,2,0
CUST02867,Zinal,Kumar,zinal.kumar66@email.com,9126815153,Mumbai,18040,05-06-1974,Male,17-12-2024,Bronze,1517.57,11,1
CUST02868,Charita,Ahluwalia,charita.ahluwalia84@email.com,9407866721,Mumbai,537358,16-09-1987,Other,24-05-2025,Gold,21697.78,48,1
CUST02869,Vedika,Chawla,vedika.chawla52@email.com,9773455785,Hyderabad,544605,22-03-1977,Male,15-10-2025,Bronze,3784.67,1,1
CUST02870,Mitesh,Ramaswamy,mitesh.ramaswamy51@email.com,9191608679,Chennai,967462,14-04-1994,Other,31-10-2024,Silver,10481.15,149,1
CUST02871,Chanakya,Natarajan,chanakya.natarajan94@email.com,9390902303,Bangalore,649911,30-04-2001,Other,05-01-2026,Bronze,2699.61,8,1
CUST02872,Michael,Wali,michael.wali32@email.com,9675030841,Delhi NCR,672850,01-03-1972,Female,22-09-2024,Gold,30593.02,104,1
CUST02873,Ishanvi,Nagi,ishanvi.nagi72@email.com,9734170179,Delhi NCR,830775,29-04-1982,Female,17-09-2025,Bronze,1958,10,1
CUST02874,Liam,Chakraborty,liam.chakraborty27@email.com,9643398591,Delhi NCR,626439,11-10-1985,Other,22-05-2025,Bronze,2842.39,13,1
CUST02875,Vanya,Vala,vanya.vala72@email.com,9597676583,Mumbai,460789,26-01-1962,Male,24-04-2026,Bronze,4494.08,15,1
CUST02876,Vasana,Oza,vasana.oza53@email.com,9178279781,Mumbai,991981,02-08-1991,Male,28-07-2025,Gold,28918.74,115,1
CUST02877,Kavya,Prabhakar,kavya.prabhakar38@email.com,9815218121,Bangalore,294414,25-08-2001,Female,16-03-2026,Silver,14257.37,112,1
CUST02878,Noah,Nori,noah.nori90@email.com,9124853767,Andhra Pradesh,164982,08-12-1995,Male,27-02-2026,Platinum,36982.55,130,1
CUST02879,Yash,Varughese,yash.varughese62@email.com,9439548219,Kolkata,974776,25-05-1984,Male,08-05-2025,Gold,18959.06,72,1
CUST02880,Eiravati,Bansal,eiravati.bansal33@email.com,9228957128,Hyderabad,55494,08-09-2004,Female,26-03-2026,Bronze,3813.93,11,1
CUST02881,Shivansh,Mohan,shivansh.mohan70@email.com,9991710059,Andhra Pradesh,687715,25-06-1988,Female,31-03-2026,Gold,29505.19,26,1
CUST02882,Owen,Dhaliwal,owen.dhaliwal75@email.com,9990550068,Mumbai,949076,08-10-2007,Female,21-01-2025,Gold,31928.52,144,1
CUST02883,Chanchal,Chowdhury,chanchal.chowdhury26@email.com,9644546173,Chennai,359771,06-01-1964,Male,15-12-2025,Silver,7952.27,18,1
CUST02884,Champak,Choudhary,champak.choudhary19@email.com,9149703785,Bangalore,547734,15-05-2002,Female,07-02-2025,Silver,12251.1,56,1
CUST02885,Wridesh,Bora,wridesh.bora80@email.com,9422831111,Chennai,872255,31-05-1992,Male,10-08-2025,Silver,11254.78,24,1
CUST02886,Gayathri,Rattan,gayathri.rattan72@email.com,9411428419,Hyderabad,135474,10-01-1967,Male,19-05-2025,Bronze,3918.52,18,1
CUST02887,Falguni,Prasad,falguni.prasad53@email.com,9451300022,Kolkata,395232,18-01-1997,Other,28-04-2025,Gold,31758.92,77,1
CUST02888,Kashish,Palla,kashish.palla47@email.com,9266191948,Mumbai,957947,10-03-1985,Female,08-07-2026,Gold,25639.46,143,1
CUST02889,Yachana,Chaudhari,yachana.chaudhari70@email.com,9404121757,Andhra Pradesh,602841,16-09-1973,Other,01-06-2025,Silver,11114.86,19,1
CUST02890,Oliver,Khare,oliver.khare17@email.com,9519277311,Bangalore,470407,22-06-1967,Female,29-01-2025,Silver,14143.12,53,1
CUST02891,Nandini,Saxena,nandini.saxena67@email.com,9189310641,Kolkata,479734,07-01-1969,Male,22-09-2025,Bronze,3530.48,3,1
CUST02892,Ikshita,Nagarajan,ikshita.nagarajan61@email.com,9557922206,Bangalore,83745,07-12-1987,Female,15-08-2024,Silver,9028.24,48,1
CUST02893,Jason,Shenoy,jason.shenoy66@email.com,9508291149,Chennai,396101,10-11-1991,Female,14-04-2025,Bronze,3679.83,3,1
CUST02894,Azaan,Baral,azaan.baral67@email.com,9752878044,Chennai,706794,26-08-1999,Male,12-08-2024,Silver,12966.92,101,1
CUST02895,Vrinda,Sankaran,vrinda.sankaran36@email.com,9191447958,Kolkata,855162,09-01-1968,Male,19-02-2026,Platinum,47340.39,4,1
CUST02896,Janya,Khalsa,janya.khalsa57@email.com,9454704056,Mumbai,763536,03-09-1993,Female,20-01-2025,Bronze,3405.24,20,1
CUST02897,Jhalak,Parekh,jhalak.parekh76@email.com,9453472451,Mumbai,70722,19-11-1996,Female,09-09-2025,Bronze,1935.32,15,1
CUST02898,Tanish,Madan,tanish.madan62@email.com,9252743562,Hyderabad,335139,16-01-1961,Female,13-09-2024,Bronze,666.98,9,1
CUST02899,Anita,Gupta,anita.gupta37@email.com,9325564819,Andhra Pradesh,974274,13-05-2002,Male,10-01-2025,Bronze,517.5,3,1
CUST02900,Rachana,Ravel,rachana.ravel51@email.com,9319162180,Hyderabad,579671,22-10-2007,Male,11-02-2025,Bronze,4222.42,17,1
CUST02901,Zinal,Bains,zinal.bains42@email.com,9247494998,Chennai,7356,15-05-1985,Other,26-09-2025,Bronze,1531.28,6,1
CUST02902,Mitesh,Ramakrishnan,mitesh.ramakrishnan66@email.com,9737584781,Mumbai,825263,03-08-1992,Other,07-04-2026,Bronze,4893.54,20,1
CUST02903,Aishani,Bir,aishani.bir64@email.com,9127582154,Bangalore,886691,26-07-1966,Other,08-04-2026,Platinum,63425.86,49,1
CUST02904,Jonathan,Dave,jonathan.dave71@email.com,9262306503,Hyderabad,214252,30-03-1986,Male,20-09-2024,Bronze,1498.2,14,1
CUST02905,Hritik,Suresh,hritik.suresh19@email.com,9902110690,Andhra Pradesh,594657,09-07-1978,Male,18-11-2025,Bronze,4538.82,3,1
CUST02906,Anjali,Purohit,anjali.purohit62@email.com,9832338921,Chennai,325544,30-09-1965,Female,10-10-2024,Bronze,2169.5,5,1
CUST02907,Gunbir,Walia,gunbir.walia34@email.com,9801546315,Chennai,136738,16-10-1961,Male,02-01-2026,Silver,13148.22,110,0
CUST02908,Hamsini,Dhawan,hamsini.dhawan36@email.com,9307073534,Mumbai,388193,19-10-1990,Other,29-04-2026,Silver,11938.25,31,1
CUST02909,Pushti,Varghese,pushti.varghese47@email.com,9654962730,Hyderabad,184714,17-07-1986,Other,20-12-2025,Silver,8056.03,106,1
CUST02910,Krish,Gandhi,krish.gandhi11@email.com,9216685970,Bangalore,148333,28-07-1982,Male,10-02-2025,Platinum,46790.31,87,1
CUST02911,Darpan,Chatterjee,darpan.chatterjee44@email.com,9114290176,Bangalore,272836,28-04-1961,Female,16-12-2024,Silver,7088.85,15,1
CUST02912,Aarav,Trivedi,aarav.trivedi27@email.com,9290370004,Kolkata,647709,07-04-1961,Female,10-06-2025,Silver,14858.8,26,1
CUST02913,Vasudha,Saran,vasudha.saran89@email.com,9410460210,Mumbai,837629,10-12-1985,Female,20-07-2024,Silver,11305.42,54,1
CUST02914,Vasudha,Sama,vasudha.sama47@email.com,9389098069,Mumbai,162172,23-05-1963,Female,21-02-2025,Silver,11389.92,55,1
CUST02915,Zaitra,Rana,zaitra.rana14@email.com,9722830142,Hyderabad,418693,04-08-1963,Male,09-01-2025,Bronze,3654.33,18,1
CUST02916,Neel,Ram,neel.ram45@email.com,9965579193,Bangalore,564967,10-11-1980,Female,10-10-2024,Gold,29100.2,53,1
CUST02917,Fiyaz,Rattan,fiyaz.rattan64@email.com,9660391316,Delhi NCR,539064,11-04-1999,Female,12-08-2024,Silver,13150.01,60,1
CUST02918,Vidhi,Aurora,vidhi.aurora49@email.com,9472456759,Bangalore,425197,02-01-2007,Female,28-08-2024,Silver,7072.56,37,1
CUST02919,Jatin,Biswas,jatin.biswas56@email.com,9683762041,Bangalore,891368,23-03-1970,Female,11-10-2025,Gold,19432.98,81,1
CUST02920,Mahika,Shetty,mahika.shetty15@email.com,9307923609,Chennai,742153,07-02-1965,Female,25-10-2025,Platinum,59327.51,113,1
CUST02921,Yuvraj,Rao,yuvraj.rao22@email.com,9543127028,Mumbai,526022,29-03-1968,Other,11-06-2025,Bronze,2880.34,6,1
CUST02922,Aryan,Uppal,aryan.uppal11@email.com,9491187830,Hyderabad,548029,30-04-1976,Male,19-12-2024,Gold,30690.18,48,0
CUST02923,Jhalak,Kashyap,jhalak.kashyap78@email.com,9169249829,Chennai,391065,28-01-1991,Male,19-01-2025,Silver,8517.48,131,1
CUST02924,Eta,Chad,eta.chad44@email.com,9743054933,Pune,454693,09-07-2007,Other,17-01-2026,Bronze,875.86,3,1
CUST02925,Hemani,Das,hemani.das30@email.com,9817512328,Mumbai,214012,03-07-1997,Female,23-01-2025,Bronze,4159.89,1,1
CUST02926,Ranbir,Chadha,ranbir.chadha35@email.com,9718568788,Chennai,589799,11-05-1961,Male,11-07-2026,Bronze,4330,16,0
CUST02927,Thomas,Nori,thomas.nori64@email.com,9967422581,Pune,177170,18-08-1973,Other,12-08-2024,Bronze,3465.71,11,1
CUST02928,Hemani,Roy,hemani.roy24@email.com,9264754322,Andhra Pradesh,94124,02-02-2008,Female,10-05-2025,Bronze,2608.51,9,1
CUST02929,Aayush,Narayan,aayush.narayan78@email.com,9899499041,Hyderabad,648389,17-05-1982,Other,27-12-2024,Gold,33928.52,35,1
CUST02930,William,Sem,william.sem55@email.com,9233110501,Delhi NCR,841876,06-09-1991,Male,14-07-2025,Bronze,1469.64,6,0
CUST02931,Rajata,Bhat,rajata.bhat83@email.com,9234467548,Andhra Pradesh,643459,07-07-1991,Female,25-12-2025,Bronze,3830.99,13,1
CUST02932,Viraj,Buch,viraj.buch85@email.com,9529200880,Bangalore,303324,10-01-2000,Male,24-03-2026,Platinum,46797.29,89,1
CUST02933,Osha,Seth,osha.seth81@email.com,9237532183,Chennai,745104,27-06-1997,Female,21-02-2025,Bronze,3259.77,8,1
CUST02934,Caleb,Mitter,caleb.mitter14@email.com,9727038426,Mumbai,318156,16-11-1961,Other,14-05-2026,Silver,12891.14,34,1
CUST02935,Harita,Mann,harita.mann36@email.com,9890584364,Bangalore,707995,31-12-1999,Male,26-01-2026,Bronze,4536.38,1,1
CUST02936,Chandani,Sood,chandani.sood51@email.com,9860358802,Bangalore,111079,16-09-1992,Other,18-05-2025,Bronze,3450.51,17,1
CUST02937,Damyanti,Sengupta,damyanti.sengupta24@email.com,9954978791,Hyderabad,456572,16-05-1995,Other,30-09-2025,Bronze,3327.4,9,1
CUST02938,Tamanna,Doshi,tamanna.doshi73@email.com,9775811589,Bangalore,693485,23-10-1978,Male,28-12-2025,Bronze,4922.97,2,0
CUST02939,Aryan,Jani,aryan.jani56@email.com,9300327925,Bangalore,984685,30-11-1988,Male,26-07-2024,Bronze,976.9,20,1
CUST02940,Radha,Raghavan,radha.raghavan14@email.com,9425415796,Hyderabad,613826,30-10-1997,Male,22-07-2025,Bronze,3319.21,19,1
CUST02941,Bahadurjit,Savant,bahadurjit.savant10@email.com,9752338054,Mumbai,779570,25-01-2005,Female,24-12-2024,Silver,13696.09,119,1
CUST02942,Niharika,Dhawan,niharika.dhawan16@email.com,9854327482,Delhi NCR,377927,17-04-1965,Female,20-12-2025,Silver,12706.18,104,0
CUST02943,Frederick,Bhakta,frederick.bhakta26@email.com,9113689589,Mumbai,351289,02-02-1989,Female,28-11-2024,Bronze,1028.61,5,1
CUST02944,Rachit,Bali,rachit.bali51@email.com,9586016015,Pune,824323,26-08-1973,Other,31-12-2025,Bronze,1927.81,18,1
CUST02945,Wyatt,Ben,wyatt.ben91@email.com,9407001446,Chennai,399344,06-05-1986,Other,04-08-2024,Platinum,44339.38,148,1
CUST02946,Nandini,Bala,nandini.bala40@email.com,9366441635,Bangalore,943069,10-12-1983,Female,08-12-2025,Bronze,1346.34,15,0
CUST02947,Kalpit,Halder,kalpit.halder30@email.com,9103987253,Andhra Pradesh,786529,03-05-1981,Male,26-09-2024,Gold,29132.96,99,1
CUST02948,Laban,Tiwari,laban.tiwari79@email.com,9133658591,Chennai,370064,26-10-1977,Male,03-09-2025,Bronze,3067.41,13,1
CUST02949,Gayathri,Mani,gayathri.mani86@email.com,9563793024,Mumbai,531198,19-03-1961,Male,01-02-2025,Silver,14760.1,117,1
CUST02950,Ojas,Pathak,ojas.pathak44@email.com,9709064230,Hyderabad,428053,07-10-1990,Other,01-06-2025,Bronze,1061.24,3,1
CUST02951,Chasmum,Deo,chasmum.deo28@email.com,9984142000,Delhi NCR,507868,13-08-1996,Male,25-11-2025,Bronze,2698.06,2,1
CUST02952,Sanya,Ranganathan,sanya.ranganathan90@email.com,9427784002,Hyderabad,203922,14-11-1968,Other,27-01-2025,Silver,10352.49,77,1
CUST02953,Falan,Srivastava,falan.srivastava27@email.com,9847016718,Andhra Pradesh,195866,04-10-1974,Male,20-10-2025,Bronze,1156.61,12,1
CUST02954,Karan,Zacharia,karan.zacharia85@email.com,9680579449,Pune,987287,12-05-1974,Other,20-04-2026,Bronze,590.16,4,1
CUST02955,Faraj,Krishnamurthy,faraj.krishnamurthy43@email.com,9379236910,Bangalore,495629,30-03-1968,Female,21-07-2025,Bronze,628.81,16,1
CUST02956,Manya,Mukherjee,manya.mukherjee53@email.com,9221086575,Mumbai,160332,04-06-1997,Female,23-09-2025,Bronze,2732.5,12,1
CUST02957,Yashawini,Ahuja,yashawini.ahuja55@email.com,9136730963,Delhi NCR,5102,31-05-1996,Male,31-07-2025,Bronze,2512,12,1
CUST02958,Devika,Nigam,devika.nigam94@email.com,9953357392,Chennai,202201,30-10-1993,Male,24-04-2025,Silver,12018.42,52,1
CUST02959,Chameli,Peri,chameli.peri95@email.com,9344958540,Mumbai,164879,26-11-1969,Other,11-12-2025,Platinum,41366.33,121,1
CUST02960,Ekansh,Bhakta,ekansh.bhakta51@email.com,9899029904,Bangalore,662750,12-03-1967,Female,20-04-2025,Bronze,1915.7,4,1
CUST02961,Onveer,Ravi,onveer.ravi60@email.com,9389849793,Delhi NCR,442036,26-04-1964,Female,26-07-2025,Bronze,2608.41,1,1
CUST02962,Harita,Master,harita.master78@email.com,9597778945,Andhra Pradesh,309587,12-03-1970,Male,18-06-2026,Bronze,669.15,2,1
CUST02963,Wazir,Kalita,wazir.kalita77@email.com,9283833517,Mumbai,806014,20-05-1983,Male,28-06-2025,Silver,9753.61,12,0
CUST02964,Mitesh,Karnik,mitesh.karnik70@email.com,9638639910,Delhi NCR,671485,01-08-1994,Female,15-01-2026,Bronze,554.93,14,1
CUST02965,Harish,Sharma,harish.sharma15@email.com,9120136824,Hyderabad,150196,28-04-1994,Female,03-11-2025,Bronze,3721.31,7,1
CUST02966,Vasudha,Deo,vasudha.deo49@email.com,9346690502,Andhra Pradesh,925192,10-09-1963,Other,18-10-2024,Bronze,2051.94,18,0
CUST02967,Mohammed,Pandit,mohammed.pandit93@email.com,9962829510,Mumbai,332970,30-10-1978,Male,07-10-2025,Bronze,538.35,1,0
CUST02968,Rudra,Sood,rudra.sood14@email.com,9563198076,Bangalore,829158,13-07-2003,Female,23-06-2026,Bronze,4151.26,14,1
CUST02969,Kamya,Naidu,kamya.naidu33@email.com,9385253218,Delhi NCR,163971,07-10-1979,Other,28-10-2025,Bronze,1104.11,9,1
CUST02970,Nitesh,Bahl,nitesh.bahl29@email.com,9283361916,Bangalore,574142,23-11-1980,Other,26-09-2025,Bronze,619.38,16,1
CUST02971,Unni,Khanna,unni.khanna58@email.com,9953876852,Hyderabad,262591,27-09-1995,Male,06-07-2026,Silver,9235.18,64,1
CUST02972,Wazir,Boase,wazir.boase28@email.com,9578592420,Andhra Pradesh,497736,04-12-1991,Male,25-07-2025,Bronze,4334.39,14,0
CUST02973,Onveer,Kuruvilla,onveer.kuruvilla79@email.com,9852143042,Delhi NCR,343549,07-01-1992,Female,25-08-2025,Bronze,3935.58,6,1
CUST02974,Warhi,Gala,warhi.gala56@email.com,9389624024,Delhi NCR,571564,16-09-1975,Other,12-06-2026,Silver,9288.88,59,1
CUST02975,Zarna,Bassi,zarna.bassi26@email.com,9852803439,Pune,990348,05-08-2004,Male,01-08-2024,Bronze,2757.44,2,1
CUST02976,Chaman,Dass,chaman.dass22@email.com,9539183246,Mumbai,796000,05-03-1999,Male,25-02-2025,Gold,20136.16,112,1
CUST02977,Aditya,Bhatti,aditya.bhatti87@email.com,9713849028,Bangalore,573762,22-02-1980,Other,31-05-2026,Bronze,1693.08,3,1
CUST02978,Oliver,Ravi,oliver.ravi18@email.com,9802804406,Andhra Pradesh,225492,18-10-1962,Other,05-01-2025,Bronze,2284.79,12,1
CUST02979,Nitara,Kashyap,nitara.kashyap28@email.com,9566438476,Hyderabad,914015,22-08-1970,Other,15-07-2025,Gold,17956.28,143,1
CUST02980,Wyatt,Chopra,wyatt.chopra32@email.com,9634268799,Hyderabad,722641,23-02-1978,Female,03-08-2025,Silver,12381.42,103,1
CUST02981,Falguni,Sama,falguni.sama85@email.com,9825278342,Mumbai,18429,16-09-1975,Other,02-01-2025,Bronze,3618.89,15,1
CUST02982,Forum,Wable,forum.wable15@email.com,9953218967,Bangalore,742298,02-12-2003,Other,22-01-2025,Bronze,4086.67,8,1
CUST02983,Ekantika,Sahni,ekantika.sahni45@email.com,9698185546,Hyderabad,771539,25-11-1961,Female,23-03-2026,Gold,16663.06,138,1
CUST02984,Om,Ganesan,om.ganesan77@email.com,9804761636,Delhi NCR,247365,08-04-1961,Other,20-08-2024,Gold,17179.15,72,1
CUST02985,Samaksh,Dhar,samaksh.dhar96@email.com,9168594305,Delhi NCR,900647,19-03-1988,Male,08-09-2024,Gold,24513.11,79,0
CUST02986,Devika,Mitra,devika.mitra61@email.com,9112916469,Delhi NCR,787355,24-03-1978,Other,11-12-2025,Bronze,2563.58,10,0
CUST02987,Charles,Mander,charles.mander45@email.com,9928148931,Kolkata,316979,27-04-1970,Male,31-01-2026,Gold,28366.58,76,1
CUST02988,Darsh,Sant,darsh.sant83@email.com,9998775516,Andhra Pradesh,549393,10-05-1981,Female,13-01-2025,Silver,7847.61,136,1
CUST02989,Mugdha,Bahl,mugdha.bahl44@email.com,9864784689,Bangalore,539252,26-06-1995,Female,17-07-2025,Platinum,73862.19,86,1
CUST02990,Tristan,Natt,tristan.natt36@email.com,9862056460,Mumbai,338133,20-11-1961,Female,13-07-2026,Bronze,2962.69,18,1
CUST02991,Vasana,Kaul,vasana.kaul86@email.com,9577339049,Pune,533023,04-05-1989,Female,15-03-2025,Bronze,4651.17,13,1
CUST02992,Harrison,Gola,harrison.gola50@email.com,9627029576,Mumbai,474098,07-01-1986,Female,13-12-2024,Silver,9887.72,102,1
CUST02993,Tara,Dugar,tara.dugar98@email.com,9259902487,Chennai,335051,02-10-1987,Female,24-08-2024,Silver,9295.28,137,1
CUST02994,Jeremiah,Kothari,jeremiah.kothari33@email.com,9335543641,Delhi NCR,510715,21-10-1984,Other,26-03-2025,Platinum,54235.86,101,1
CUST02995,Wishi,Bhagat,wishi.bhagat51@email.com,9585761904,Mumbai,42245,23-04-1987,Male,12-03-2025,Bronze,795.03,14,0
CUST02996,Ekavir,Brar,ekavir.brar53@email.com,9795926932,Delhi NCR,551253,20-04-1995,Other,31-03-2026,Bronze,1687.49,11,1
CUST02997,Balendra,Sunder,balendra.sunder20@email.com,9881229866,Bangalore,913505,27-09-1975,Other,04-02-2026,Bronze,3777.06,5,1
CUST02998,Dayita,Kumar,dayita.kumar73@email.com,9138416584,Hyderabad,971575,26-11-1984,Other,07-08-2025,Gold,30438.15,97,1
CUST02999,Jairaj,Ramanathan,jairaj.ramanathan30@email.com,9839300340,Hyderabad,328246,16-04-1977,Other,31-07-2024,Gold,16938.44,104,1
CUST03000,Qushi,Dara,qushi.dara60@email.com,9597855581,Mumbai,218563,17-01-1982,Male,28-10-2024,Bronze,2995.54,18,0
CUST03001,Aditya,Acharya,aditya.acharya96@email.com,9593068979,Mumbai,615042,09-04-1964,Other,19-03-2025,Bronze,2996.6,4,1
CUST03002,Lekha,Tella,lekha.tella99@email.com,9212666076,Hyderabad,697714,19-06-1973,Female,01-01-2026,Silver,11717.09,22,1
CUST03003,Tanveer,Sami,tanveer.sami62@email.com,9779903226,Bangalore,809010,24-11-1965,Other,29-06-2026,Silver,12936.67,111,1
CUST03004,Bhavani,Sahni,bhavani.sahni21@email.com,9501527723,Andhra Pradesh,39278,27-03-1996,Other,11-08-2025,Gold,29468.1,49,1
CUST03005,Guneet,Yogi,guneet.yogi10@email.com,9942119491,Bangalore,46163,22-04-1998,Other,28-08-2025,Bronze,690.91,9,1
CUST03006,Ishaan,Reddy,ishaan.reddy61@email.com,9675314454,Mumbai,851856,04-02-2001,Other,22-08-2024,Gold,19440.29,122,1
CUST03007,Inaya,Banik,inaya.banik47@email.com,9221467528,Mumbai,568826,12-02-1993,Female,01-12-2024,Silver,13037.23,21,1
CUST03008,Bakhshi,Arora,bakhshi.arora17@email.com,9994085164,Delhi NCR,272081,12-05-2006,Female,19-12-2025,Bronze,3235.56,16,1
CUST03009,Bina,Sem,bina.sem37@email.com,9427461963,Bangalore,373564,02-10-1961,Female,15-07-2025,Gold,34931.82,116,1
CUST03010,Zaitra,Kapoor,zaitra.kapoor82@email.com,9430500231,Hyderabad,830697,18-12-1995,Female,28-02-2026,Bronze,3770.93,5,0
CUST03011,Kamya,Chauhan,kamya.chauhan30@email.com,9203419637,Delhi NCR,549836,13-12-1991,Other,10-06-2026,Silver,12322.74,25,1
CUST03012,Fariq,Lad,fariq.lad94@email.com,9727699118,Chennai,749066,26-05-1996,Male,22-08-2025,Bronze,2247.48,16,1
CUST03013,Omisha,Sengupta,omisha.sengupta51@email.com,9992610515,Chennai,185711,20-06-1989,Other,11-03-2025,Bronze,4884.68,5,1
CUST03014,Irya,Sankar,irya.sankar49@email.com,9109442759,Chennai,595634,27-06-1977,Female,07-07-2026,Bronze,3870.22,7,1
CUST03015,Gaurav,Thakur,gaurav.thakur85@email.com,9206671835,Hyderabad,739200,18-09-1969,Other,15-04-2025,Bronze,901.71,10,0
CUST03016,Hiral,Sangha,hiral.sangha65@email.com,9777275186,Chennai,337773,20-10-1961,Other,25-12-2025,Silver,12936.26,134,1
CUST03017,Ryan,Chaudhary,ryan.chaudhary81@email.com,9338396506,Mumbai,787192,31-10-1988,Other,09-10-2024,Gold,26896.66,36,1
CUST03018,Kamya,Mandal,kamya.mandal87@email.com,9425364701,Hyderabad,201240,21-12-1969,Female,05-05-2025,Bronze,3713.85,12,0
CUST03019,Bina,Nazareth,bina.nazareth59@email.com,9158939958,Bangalore,5490,25-01-1995,Female,16-02-2026,Bronze,4211.93,5,1
CUST03020,Balhaar,Joshi,balhaar.joshi23@email.com,9605906102,Andhra Pradesh,673887,28-09-1969,Male,15-03-2025,Bronze,3991.09,9,1
CUST03021,Krishna,Chatterjee,krishna.chatterjee56@email.com,9627946442,Mumbai,303438,03-07-1975,Other,09-03-2026,Bronze,2177.73,13,1
CUST03022,Daniel,Bala,daniel.bala18@email.com,9379074348,Andhra Pradesh,914352,28-05-2002,Other,13-03-2025,Bronze,4195.9,7,1
CUST03023,Upkaar,Badami,upkaar.badami50@email.com,9859493366,Hyderabad,417996,02-12-1981,Female,13-02-2025,Bronze,4101.14,17,1
CUST03024,Odika,Ram,odika.ram71@email.com,9101021702,Bangalore,897351,23-01-1996,Female,31-10-2025,Bronze,2110.57,9,1
CUST03025,Krishna,Dugar,krishna.dugar78@email.com,9581269538,Delhi NCR,527560,30-10-1960,Male,23-11-2024,Silver,7532.61,90,0
CUST03026,Joshua,Krish,joshua.krish15@email.com,9577140621,Bangalore,234056,26-05-1992,Other,03-07-2025,Gold,15974.65,66,1
CUST03027,Harsh,Gour,harsh.gour38@email.com,9194455674,Mumbai,158904,05-07-1967,Other,04-07-2026,Gold,22489.51,65,1
CUST03028,Zaitra,Gandhi,zaitra.gandhi51@email.com,9280323362,Mumbai,516660,13-06-1997,Other,01-04-2026,Bronze,2620.47,20,1
CUST03029,Ishwar,Gole,ishwar.gole87@email.com,9200064839,Andhra Pradesh,927884,16-04-1979,Female,30-07-2025,Gold,28312.86,67,1
CUST03030,Bahadurjit,Raj,bahadurjit.raj32@email.com,9158442963,Delhi NCR,615276,27-02-2002,Other,25-03-2025,Bronze,2618.81,1,0
CUST03031,Baghyawati,Mitter,baghyawati.mitter95@email.com,9500256136,Delhi NCR,202248,12-09-1970,Male,29-01-2025,Bronze,1266.31,7,1
CUST03032,Maya,Halder,maya.halder74@email.com,9480309932,Bangalore,373714,09-07-1985,Female,19-08-2024,Bronze,4736.76,14,0
CUST03033,Upkaar,Borah,upkaar.borah24@email.com,9696134873,Andhra Pradesh,802669,31-10-1968,Female,02-07-2026,Bronze,3452.7,6,1
CUST03034,Adya,Dara,adya.dara75@email.com,9260129518,Bangalore,960610,29-06-1978,Other,05-07-2025,Bronze,4206.95,8,1
CUST03035,George,Thaker,george.thaker97@email.com,9562819309,Andhra Pradesh,199256,23-04-2005,Male,25-12-2025,Bronze,3262.4,6,1
CUST03036,Luke,Modi,luke.modi62@email.com,9776734079,Andhra Pradesh,688341,18-08-1963,Other,05-01-2025,Silver,12997.21,24,1
CUST03037,Adweta,Brar,adweta.brar88@email.com,9547573620,Bangalore,131811,25-10-1998,Female,22-11-2025,Silver,14309.45,7,1
CUST03038,Hemang,Muni,hemang.muni93@email.com,9822870753,Hyderabad,513251,28-10-1990,Female,27-05-2026,Silver,6504.93,27,0
CUST03039,Aarnav,Mukherjee,aarnav.mukherjee56@email.com,9843983573,Delhi NCR,708560,05-07-1999,Other,16-02-2026,Bronze,3487.6,10,1
CUST03040,Anvi,Batta,anvi.batta84@email.com,9559397254,Hyderabad,714878,08-01-1975,Female,09-09-2024,Silver,5262.64,114,1
CUST03041,Anthony,Hora,anthony.hora47@email.com,9201515727,Bangalore,456457,23-01-1969,Female,03-03-2026,Bronze,2953.12,12,1
CUST03042,Michael,Shankar,michael.shankar91@email.com,9470084670,Hyderabad,794074,29-05-1962,Female,06-01-2025,Silver,8553.38,124,1
CUST03043,Tanish,Sengupta,tanish.sengupta95@email.com,9764952267,Pune,499987,19-10-1960,Male,30-10-2025,Platinum,55195.02,135,1
CUST03044,Victor,Koshy,victor.koshy53@email.com,9380445953,Delhi NCR,369412,04-06-2003,Other,28-05-2025,Silver,11128.34,116,1
CUST03045,Charita,Bobal,charita.bobal14@email.com,9391126310,Bangalore,603267,28-05-1984,Male,15-01-2025,Bronze,3462.38,13,0
CUST03046,Dhruv,Bath,dhruv.bath62@email.com,9232361884,Andhra Pradesh,763101,15-05-1962,Male,05-09-2025,Gold,28540.37,75,1
CUST03047,Nidra,Natarajan,nidra.natarajan59@email.com,9586410717,Andhra Pradesh,612536,04-02-1963,Other,15-05-2025,Bronze,4185.39,12,1
CUST03048,Bhavya,Bail,bhavya.bail95@email.com,9800537896,Mumbai,474867,04-05-2001,Male,08-03-2025,Gold,30031.61,35,1
CUST03049,Kritika,Venkataraman,kritika.venkataraman53@email.com,9232051437,Bangalore,848170,02-10-2004,Male,25-01-2025,Bronze,3549.93,3,0
CUST03050,Nidra,Chhabra,nidra.chhabra17@email.com,9420019456,Chennai,77017,21-08-1993,Male,04-03-2026,Bronze,2940.64,1,1
CUST03051,Tristan,Srivastava,tristan.srivastava13@email.com,9114687335,Bangalore,949330,09-10-1990,Other,31-08-2025,Bronze,2627.16,3,1
CUST03052,Harshil,Choudhry,harshil.choudhry18@email.com,9452787237,Hyderabad,719600,20-06-1979,Male,08-11-2025,Gold,17130.73,80,1
CUST03053,Arjun,Garde,arjun.garde77@email.com,9413569010,Andhra Pradesh,444155,29-10-2000,Female,11-06-2025,Bronze,4827.52,10,1
CUST03054,Sara,Mammen,sara.mammen46@email.com,9203354185,Bangalore,338496,09-04-2008,Other,06-07-2026,Silver,10574.56,12,1
CUST03055,Hema,Prasad,hema.prasad67@email.com,9217640139,Mumbai,391703,24-06-1976,Male,23-04-2025,Platinum,63967.49,56,1
CUST03056,Yagnesh,Agarwal,yagnesh.agarwal78@email.com,9272613980,Bangalore,499926,07-03-2003,Female,27-05-2025,Silver,13883.96,97,1
CUST03057,Ijaya,Kala,ijaya.kala15@email.com,9430389434,Bangalore,197731,21-06-1991,Male,02-01-2025,Bronze,3499.12,8,1
CUST03058,Chavvi,Sane,chavvi.sane76@email.com,9338981898,Hyderabad,487238,18-04-1984,Female,05-05-2026,Silver,12769.57,133,1
CUST03059,Krisha,Narayan,krisha.narayan80@email.com,9119110479,Andhra Pradesh,927687,19-09-2005,Other,27-09-2024,Gold,33025.49,124,1
CUST03060,Advika,Brar,advika.brar33@email.com,9287980920,Pune,493179,14-02-1987,Male,25-06-2025,Silver,14423.36,12,1
CUST03061,Bahadurjit,Sani,bahadurjit.sani34@email.com,9851309266,Hyderabad,558173,14-04-1982,Male,12-07-2025,Silver,12468.99,26,0
CUST03062,Jeremiah,Dani,jeremiah.dani36@email.com,9183465746,Andhra Pradesh,625069,21-06-1998,Other,05-11-2025,Bronze,3004.91,18,1
CUST03063,Raghav,Prabhakar,raghav.prabhakar83@email.com,9859625726,Delhi NCR,646398,09-10-2007,Male,23-10-2025,Silver,12374.81,26,1
CUST03064,Sara,Aurora,sara.aurora13@email.com,9447930082,Mumbai,455703,30-04-2001,Female,26-01-2026,Silver,11509.18,107,1
CUST03065,Wazir,Krishna,wazir.krishna22@email.com,9303500021,Delhi NCR,718669,26-10-1970,Other,25-04-2025,Bronze,3665.6,20,1
CUST03066,Ekanta,Date,ekanta.date83@email.com,9202235511,Bangalore,509260,11-01-1961,Female,24-08-2024,Bronze,1266.35,12,1
CUST03067,Faris,Choudhry,faris.choudhry30@email.com,9253143416,Bangalore,156161,20-05-2000,Other,10-07-2025,Silver,10830.29,141,1
CUST03068,Reyansh,Kuruvilla,reyansh.kuruvilla22@email.com,9955070468,Hyderabad,981213,18-08-1960,Male,23-08-2024,Bronze,3479.49,3,1
CUST03069,Yauvani,Dey,yauvani.dey24@email.com,9490236069,Delhi NCR,846990,06-11-2006,Female,02-01-2026,Silver,6962.12,20,1
CUST03070,Nidhi,Sridhar,nidhi.sridhar90@email.com,9438846073,Kolkata,331044,23-07-1996,Other,22-10-2024,Bronze,2008.13,2,1
CUST03071,Wakeeta,Shukla,wakeeta.shukla10@email.com,9451157766,Andhra Pradesh,655619,21-12-1969,Male,24-10-2024,Silver,9129.66,46,0
CUST03072,Ekbal,Wali,ekbal.wali31@email.com,9791150824,Andhra Pradesh,206318,10-08-1987,Male,17-04-2026,Bronze,716.1,13,0
CUST03073,Bhavna,Dara,bhavna.dara38@email.com,9440148238,Delhi NCR,613023,06-09-1988,Male,06-02-2025,Bronze,2918.56,8,0
CUST03074,Jackson,Sarin,jackson.sarin27@email.com,9670803238,Chennai,683599,17-01-1965,Male,04-06-2025,Bronze,2120.7,15,1
CUST03075,Turvi,Saraf,turvi.saraf65@email.com,9990062286,Hyderabad,32391,11-06-1999,Other,08-02-2026,Bronze,2298.12,4,1
CUST03076,Vedant,Gola,vedant.gola21@email.com,9288794465,Bangalore,282671,10-06-1972,Female,09-05-2025,Silver,9723.32,13,1
CUST03077,Wridesh,Shenoy,wridesh.shenoy38@email.com,9822637091,Mumbai,999522,06-11-1981,Female,08-12-2024,Bronze,2166.91,11,1
CUST03078,Oeshi,Kurian,oeshi.kurian78@email.com,9407325412,Delhi NCR,484368,24-02-1990,Male,16-08-2025,Platinum,52312.67,12,1
CUST03079,Isaiah,Dâ€™Alia,isaiah.dâ€™alia98@email.com,9974958093,Hyderabad,433064,15-03-1962,Male,30-10-2025,Bronze,3071.67,11,1
CUST03080,Zinal,Bakshi,zinal.bakshi99@email.com,9734171564,Bangalore,877155,08-05-2008,Male,14-04-2025,Silver,6134.03,106,1
CUST03081,Daksh,Rama,daksh.rama90@email.com,9110293318,Andhra Pradesh,787902,17-10-1984,Male,09-10-2025,Bronze,962.17,6,1
CUST03082,Guneet,Doshi,guneet.doshi67@email.com,9967384491,Mumbai,463721,12-08-1988,Male,03-12-2024,Bronze,2170.06,15,1
CUST03083,Mekhala,Rana,mekhala.rana40@email.com,9866097600,Hyderabad,323584,24-06-1965,Female,06-09-2025,Silver,7316.16,120,1
CUST03084,Abeer,Gill,abeer.gill84@email.com,9737901848,Hyderabad,599977,08-01-1976,Male,29-01-2026,Bronze,4502.28,15,1
CUST03085,Tamanna,Hayre,tamanna.hayre99@email.com,9243147229,Mumbai,795519,03-05-2004,Male,12-04-2026,Silver,9965.63,144,0
CUST03086,Madhav,Kumar,madhav.kumar29@email.com,9775731955,Hyderabad,411173,11-03-1987,Male,04-07-2026,Gold,20347.84,32,0
CUST03087,Tamanna,Arora,tamanna.arora90@email.com,9405255540,Kolkata,862567,18-11-1989,Female,06-10-2024,Bronze,1265.57,3,1
CUST03088,Harshil,Dyal,harshil.dyal11@email.com,9113870639,Hyderabad,842330,12-07-1961,Other,12-09-2025,Silver,12794.35,38,0
CUST03089,Brijesh,Pathak,brijesh.pathak70@email.com,9457613135,Bangalore,308292,20-04-2003,Other,30-01-2025,Platinum,69470.36,73,1
CUST03090,Liam,Vaidya,liam.vaidya87@email.com,9491256698,Bangalore,321078,04-04-1996,Male,22-12-2024,Bronze,3072.15,13,1
CUST03091,Fiyaz,Garg,fiyaz.garg99@email.com,9132090559,Bangalore,365485,17-09-1970,Male,07-12-2024,Silver,11915.98,143,1
CUST03092,Aarnav,Sodhi,aarnav.sodhi72@email.com,9959292593,Delhi NCR,19708,13-08-1980,Male,01-11-2024,Silver,6348.49,17,1
CUST03093,Upma,Kulkarni,upma.kulkarni64@email.com,9793943340,Andhra Pradesh,627963,14-05-2003,Male,21-05-2025,Gold,32085.33,65,0
CUST03094,Eta,Bhatti,eta.bhatti40@email.com,9773534341,Chennai,955510,17-10-1961,Other,26-04-2025,Bronze,3377.42,4,1
CUST03095,Faris,Bali,faris.bali46@email.com,9771939333,Mumbai,948422,04-10-1989,Other,30-05-2026,Gold,27804.12,39,1
CUST03096,Oscar,Johal,oscar.johal38@email.com,9972201523,Bangalore,36072,29-04-1969,Female,20-01-2025,Silver,5082.7,59,1
CUST03097,Ekanta,Barad,ekanta.barad39@email.com,9917848071,Delhi NCR,830342,30-01-2004,Male,16-02-2025,Silver,9415.66,6,1
CUST03098,Rudra,Shan,rudra.shan76@email.com,9149536655,Andhra Pradesh,391692,03-09-1998,Male,10-08-2024,Silver,14652.36,61,1
CUST03099,Isaac,Sagar,isaac.sagar96@email.com,9753118251,Bangalore,316696,12-07-1998,Female,19-07-2025,Silver,9792.86,26,1
CUST03100,Dalaja,Andra,dalaja.andra36@email.com,9314839256,Delhi NCR,304544,02-12-1964,Male,01-08-2024,Gold,31646.55,44,1
CUST03101,Lopa,Chaudhary,lopa.chaudhary49@email.com,9550483767,Mumbai,649700,20-03-2007,Female,15-09-2025,Silver,10556.38,42,1
CUST03102,Bhavna,Mannan,bhavna.mannan39@email.com,9357483834,Bangalore,801517,04-04-1988,Other,07-03-2025,Bronze,2572.64,5,1
CUST03103,Luke,Sachar,luke.sachar42@email.com,9133886279,Bangalore,809241,24-08-1968,Male,22-04-2025,Gold,22655.93,135,1
CUST03104,Abeer,Nadkarni,abeer.nadkarni88@email.com,9286718257,Delhi NCR,969961,29-10-1973,Female,20-10-2024,Gold,32720.94,140,1
CUST03105,Forum,Gaba,forum.gaba47@email.com,9772179430,Andhra Pradesh,523228,24-10-1963,Female,26-03-2025,Silver,8260.89,60,1
CUST03106,Yahvi,Hans,yahvi.hans79@email.com,9297215464,Mumbai,743540,22-02-2008,Female,09-05-2026,Silver,8254.18,89,1
CUST03107,Damini,Taneja,damini.taneja88@email.com,9584656421,Delhi NCR,253950,18-10-1967,Other,23-09-2024,Silver,11713.89,27,0
CUST03108,Jack,Narayan,jack.narayan92@email.com,9390338299,Bangalore,558627,07-11-1990,Female,15-01-2026,Bronze,3823.9,7,1
CUST03109,Peter,Ratti,peter.ratti72@email.com,9274819450,Delhi NCR,317489,26-10-1961,Female,18-01-2025,Silver,10600.86,53,1
CUST03110,Anmol,Kumar,anmol.kumar54@email.com,9981622448,Hyderabad,880971,15-07-1997,Female,18-06-2025,Platinum,36980.32,104,1
CUST03111,Ekansh,More,ekansh.more14@email.com,9995211698,Delhi NCR,293554,06-07-2005,Male,05-02-2026,Silver,13605.71,68,1
CUST03112,Janya,Golla,janya.golla19@email.com,9473377691,Andhra Pradesh,559675,28-10-1990,Female,07-08-2025,Silver,10034.29,44,1
CUST03113,Gaurang,Chhabra,gaurang.chhabra32@email.com,9148277171,Chennai,798304,04-02-1983,Male,16-07-2025,Bronze,550.35,13,1
CUST03114,Nisha,Dhar,nisha.dhar51@email.com,9776991102,Andhra Pradesh,451160,09-12-1997,Other,03-10-2025,Silver,6896.27,118,1
CUST03115,Ishanvi,Wali,ishanvi.wali86@email.com,9579440785,Hyderabad,15221,03-07-1974,Other,21-12-2024,Silver,12232.85,17,0
CUST03116,Ladli,Vig,ladli.vig26@email.com,9219547086,Mumbai,8347,26-12-1989,Female,28-12-2025,Bronze,3817.65,18,0
CUST03117,Ekavir,De,ekavir.de78@email.com,9700424407,Chennai,74611,25-04-1977,Other,05-02-2026,Silver,14576.1,95,0
CUST03118,Varenya,Date,varenya.date96@email.com,9764822289,Andhra Pradesh,156033,29-12-1995,Female,25-12-2025,Silver,14142.74,1,1
CUST03119,Vedika,Zachariah,vedika.zachariah76@email.com,9374581838,Delhi NCR,285898,14-07-1987,Female,20-08-2025,Silver,11741.71,145,1
CUST03120,Henry,Kuruvilla,henry.kuruvilla93@email.com,9262862202,Mumbai,976309,16-02-1961,Female,01-12-2025,Silver,11762.4,135,1
CUST03121,Aayush,Singhal,aayush.singhal99@email.com,9528073246,Delhi NCR,794999,06-01-2005,Male,18-04-2026,Silver,10893.84,9,1
CUST03122,Chameli,Malhotra,chameli.malhotra14@email.com,9583646343,Mumbai,744410,20-04-1991,Other,27-05-2025,Bronze,2117.92,16,1
CUST03123,Onkar,Sandhu,onkar.sandhu35@email.com,9126386313,Mumbai,654347,06-09-1984,Female,02-10-2025,Bronze,531.21,19,1
CUST03124,Ikbal,Raman,ikbal.raman50@email.com,9465930683,Andhra Pradesh,435983,21-02-2002,Male,22-08-2025,Platinum,73781.09,126,1
CUST03125,Forum,Bhagat,forum.bhagat30@email.com,9421031418,Bangalore,996585,14-03-1991,Female,16-08-2025,Bronze,2259.52,17,1
CUST03126,Udant,Taneja,udant.taneja53@email.com,9338603607,Bangalore,681678,08-08-1981,Male,18-04-2026,Silver,14036.6,51,1
CUST03127,Tejas,Mohan,tejas.mohan10@email.com,9396895892,Andhra Pradesh,730717,27-03-1992,Male,15-05-2025,Bronze,2048.47,2,1
CUST03128,Girindra,Hans,girindra.hans88@email.com,9659061862,Kolkata,7883,11-12-1986,Other,14-10-2025,Silver,13817.14,84,1
CUST03129,Naksh,Dixit,naksh.dixit80@email.com,9914301767,Delhi NCR,385403,31-05-1973,Male,31-05-2025,Bronze,2970.68,19,0
CUST03130,Harini,De,harini.de14@email.com,9713422188,Kolkata,23126,26-12-1981,Female,16-12-2024,Bronze,4677.96,2,1
CUST03131,Nathan,Shanker,nathan.shanker21@email.com,9945917921,Delhi NCR,551497,26-02-1971,Male,06-02-2025,Platinum,60447.25,6,1
CUST03132,Chatresh,Guha,chatresh.guha82@email.com,9522898651,Bangalore,234771,02-06-1980,Other,12-06-2025,Bronze,1290.39,15,1
CUST03133,Forum,Bandi,forum.bandi15@email.com,9107971448,Bangalore,555570,03-09-1970,Female,15-08-2024,Silver,10145.33,80,1
CUST03134,Banjeet,Roy,banjeet.roy35@email.com,9858464660,Hyderabad,741364,12-08-1978,Male,15-07-2026,Gold,29551.12,20,0
CUST03135,Jalsa,Mahal,jalsa.mahal69@email.com,9781006867,Mumbai,612189,05-07-1977,Other,08-07-2026,Bronze,1162.26,10,0
CUST03136,Girik,Divan,girik.divan13@email.com,9457133714,Hyderabad,65076,01-08-1967,Male,21-06-2026,Silver,12333.46,31,1
CUST03137,Mitesh,Ganguly,mitesh.ganguly12@email.com,9347541583,Andhra Pradesh,830564,29-10-1979,Female,08-06-2025,Silver,14219.26,84,1
CUST03138,Ira,Kothari,ira.kothari84@email.com,9518700097,Pune,455559,16-03-1983,Female,26-08-2024,Bronze,762.92,20,1
CUST03139,Jonathan,Reddy,jonathan.reddy70@email.com,9156936625,Delhi NCR,560777,22-03-1997,Male,31-10-2025,Silver,14337.25,68,1
CUST03140,Devika,Kalita,devika.kalita52@email.com,9126206493,Mumbai,276399,29-09-1964,Female,07-02-2025,Bronze,4009.87,1,1
CUST03141,Nirja,Banik,nirja.banik77@email.com,9691564833,Hyderabad,823696,04-07-2005,Male,15-04-2026,Gold,28466.26,4,1
CUST03142,Lucky,Samra,lucky.samra99@email.com,9796629517,Mumbai,222097,12-01-1986,Female,05-04-2025,Bronze,3875.3,17,1
CUST03143,Arin,Rattan,arin.rattan64@email.com,9238035093,Andhra Pradesh,790670,11-02-1965,Other,08-04-2025,Silver,14521.55,44,1
CUST03144,Hritik,Gera,hritik.gera33@email.com,9508029905,Delhi NCR,39344,02-03-2002,Male,12-08-2024,Bronze,4348.68,17,1
CUST03145,Tanvi,Sarin,tanvi.sarin37@email.com,9909967169,Delhi NCR,216218,18-09-2004,Male,15-12-2024,Bronze,4499.39,18,1
CUST03146,Wazir,Kashyap,wazir.kashyap44@email.com,9186687088,Pune,929692,14-03-1968,Male,19-07-2024,Bronze,4409.72,11,1
CUST03147,Geetika,Kapur,geetika.kapur26@email.com,9425421179,Kolkata,712260,02-05-1964,Male,15-06-2026,Bronze,2704.18,6,1
CUST03148,Jeremiah,Dhillon,jeremiah.dhillon29@email.com,9839365825,Hyderabad,774270,08-01-1982,Male,25-02-2025,Silver,6683.85,37,1
CUST03149,Ekiya,Swaminathan,ekiya.swaminathan12@email.com,9263262196,Andhra Pradesh,282063,21-10-1970,Male,18-11-2024,Platinum,51221.56,57,1
CUST03150,Zarna,Bal,zarna.bal88@email.com,9750302601,Andhra Pradesh,269804,24-02-1978,Other,06-06-2025,Silver,13376.52,2,1
CUST03151,Oni,Pau,oni.pau75@email.com,9228366410,Delhi NCR,247609,02-12-1988,Other,14-04-2026,Bronze,1492.59,13,1
CUST03152,Anirudh,Sandhu,anirudh.sandhu89@email.com,9390703502,Andhra Pradesh,724525,03-12-1991,Other,02-01-2025,Silver,12766.93,135,1
CUST03153,Sneha,Shroff,sneha.shroff16@email.com,9542906177,Mumbai,778840,05-08-1990,Other,20-07-2024,Gold,16564.75,64,1
CUST03154,Anjali,Saha,anjali.saha45@email.com,9934988750,Mumbai,777061,25-03-1970,Other,20-06-2026,Gold,33362.2,98,0
CUST03155,Yoshita,Tella,yoshita.tella65@email.com,9951571537,Delhi NCR,284268,19-09-1964,Female,27-03-2026,Silver,12605.08,85,1
CUST03156,Laban,Vala,laban.vala56@email.com,9895089454,Delhi NCR,616417,17-05-1962,Female,19-07-2024,Bronze,1959.83,8,0
CUST03157,Harita,Hayre,harita.hayre45@email.com,9283652073,Delhi NCR,186056,14-08-1987,Female,12-09-2025,Bronze,1920.75,1,1
CUST03158,Yutika,Anne,yutika.anne71@email.com,9822742361,Bangalore,166479,26-07-1985,Male,23-11-2025,Bronze,1432.13,20,1
CUST03159,Devansh,Dhawan,devansh.dhawan45@email.com,9554022629,Delhi NCR,983124,20-08-1969,Female,23-09-2025,Silver,14120.98,34,0
CUST03160,Jalsa,Khanna,jalsa.khanna98@email.com,9784299190,Mumbai,416019,23-08-2001,Other,22-09-2024,Silver,8875.48,1,1
CUST03161,Advika,Bahri,advika.bahri27@email.com,9173794286,Andhra Pradesh,17086,12-08-1993,Female,26-05-2026,Bronze,4723.38,2,1
CUST03162,Harshil,Peri,harshil.peri22@email.com,9806448236,Mumbai,77107,16-12-1979,Other,01-09-2024,Silver,14888.49,53,1
CUST03163,Bhavani,Kara,bhavani.kara13@email.com,9458092608,Bangalore,689579,11-05-1986,Female,04-07-2025,Bronze,669.88,12,1
CUST03164,Max,Memon,max.memon74@email.com,9722660529,Hyderabad,105110,19-05-1999,Male,06-07-2026,Silver,12636.79,25,1
CUST03165,Aadi,Behl,aadi.behl62@email.com,9503168030,Delhi NCR,17850,25-07-1972,Female,27-07-2024,Bronze,3927.54,11,1
CUST03166,Kashish,Bava,kashish.bava11@email.com,9245849524,Bangalore,549723,29-05-2008,Other,30-12-2025,Bronze,2537.34,16,1
CUST03167,Parth,Bali,parth.bali87@email.com,9441368847,Delhi NCR,29759,01-08-2001,Other,20-07-2025,Gold,27155.15,95,1
CUST03168,Amruta,Sharma,amruta.sharma62@email.com,9416760562,Mumbai,396597,04-08-1981,Male,31-01-2025,Gold,16678.56,82,1
CUST03169,Oliver,Pal,oliver.pal92@email.com,9273664622,Andhra Pradesh,694204,22-03-1966,Female,28-05-2025,Bronze,3749.11,10,1
CUST03170,Bhavani,Chowdhury,bhavani.chowdhury15@email.com,9795907331,Delhi NCR,374051,26-04-1973,Male,19-01-2025,Bronze,4440.92,18,0
CUST03171,Tara,Karpe,tara.karpe63@email.com,9523865789,Chennai,669976,09-11-1996,Male,15-10-2024,Bronze,2492.65,5,1
CUST03172,Krisha,Agrawal,krisha.agrawal53@email.com,9812374343,Mumbai,571749,11-04-2005,Male,23-08-2024,Silver,5884.28,36,1
CUST03173,Janani,Verma,janani.verma45@email.com,9347310324,Chennai,968814,12-02-1979,Male,17-10-2025,Silver,13017.21,3,1
CUST03174,Bakhshi,Varma,bakhshi.varma83@email.com,9477767019,Bangalore,358624,14-08-1963,Other,23-12-2025,Bronze,4807.17,15,0
CUST03175,Ishani,Sawhney,ishani.sawhney30@email.com,9818384253,Bangalore,450999,05-07-1998,Male,22-06-2025,Gold,29056.97,61,0
CUST03176,Shaurya,Goswami,shaurya.goswami60@email.com,9116006639,Andhra Pradesh,535279,26-12-1967,Other,01-10-2024,Bronze,600.15,10,1
CUST03177,Jackson,Chana,jackson.chana89@email.com,9951405691,Kolkata,851846,24-08-2006,Other,12-06-2025,Bronze,1253.83,11,1
CUST03178,Yasti,Nagy,yasti.nagy72@email.com,9764516366,Bangalore,213596,24-07-1968,Male,10-08-2025,Bronze,3145.38,19,1
CUST03179,Shaurya,Ben,shaurya.ben84@email.com,9748216031,Andhra Pradesh,348002,09-08-1970,Male,10-12-2025,Bronze,2229.36,14,1
CUST03180,Omya,Lanka,omya.lanka46@email.com,9617751321,Chennai,597205,17-02-1983,Male,05-03-2025,Platinum,63899.33,42,1
CUST03181,Nihal,Varughese,nihal.varughese51@email.com,9376293757,Bangalore,819214,24-07-1992,Female,30-12-2025,Platinum,37055.2,34,1
CUST03182,Aadhya,Zacharia,aadhya.zacharia30@email.com,9881139722,Mumbai,746042,12-04-2000,Male,26-01-2025,Silver,7491.62,133,1
CUST03183,Tamanna,Chawla,tamanna.chawla66@email.com,9399948955,Bangalore,847214,17-10-1989,Other,16-09-2024,Bronze,749.89,1,1
CUST03184,Tara,Goswami,tara.goswami11@email.com,9407822290,Mumbai,580452,03-11-2002,Male,25-04-2026,Silver,9314.49,81,0
CUST03185,Pratyush,Sampath,pratyush.sampath19@email.com,9603953276,Andhra Pradesh,698897,03-09-2000,Female,11-09-2025,Silver,13716.22,82,0
CUST03186,Triya,Singhal,triya.singhal95@email.com,9451366549,Mumbai,445847,13-08-1980,Female,09-09-2024,Bronze,2875.94,18,1
CUST03187,Warinder,Mall,warinder.mall67@email.com,9405526165,Mumbai,192936,08-10-1960,Male,05-01-2026,Silver,5857.73,28,1
CUST03188,Falguni,Saran,falguni.saran35@email.com,9238155962,Chennai,751934,12-03-1986,Female,13-06-2026,Bronze,1454.33,5,1
CUST03189,Zaid,Varty,zaid.varty30@email.com,9984721295,Delhi NCR,124844,09-02-1993,Male,30-10-2025,Bronze,3889.74,14,1
CUST03190,Xavier,Sami,xavier.sami99@email.com,9970278084,Delhi NCR,611568,28-11-1987,Male,31-10-2024,Platinum,59389.66,62,0
CUST03191,Kevin,Khatri,kevin.khatri72@email.com,9223470785,Bangalore,706594,30-10-1995,Male,10-08-2024,Silver,10625.61,30,1
CUST03192,Diya,Kata,diya.kata83@email.com,9670917029,Hyderabad,602274,18-12-1976,Female,26-01-2025,Bronze,1984.55,18,1
CUST03193,Chatresh,Kala,chatresh.kala23@email.com,9318412682,Kolkata,271862,22-11-1979,Other,06-03-2025,Bronze,1478.67,15,1
CUST03194,Tanmayi,Pandey,tanmayi.pandey67@email.com,9540889967,Mumbai,311213,16-07-1997,Female,11-01-2026,Bronze,2779.05,20,1
CUST03195,Akshay,Swamy,akshay.swamy48@email.com,9825105610,Delhi NCR,878066,29-10-1965,Other,22-03-2025,Silver,11171.7,139,1
CUST03196,Chanchal,Palan,chanchal.palan43@email.com,9672946532,Andhra Pradesh,866356,27-09-1982,Female,19-01-2026,Gold,33299.52,3,1
CUST03197,Chaman,Buch,chaman.buch98@email.com,9706137974,Hyderabad,288252,20-09-1965,Female,16-07-2026,Bronze,1294.37,9,1
CUST03198,Onveer,Virk,onveer.virk17@email.com,9472661834,Hyderabad,690594,04-02-1987,Female,18-10-2025,Platinum,67025.4,12,1
CUST03199,Dayita,Gill,dayita.gill16@email.com,9323480742,Andhra Pradesh,847052,28-07-1963,Other,22-01-2025,Gold,23800.41,110,1
CUST03200,Fariq,Kannan,fariq.kannan77@email.com,9381580216,Bangalore,988712,23-10-1974,Female,17-02-2026,Bronze,3612.44,9,1
CUST03201,Nathaniel,Badal,nathaniel.badal34@email.com,9227518148,Bangalore,668642,29-08-1990,Other,09-07-2026,Silver,5300.17,9,1
CUST03202,Vasana,Ramachandran,vasana.ramachandran97@email.com,9555004427,Bangalore,685272,22-07-1996,Male,12-07-2025,Silver,9067.81,125,1
CUST03203,Kritika,Balakrishnan,kritika.balakrishnan88@email.com,9857706213,Delhi NCR,208778,17-12-1975,Other,24-04-2026,Bronze,1169.39,17,1
CUST03204,Amruta,Sarma,amruta.sarma18@email.com,9167290654,Bangalore,62833,24-08-1978,Male,25-11-2025,Silver,12380.54,14,1
CUST03205,Idika,Pillay,idika.pillay17@email.com,9185230326,Mumbai,356232,15-05-1991,Female,10-08-2025,Silver,5012.07,3,1
CUST03206,Balhaar,Bhalla,balhaar.bhalla76@email.com,9148487359,Bangalore,535859,08-07-1992,Female,03-01-2025,Gold,26720.84,63,1
CUST03207,Darsh,Dass,darsh.dass59@email.com,9857824144,Mumbai,322857,01-02-1962,Male,17-03-2025,Bronze,4716.23,2,1
CUST03208,Nihal,Kumar,nihal.kumar84@email.com,9177587334,Hyderabad,255546,06-01-1996,Other,29-10-2025,Gold,32070.9,113,1
CUST03209,Udant,Sengupta,udant.sengupta19@email.com,9284690783,Delhi NCR,41167,07-07-1998,Female,08-09-2025,Bronze,3552.07,16,1
CUST03210,Ekapad,Parsa,ekapad.parsa83@email.com,9483412913,Mumbai,467386,28-11-1983,Male,09-05-2025,Silver,5423.41,107,1
CUST03211,Advaith,Mishra,advaith.mishra10@email.com,9937920662,Bangalore,846733,20-04-1973,Other,21-01-2026,Gold,29383.67,86,1
CUST03212,Pranav,Bobal,pranav.bobal11@email.com,9763499462,Delhi NCR,489558,16-03-1992,Male,01-07-2026,Bronze,2461.36,14,1
CUST03213,Raksha,Balakrishnan,raksha.balakrishnan77@email.com,9794126911,Delhi NCR,623945,13-03-2000,Male,01-05-2026,Gold,17321.07,100,1
CUST03214,Arya,Dutta,arya.dutta64@email.com,9363446125,Bangalore,407608,04-01-2001,Male,25-03-2025,Bronze,1934.66,4,1
CUST03215,Samuel,Bhargava,samuel.bhargava83@email.com,9804891226,Andhra Pradesh,203398,08-07-1962,Female,07-01-2026,Bronze,925.64,20,0
CUST03216,Jacob,Khurana,jacob.khurana46@email.com,9991557762,Andhra Pradesh,162833,05-10-1984,Female,12-06-2025,Silver,11686.06,83,0
CUST03217,Chatresh,Nagi,chatresh.nagi93@email.com,9654311181,Delhi NCR,80153,12-08-1974,Other,07-07-2025,Silver,13566.48,13,1
CUST03218,Ati,Hora,ati.hora29@email.com,9100093917,Bangalore,670277,28-10-1971,Male,19-08-2025,Silver,13640.08,146,1
CUST03219,Triveni,Bobal,triveni.bobal91@email.com,9795249847,Bangalore,659695,12-01-1992,Female,10-01-2026,Bronze,1465.51,4,1
CUST03220,Chakrika,Pandit,chakrika.pandit68@email.com,9455491775,Delhi NCR,595995,30-07-1985,Other,06-08-2024,Silver,11730.83,113,0
CUST03221,Hema,Naik,hema.naik23@email.com,9106490091,Hyderabad,629171,26-12-1980,Other,21-08-2025,Silver,5859.01,53,0
CUST03222,Janya,Mangat,janya.mangat24@email.com,9999260545,Bangalore,839525,17-06-1969,Female,12-02-2026,Bronze,2030.53,13,0
CUST03223,Jeevika,Dhar,jeevika.dhar35@email.com,9390658693,Bangalore,788216,14-10-2004,Female,18-03-2025,Silver,8074.22,121,1
CUST03224,Gopal,Bhavsar,gopal.bhavsar62@email.com,9118935611,Andhra Pradesh,145744,20-04-1982,Other,10-11-2024,Silver,5971.01,74,0
CUST03225,Darpan,Jayaraman,darpan.jayaraman78@email.com,9498208567,Hyderabad,276947,29-04-1974,Other,06-08-2024,Bronze,2095.28,14,0
CUST03226,Yochana,Dhaliwal,yochana.dhaliwal67@email.com,9723394251,Andhra Pradesh,35321,06-01-1972,Male,11-02-2026,Bronze,4233.26,10,1
CUST03227,Bhavani,Mangal,bhavani.mangal81@email.com,9828847094,Delhi NCR,293634,15-05-2004,Male,27-04-2026,Bronze,1734.52,3,0
CUST03228,Anthony,Krishna,anthony.krishna20@email.com,9770759682,Andhra Pradesh,218052,10-08-1984,Female,24-07-2025,Silver,11211.39,80,1
CUST03229,Edhitha,Bhat,edhitha.bhat76@email.com,9643362820,Mumbai,479412,23-02-2005,Female,17-01-2025,Bronze,670.24,19,1
CUST03230,Mitesh,Nair,mitesh.nair67@email.com,9230176487,Andhra Pradesh,601891,17-04-1968,Other,23-12-2024,Silver,13290.44,72,1
CUST03231,Chasmum,Kaul,chasmum.kaul49@email.com,9574559520,Delhi NCR,857133,07-06-2001,Female,05-03-2026,Silver,12203.54,5,1
CUST03232,Rachana,Goda,rachana.goda60@email.com,9865328290,Mumbai,686127,28-10-1976,Female,28-02-2025,Bronze,4785.72,12,1
CUST03233,Kabir,Dâ€™Alia,kabir.dâ€™alia84@email.com,9782840128,Chennai,202913,28-09-1994,Other,20-09-2024,Bronze,2806.48,17,1
CUST03234,Udarsh,Baral,udarsh.baral34@email.com,9708763668,Kolkata,494802,10-08-2002,Female,30-08-2025,Silver,11031.87,2,1
CUST03235,Chandresh,Wable,chandresh.wable21@email.com,9970490118,Delhi NCR,966452,11-05-1973,Other,16-10-2024,Platinum,50021.25,28,1
CUST03236,Hritik,Banik,hritik.banik32@email.com,9621025818,Bangalore,133568,03-12-2007,Female,25-12-2024,Silver,9601.57,96,1
CUST03237,Girindra,Sathe,girindra.sathe54@email.com,9656008460,Mumbai,366704,23-11-2007,Female,09-09-2024,Silver,11099.93,47,1
CUST03238,Veda,Chada,veda.chada98@email.com,9600255398,Mumbai,389191,29-12-1994,Female,26-03-2026,Silver,11672.13,59,1
CUST03239,Varenya,Mannan,varenya.mannan12@email.com,9102884134,Hyderabad,501332,08-02-1962,Male,02-03-2026,Bronze,2575.19,14,1
CUST03240,Yuvraj,Magar,yuvraj.magar77@email.com,9581903406,Pune,956071,22-12-1977,Other,12-06-2026,Bronze,986.19,14,1
CUST03241,Zilmil,Soman,zilmil.soman10@email.com,9755786853,Mumbai,507752,30-11-1984,Male,18-01-2026,Silver,14970.91,133,1
CUST03242,Tripti,Doshi,tripti.doshi46@email.com,9378978890,Hyderabad,163160,15-11-1973,Male,14-12-2025,Bronze,1911.82,19,1
CUST03243,Widisha,Thakur,widisha.thakur91@email.com,9261385430,Mumbai,105703,25-07-1999,Female,05-11-2025,Silver,13536.63,93,1
CUST03244,Ladli,Jha,ladli.jha58@email.com,9278339501,Hyderabad,667005,15-12-2000,Other,01-11-2025,Bronze,4575.82,14,0
CUST03245,Avni,Rau,avni.rau71@email.com,9465015826,Bangalore,693233,03-07-2007,Male,11-07-2025,Silver,11767.37,88,1
CUST03246,Daniel,Balakrishnan,daniel.balakrishnan42@email.com,9147518480,Bangalore,158009,07-04-1994,Male,22-05-2026,Bronze,3291.64,4,1
CUST03247,Dominic,Mahal,dominic.mahal95@email.com,9614110379,Bangalore,863323,03-11-1980,Other,01-01-2025,Platinum,65026.87,81,1
CUST03248,Azaan,Ravi,azaan.ravi87@email.com,9153102845,Andhra Pradesh,874488,11-02-1998,Other,14-12-2024,Silver,8278.4,46,1
CUST03249,Onveer,Kohli,onveer.kohli80@email.com,9950363620,Mumbai,590972,21-03-1970,Female,29-08-2025,Gold,28669.88,90,1
CUST03250,Ekta,Dhaliwal,ekta.dhaliwal57@email.com,9360769833,Hyderabad,854551,11-12-1974,Other,11-11-2025,Silver,5853.76,105,1
CUST03251,Ishwar,Salvi,ishwar.salvi16@email.com,9694182659,Hyderabad,348236,10-04-1994,Female,12-09-2025,Bronze,2601.81,6,1
CUST03252,Samuel,Suresh,samuel.suresh60@email.com,9529129238,Mumbai,693238,14-09-1961,Female,12-08-2024,Gold,29339.03,80,1
CUST03253,Aarna,Keer,aarna.keer41@email.com,9153825445,Andhra Pradesh,475846,15-03-1989,Other,15-06-2026,Gold,28163.28,108,0
CUST03254,Anusha,Varughese,anusha.varughese49@email.com,9559938069,Hyderabad,741637,23-07-1966,Other,27-10-2024,Gold,18988.11,93,1
CUST03255,Balvan,Ratta,balvan.ratta90@email.com,9346463489,Hyderabad,175529,23-08-1990,Female,26-07-2025,Silver,13232.81,14,1
CUST03256,Mugdha,Barad,mugdha.barad71@email.com,9446956379,Mumbai,458408,02-08-1967,Other,12-10-2024,Gold,15677.38,76,1
CUST03257,Amruta,Kulkarni,amruta.kulkarni58@email.com,9232228492,Hyderabad,572814,14-02-1975,Female,15-01-2026,Gold,16209.94,16,1
CUST03258,Ladli,Biswas,ladli.biswas29@email.com,9243063806,Delhi NCR,686114,11-11-1986,Male,30-06-2026,Bronze,749.25,10,0
CUST03259,Azaan,Issac,azaan.issac57@email.com,9874395760,Chennai,118926,20-01-1962,Male,17-03-2026,Bronze,4071.69,6,1
CUST03260,Gaurangi,Om,gaurangi.om70@email.com,9877978407,Mumbai,465426,16-08-1994,Female,25-01-2025,Silver,9280.96,147,1
CUST03261,Ladli,Toor,ladli.toor94@email.com,9478509951,Hyderabad,377140,18-01-1974,Female,28-02-2025,Bronze,3444.93,17,1
CUST03262,Anjali,Murty,anjali.murty27@email.com,9850934199,Bangalore,595660,24-02-1961,Male,13-01-2025,Bronze,1147.53,2,1
CUST03263,Abhimanyu,Chadha,abhimanyu.chadha85@email.com,9806626845,Delhi NCR,962272,22-07-1975,Male,27-08-2025,Silver,9976.85,82,1
CUST03264,Krisha,Sinha,krisha.sinha30@email.com,9319673451,Bangalore,217368,26-04-1976,Other,06-09-2025,Gold,18756.07,146,1
CUST03265,Jhalak,Bhakta,jhalak.bhakta69@email.com,9382442741,Mumbai,709340,08-09-2001,Male,06-10-2025,Bronze,4174.61,3,1
CUST03266,Frederick,Ray,frederick.ray77@email.com,9820255715,Mumbai,81136,19-09-2007,Female,24-03-2026,Silver,9106.17,56,0
CUST03267,Aashi,Bahl,aashi.bahl82@email.com,9423205365,Bangalore,484843,16-10-1992,Other,10-04-2026,Bronze,4193.18,19,1
CUST03268,Ubika,Bandi,ubika.bandi52@email.com,9240846825,Hyderabad,627959,16-05-1983,Other,29-05-2026,Bronze,1725.01,5,1
CUST03269,Jeet,Mody,jeet.mody68@email.com,9779651104,Bangalore,954496,27-08-1989,Other,08-10-2025,Gold,33406.72,50,1
CUST03270,Forum,Memon,forum.memon72@email.com,9646982352,Bangalore,175627,16-11-1983,Male,25-11-2024,Gold,22929.33,99,1
CUST03271,Xiti,Amble,xiti.amble75@email.com,9912198784,Pune,161734,16-05-1981,Male,11-07-2025,Bronze,3086.73,11,1
CUST03272,Bhavani,Nagar,bhavani.nagar71@email.com,9227828098,Mumbai,351638,22-01-1976,Other,18-04-2026,Bronze,4197.67,10,1
CUST03273,Nicholas,Sami,nicholas.sami32@email.com,9206301432,Mumbai,897100,15-09-1966,Other,28-06-2025,Bronze,1711.6,11,1
CUST03274,Agastya,Shroff,agastya.shroff60@email.com,9499229430,Bangalore,294576,23-08-1965,Other,10-02-2026,Silver,10567.37,76,1
CUST03275,Wriddhish,Baria,wriddhish.baria75@email.com,9182213482,Bangalore,948414,15-05-1972,Female,15-11-2025,Gold,25436.15,62,1
CUST03276,Yatan,Munshi,yatan.munshi31@email.com,9676220627,Delhi NCR,283372,12-06-2006,Male,06-09-2025,Silver,7176.45,91,1
CUST03277,Urmi,Parmer,urmi.parmer15@email.com,9262481282,Mumbai,798130,21-12-1969,Other,04-06-2025,Bronze,1209.87,6,1
CUST03278,Eshana,Radhakrishnan,eshana.radhakrishnan12@email.com,9144752420,Bangalore,771158,06-09-1998,Other,26-10-2024,Silver,9673.93,42,1
CUST03279,Dhruv,Vohra,dhruv.vohra94@email.com,9157971624,Bangalore,89410,24-09-1993,Female,03-02-2026,Platinum,54485.95,28,1
CUST03280,Jai,Dâ€™Alia,jai.dâ€™alia88@email.com,9612274983,Pune,114644,13-07-1986,Other,22-01-2026,Gold,25150.93,136,1
CUST03281,Finn,Chauhan,finn.chauhan68@email.com,9478977343,Delhi NCR,97542,04-02-1981,Female,27-05-2026,Bronze,3189.13,15,1
CUST03282,Vrishti,Kala,vrishti.kala59@email.com,9707316077,Bangalore,237748,17-06-2006,Male,30-04-2026,Silver,6657.68,123,1
CUST03283,Warhi,Shanker,warhi.shanker28@email.com,9225428033,Bangalore,78812,23-09-1983,Male,22-01-2025,Gold,27493.67,50,1
CUST03284,Orinder,Natt,orinder.natt74@email.com,9586614976,Chennai,218082,04-11-1971,Other,29-05-2025,Bronze,1611.36,11,1
CUST03285,Vasudha,Bhasin,vasudha.bhasin18@email.com,9136195698,Kolkata,660286,31-01-1985,Other,25-06-2026,Bronze,1727.38,1,1
CUST03286,Samar,Kale,samar.kale36@email.com,9505965147,Mumbai,716468,21-08-1969,Other,10-10-2024,Silver,11736.1,15,1
CUST03287,Aarav,Atwal,aarav.atwal33@email.com,9890271840,Chennai,709070,14-04-1977,Female,31-07-2025,Bronze,3174.42,5,1
CUST03288,Zinal,Bhat,zinal.bhat71@email.com,9555112863,Delhi NCR,693207,08-12-1962,Female,04-10-2025,Silver,13318.93,95,1
CUST03289,Yutika,Keer,yutika.keer21@email.com,9761831275,Pune,849267,07-04-1981,Other,11-09-2025,Silver,11968.24,139,1
CUST03290,Ria,Rout,ria.rout30@email.com,9523669000,Delhi NCR,965074,11-05-2006,Female,19-05-2026,Bronze,4684.86,14,1
CUST03291,Amruta,Oak,amruta.oak98@email.com,9960238921,Mumbai,572676,28-01-1985,Female,25-12-2025,Bronze,2222.32,15,1
CUST03292,Anya,Chakraborty,anya.chakraborty93@email.com,9172462780,Andhra Pradesh,817947,24-12-1992,Female,09-10-2025,Gold,31267.21,71,1
CUST03293,Inaya,Aggarwal,inaya.aggarwal36@email.com,9630010708,Mumbai,345220,13-03-1973,Other,22-06-2025,Silver,12757.75,89,1
CUST03294,Praneel,Ranganathan,praneel.ranganathan82@email.com,9560987955,Bangalore,32645,28-03-1972,Other,07-07-2026,Platinum,49085.45,59,1
CUST03295,Kamya,Savant,kamya.savant70@email.com,9744770635,Hyderabad,309074,20-03-1963,Other,06-02-2026,Bronze,2815.42,3,1
CUST03296,Lakshmi,Karan,lakshmi.karan58@email.com,9604587980,Mumbai,168522,15-01-1979,Other,14-07-2025,Bronze,2981.22,19,1
CUST03297,Mugdha,Srinivas,mugdha.srinivas29@email.com,9287850593,Hyderabad,125837,13-08-2003,Male,07-10-2025,Bronze,903.33,6,1
CUST03298,Aryan,Bhatia,aryan.bhatia59@email.com,9520824801,Mumbai,366933,20-10-1969,Female,04-08-2025,Bronze,1903.83,7,1
CUST03299,Radha,Kashyap,radha.kashyap72@email.com,9671624003,Chennai,422856,23-05-1971,Other,10-03-2026,Silver,9299.46,14,1
CUST03300,Zinal,Kashyap,zinal.kashyap22@email.com,9832319275,Delhi NCR,237225,31-12-1999,Female,26-12-2024,Bronze,4585.37,13,1
CUST03301,Harsh,Banik,harsh.banik49@email.com,9836094047,Andhra Pradesh,370089,16-10-1981,Female,05-11-2024,Silver,12187.16,144,1
CUST03302,Sarthak,Krishnamurthy,sarthak.krishnamurthy15@email.com,9883865786,Mumbai,370433,01-06-1976,Male,06-06-2026,Gold,34079.77,50,1
CUST03303,Ronith,Dasgupta,ronith.dasgupta98@email.com,9738282626,Hyderabad,845612,18-01-1985,Other,01-12-2025,Silver,13359.32,117,1
CUST03304,Vidhi,Arora,vidhi.arora23@email.com,9703870023,Bangalore,737198,19-03-2004,Male,16-11-2025,Bronze,4706.53,11,1
CUST03305,Kamya,Comar,kamya.comar22@email.com,9951660659,Bangalore,696806,03-09-1980,Other,01-05-2025,Silver,11005.52,39,1
CUST03306,Ishanvi,Mohanty,ishanvi.mohanty42@email.com,9474406170,Delhi NCR,215783,04-02-1992,Female,12-11-2025,Silver,10628.45,103,1
CUST03307,Nakul,Saran,nakul.saran88@email.com,9657614050,Bangalore,53273,15-08-2004,Female,29-10-2025,Bronze,1688.58,13,1
CUST03308,Priya,Vig,priya.vig74@email.com,9196825290,Bangalore,934288,25-01-1975,Male,23-11-2025,Silver,10047.05,101,1
CUST03309,Baljiwan,Kant,baljiwan.kant99@email.com,9776316659,Pune,997833,04-01-1966,Female,07-01-2026,Silver,9656.07,82,1
CUST03310,Kashish,Bajaj,kashish.bajaj68@email.com,9361931576,Bangalore,219859,05-06-2006,Other,09-06-2025,Platinum,59893.94,143,0
CUST03311,Hemani,Patil,hemani.patil12@email.com,9703983537,Mumbai,25066,09-02-1990,Male,30-05-2026,Bronze,4491.9,15,1
CUST03312,Nidhi,Bansal,nidhi.bansal65@email.com,9387394552,Hyderabad,734767,01-12-1966,Female,25-05-2026,Bronze,2670.64,1,1
CUST03313,Chameli,Wali,chameli.wali33@email.com,9584008030,Chennai,328959,09-08-1966,Male,09-06-2026,Bronze,2910.58,20,0
CUST03314,Aadi,Kashyap,aadi.kashyap49@email.com,9497398026,Mumbai,242762,09-12-1970,Other,06-10-2024,Silver,9047.43,72,1
CUST03315,Eshana,Pandey,eshana.pandey42@email.com,9818170463,Bangalore,374396,20-01-1976,Female,24-10-2025,Bronze,4176.37,16,1
CUST03316,Aarini,Nayar,aarini.nayar59@email.com,9342815352,Chennai,38955,04-01-1980,Other,05-06-2025,Bronze,1864.14,15,1
CUST03317,Janaki,Saran,janaki.saran10@email.com,9265511155,Hyderabad,317087,30-04-1975,Female,11-08-2024,Bronze,708.42,6,1
CUST03318,Chatresh,Doctor,chatresh.doctor10@email.com,9362767477,Mumbai,27366,14-08-1975,Female,30-12-2025,Bronze,1288.82,9,1
CUST03319,Oliver,Panchal,oliver.panchal26@email.com,9558545335,Kolkata,732234,29-11-1994,Female,04-07-2025,Bronze,2867.46,20,1
CUST03320,Amrita,Kala,amrita.kala47@email.com,9854289823,Mumbai,660191,26-10-1962,Other,29-10-2025,Bronze,2172.28,5,1
CUST03321,Advaith,Mittal,advaith.mittal75@email.com,9779304245,Mumbai,607326,11-08-1981,Female,11-03-2025,Silver,14272.63,58,1
CUST03322,Sara,Hora,sara.hora52@email.com,9243301140,Andhra Pradesh,859541,04-07-1993,Male,17-06-2025,Silver,8977.02,22,1
CUST03323,Dalbir,Bajaj,dalbir.bajaj73@email.com,9762386038,Bangalore,716458,10-11-1967,Other,29-07-2024,Silver,6499.88,139,1
CUST03324,Bhavika,Palla,bhavika.palla49@email.com,9964583300,Mumbai,346694,23-11-1977,Female,28-06-2026,Gold,27471.63,108,1
CUST03325,Wakeeta,Kala,wakeeta.kala73@email.com,9629156509,Andhra Pradesh,878052,26-08-1994,Female,05-10-2025,Bronze,1680.44,15,1
CUST03326,Ayushman,Narula,ayushman.narula32@email.com,9216663275,Hyderabad,651837,14-06-1997,Other,30-03-2026,Gold,27469.15,99,1
CUST03327,Chavvi,Sengupta,chavvi.sengupta45@email.com,9948047596,Mumbai,198883,01-11-1990,Female,15-02-2025,Silver,9402.84,32,1
CUST03328,Yatan,Lalla,yatan.lalla39@email.com,9621476822,Andhra Pradesh,96859,17-02-1975,Female,12-08-2025,Silver,11764.73,45,1
CUST03329,Banjeet,Rana,banjeet.rana81@email.com,9658935140,Hyderabad,502308,19-05-1999,Male,30-11-2025,Bronze,836.77,12,1
CUST03330,Madhavi,Mand,madhavi.mand16@email.com,9423386733,Andhra Pradesh,924343,06-12-1984,Male,29-01-2025,Bronze,4045.67,19,1
CUST03331,Nidra,Narayan,nidra.narayan48@email.com,9617090829,Andhra Pradesh,121560,19-07-1976,Female,13-08-2025,Bronze,1262.35,5,1
CUST03332,Siya,Bhatt,siya.bhatt56@email.com,9593941860,Bangalore,880354,06-02-1989,Male,13-11-2025,Bronze,4205.14,19,1
CUST03333,Bina,Raj,bina.raj50@email.com,9202325331,Andhra Pradesh,49037,05-12-1987,Other,04-02-2025,Gold,19748.35,24,0
CUST03334,Ridhi,Majumdar,ridhi.majumdar21@email.com,9172297113,Chennai,691161,22-03-1973,Other,02-12-2024,Silver,6302.82,2,1
CUST03335,Jack,Nigam,jack.nigam27@email.com,9231657422,Delhi NCR,396558,13-05-1988,Male,20-01-2026,Silver,7384.7,46,1
CUST03336,Yadavi,Boase,yadavi.boase62@email.com,9876018381,Andhra Pradesh,41589,18-08-1975,Female,31-12-2024,Gold,24773.99,122,1
CUST03337,Tarak,Pradhan,tarak.pradhan95@email.com,9849501498,Hyderabad,866013,20-08-1995,Other,18-03-2025,Gold,15441.96,69,1
CUST03338,Diya,Acharya,diya.acharya75@email.com,9245348318,Hyderabad,295738,02-05-1961,Female,08-10-2024,Bronze,3113.67,19,1
CUST03339,Azaan,Biswas,azaan.biswas86@email.com,9880693212,Mumbai,457181,19-01-1986,Other,25-09-2025,Silver,12449.2,112,1
CUST03340,Christopher,Rajan,christopher.rajan34@email.com,9547837630,Andhra Pradesh,949991,15-06-1973,Other,27-06-2026,Silver,9147.04,116,1
CUST03341,Nandini,Prakash,nandini.prakash10@email.com,9773254242,Bangalore,551919,12-09-1975,Male,26-04-2026,Bronze,3731.35,18,1
CUST03342,Nisha,Walia,nisha.walia17@email.com,9766195891,Bangalore,186717,28-01-1961,Male,07-09-2025,Bronze,3204.74,11,1
CUST03343,Advay,Mukhopadhyay,advay.mukhopadhyay71@email.com,9583732602,Mumbai,932850,01-12-1993,Male,01-07-2026,Platinum,68255.34,108,1
CUST03344,Harrison,Sami,harrison.sami92@email.com,9600390773,Bangalore,293321,18-10-1973,Female,20-02-2025,Bronze,3018.87,19,0
CUST03345,Ira,Gade,ira.gade48@email.com,9711208666,Hyderabad,94003,27-01-1993,Male,26-05-2026,Gold,24976.74,98,1
CUST03346,Elijah,Sinha,elijah.sinha44@email.com,9238688925,Mumbai,588562,06-02-1991,Other,31-01-2025,Bronze,1294.26,18,0
CUST03347,Abhimanyu,Rama,abhimanyu.rama18@email.com,9282585957,Pune,112620,03-10-2004,Female,12-01-2025,Bronze,1205.03,20,1
CUST03348,Daniel,Rama,daniel.rama23@email.com,9187330939,Chennai,165712,17-01-1968,Other,17-10-2024,Bronze,1107.65,11,1
CUST03349,Raagini,Bava,raagini.bava95@email.com,9974754218,Mumbai,811239,20-12-2001,Male,07-07-2026,Bronze,1945.74,15,1
CUST03350,Timothy,Hayre,timothy.hayre74@email.com,9777128289,Delhi NCR,255987,27-01-2000,Other,28-01-2026,Gold,15597.88,5,1
CUST03351,Krishna,Bhargava,krishna.bhargava68@email.com,9698865135,Hyderabad,231459,03-11-1989,Female,22-09-2025,Bronze,3087.25,12,1
CUST03352,Yashasvi,Cheema,yashasvi.cheema32@email.com,9213722489,Kolkata,961968,04-11-1963,Male,26-02-2025,Silver,8768.13,122,0
CUST03353,Jagrati,Balasubramanian,jagrati.balasubramanian60@email.com,9922097406,Bangalore,211203,11-04-1989,Other,22-07-2024,Silver,12669.47,94,1
CUST03354,Zilmil,Das,zilmil.das84@email.com,9472581040,Kolkata,418044,31-03-1988,Male,01-05-2026,Bronze,4666.06,7,1
CUST03355,Brijesh,Borra,brijesh.borra81@email.com,9278990767,Chennai,140834,16-06-1989,Female,29-09-2025,Bronze,4811.84,16,0
CUST03356,Eshana,Lall,eshana.lall33@email.com,9712573527,Mumbai,950609,30-10-2006,Female,09-04-2026,Gold,16606.47,47,0
CUST03357,Gaurangi,Thaker,gaurangi.thaker13@email.com,9527961887,Mumbai,627456,16-12-1989,Male,22-10-2025,Gold,20655.76,35,1
CUST03358,Thomas,Pall,thomas.pall39@email.com,9353468409,Andhra Pradesh,742941,22-04-1981,Female,06-11-2024,Bronze,1984.32,11,1
CUST03359,Amol,Mannan,amol.mannan79@email.com,9298562467,Delhi NCR,776253,12-06-2006,Female,01-03-2026,Silver,6252.73,50,1
CUST03360,Bhavna,Sha,bhavna.sha30@email.com,9105891440,Pune,691953,08-08-1963,Female,30-09-2024,Silver,5930.25,2,1
CUST03361,Mahika,Mangal,mahika.mangal76@email.com,9526088428,Andhra Pradesh,286174,19-04-2006,Female,22-01-2026,Bronze,4095.82,16,1
CUST03362,Keya,Venkataraman,keya.venkataraman36@email.com,9160229242,Mumbai,902629,24-11-1990,Female,15-05-2025,Silver,9291.06,95,0
CUST03363,Frado,Dara,frado.dara66@email.com,9722197468,Bangalore,628660,14-06-1973,Other,14-03-2025,Silver,14832.02,5,1
CUST03364,Joshua,Madan,joshua.madan65@email.com,9329746013,Andhra Pradesh,896701,26-06-1987,Male,01-05-2025,Gold,15168.66,144,1
CUST03365,Kritika,Dugar,kritika.dugar88@email.com,9583200120,Hyderabad,740215,20-05-1994,Male,28-10-2024,Silver,9102.01,81,0
CUST03366,Samuel,Chadha,samuel.chadha51@email.com,9430744511,Mumbai,524235,06-11-1970,Male,09-04-2025,Silver,7878.52,97,1
CUST03367,Madhavi,Bandi,madhavi.bandi67@email.com,9480171518,Chennai,858949,13-02-1987,Female,31-05-2026,Bronze,2060.59,9,1
CUST03368,Dev,Sethi,dev.sethi86@email.com,9297849207,Chennai,150520,21-02-2003,Other,23-04-2025,Silver,9395.75,78,1
CUST03369,Vedant,Narayanan,vedant.narayanan17@email.com,9548623652,Hyderabad,131845,12-09-1988,Other,30-07-2024,Gold,33084.5,58,1
CUST03370,Forum,Karpe,forum.karpe72@email.com,9942734777,Andhra Pradesh,232210,07-09-2001,Other,22-09-2024,Gold,22921.9,138,1
CUST03371,Manan,Madan,manan.madan56@email.com,9970666782,Hyderabad,314140,05-03-1997,Other,07-07-2026,Gold,24921.2,12,1
CUST03372,Vedika,Vala,vedika.vala48@email.com,9538748407,Bangalore,437798,31-10-1970,Other,04-01-2026,Silver,11178.85,50,0
CUST03373,Daksha,Bath,daksha.bath31@email.com,9382495210,Mumbai,116823,09-11-1966,Other,02-01-2025,Bronze,3700.98,6,1
CUST03374,Vyanjana,Varughese,vyanjana.varughese81@email.com,9903809393,Andhra Pradesh,810096,18-10-1970,Female,18-05-2026,Gold,34383.59,106,1
CUST03375,Deepa,Gaba,deepa.gaba76@email.com,9588493883,Mumbai,578963,09-10-2006,Female,02-04-2025,Bronze,1297.83,9,1
CUST03376,Janaki,Thaman,janaki.thaman90@email.com,9275613768,Chennai,745263,03-05-2008,Male,08-03-2025,Platinum,36372.95,12,1
CUST03377,Yadavi,Virk,yadavi.virk61@email.com,9553852806,Hyderabad,372544,08-03-1973,Male,25-10-2024,Bronze,2013.49,12,1
CUST03378,Ekanta,Jain,ekanta.jain88@email.com,9656140669,Bangalore,117882,20-03-1998,Male,06-08-2024,Gold,30233.72,88,1
CUST03379,Garima,Batra,garima.batra29@email.com,9112151456,Bangalore,455388,02-04-1973,Male,18-08-2025,Bronze,3037.18,20,1
CUST03380,Urmi,Dutt,urmi.dutt76@email.com,9827391696,Mumbai,476766,30-04-1986,Other,19-01-2026,Silver,13152.67,52,1
CUST03381,Chaitanya,Walia,chaitanya.walia49@email.com,9667563138,Pune,887458,12-12-1990,Male,17-09-2024,Gold,18412.67,143,1
CUST03382,Kai,Bhakta,kai.bhakta29@email.com,9571560021,Delhi NCR,531368,14-01-1985,Female,30-10-2025,Gold,27749.49,58,1
CUST03383,Ranveer,Chauhan,ranveer.chauhan33@email.com,9226741762,Kolkata,262107,28-08-1980,Other,21-01-2026,Silver,6564.24,75,1
CUST03384,Fitan,Kurian,fitan.kurian66@email.com,9350279350,Bangalore,301061,03-06-1979,Female,04-07-2026,Silver,12424.07,129,1
CUST03385,Bhavini,Parekh,bhavini.parekh86@email.com,9118123974,Delhi NCR,996457,09-10-1981,Female,13-02-2025,Bronze,2720.68,13,1
CUST03386,Samarth,Kala,samarth.kala62@email.com,9367913144,Mumbai,997115,24-12-1975,Other,10-01-2025,Gold,22577.3,56,1
CUST03387,Xavier,Malhotra,xavier.malhotra54@email.com,9265410303,Hyderabad,296970,28-10-1966,Other,06-08-2024,Silver,10888.12,57,1
CUST03388,Chakradev,Jha,chakradev.jha73@email.com,9505400616,Delhi NCR,344997,03-05-1985,Other,11-02-2026,Gold,28823.91,44,1
CUST03389,Ishani,Sachdev,ishani.sachdev57@email.com,9639415036,Delhi NCR,888178,02-01-1988,Other,28-08-2024,Silver,8491.23,13,0
CUST03390,Kalpit,Dâ€™Alia,kalpit.dâ€™alia90@email.com,9747283979,Delhi NCR,992794,04-05-1975,Male,07-07-2025,Bronze,4959.38,13,1
CUST03391,Rajeshri,Kanda,rajeshri.kanda83@email.com,9788760899,Andhra Pradesh,749033,18-07-1968,Female,19-11-2024,Bronze,3420.46,2,0
CUST03392,Oliver,Grewal,oliver.grewal18@email.com,9644553712,Hyderabad,954807,26-06-1961,Female,28-02-2025,Bronze,3711.4,10,1
CUST03393,Shravya,Jhaveri,shravya.jhaveri48@email.com,9372438127,Andhra Pradesh,483687,14-08-1981,Other,10-07-2025,Gold,20162.48,47,1
CUST03394,Urishilla,Taneja,urishilla.taneja58@email.com,9867315260,Hyderabad,70366,10-07-1988,Male,16-05-2026,Bronze,4079.32,14,1
CUST03395,Ira,Ratti,ira.ratti95@email.com,9431324366,Mumbai,76228,26-01-1971,Other,19-10-2024,Bronze,4490.17,20,1
CUST03396,Pratyush,Yohannan,pratyush.yohannan60@email.com,9300800604,Andhra Pradesh,193868,11-10-1971,Male,26-07-2025,Gold,15200.78,144,0
CUST03397,Advika,Sarraf,advika.sarraf97@email.com,9297054666,Mumbai,643933,20-04-1961,Male,21-06-2026,Silver,10888.19,75,0
CUST03398,Chandani,Parsa,chandani.parsa34@email.com,9798291464,Bangalore,920666,03-10-1962,Female,07-06-2026,Bronze,1085.94,9,1
CUST03399,Anjali,Pandey,anjali.pandey53@email.com,9130046398,Bangalore,123443,09-09-1983,Female,26-08-2025,Silver,13251.94,149,1
CUST03400,Aradhana,Chand,aradhana.chand60@email.com,9738112940,Hyderabad,846512,02-05-1978,Other,05-12-2024,Platinum,53305.05,88,1
CUST03401,Jagat,Balakrishnan,jagat.balakrishnan43@email.com,9239853687,Hyderabad,378170,07-06-1981,Other,25-09-2025,Bronze,1939.31,7,0
CUST03402,Umang,Puri,umang.puri82@email.com,9348888264,Andhra Pradesh,811659,03-05-1984,Other,07-07-2026,Silver,6266.82,22,1
CUST03403,Janaki,Pradhan,janaki.pradhan89@email.com,9150803963,Bangalore,219379,22-12-1973,Female,03-07-2026,Silver,12395.27,79,0
CUST03404,Hemang,Joshi,hemang.joshi44@email.com,9590264792,Mumbai,365972,24-10-1993,Male,24-05-2025,Bronze,888.62,3,1
CUST03405,Triya,Sane,triya.sane55@email.com,9390971154,Kolkata,775935,03-08-1998,Male,13-06-2025,Bronze,1269.09,8,1
CUST03406,Ekbal,Joshi,ekbal.joshi34@email.com,9547216152,Hyderabad,174919,05-02-1984,Other,04-01-2025,Bronze,2754.64,13,1
CUST03407,Arjun,Mishra,arjun.mishra23@email.com,9614163838,Hyderabad,672339,06-11-2001,Male,28-07-2024,Bronze,512.87,4,1
CUST03408,Vrishti,Ravi,vrishti.ravi90@email.com,9303710243,Mumbai,500111,15-10-1975,Female,03-11-2025,Silver,11712.93,55,1
CUST03409,Hitesh,Natt,hitesh.natt51@email.com,9418342138,Hyderabad,804423,18-08-1988,Female,29-01-2025,Bronze,2591.44,1,0
CUST03410,Xalak,Dugar,xalak.dugar88@email.com,9764009548,Mumbai,499010,30-03-1996,Other,19-05-2025,Bronze,4229.29,18,1
CUST03411,Gunbir,Rajagopalan,gunbir.rajagopalan39@email.com,9266401501,Pune,790499,23-08-1966,Other,10-04-2025,Bronze,1194.65,10,1
CUST03412,Vasana,Kapur,vasana.kapur81@email.com,9976239986,Delhi NCR,679967,21-11-2005,Female,13-01-2025,Bronze,1385.95,4,1
CUST03413,Lila,Seth,lila.seth71@email.com,9431245404,Mumbai,96102,22-09-1973,Male,08-07-2025,Bronze,4726.9,12,1
CUST03414,Pratyush,Sankaran,pratyush.sankaran94@email.com,9190668844,Bangalore,320586,05-03-1999,Male,30-09-2025,Bronze,4340.89,11,0
CUST03415,Reva,Dutt,reva.dutt86@email.com,9903197543,Delhi NCR,597155,16-12-2006,Female,27-06-2025,Silver,9313.56,37,1
CUST03416,Rohan,Dugar,rohan.dugar34@email.com,9309555293,Mumbai,701154,03-09-2006,Female,10-11-2025,Bronze,3294.72,6,1
CUST03417,Gopal,Shukla,gopal.shukla32@email.com,9883773654,Andhra Pradesh,326096,11-02-1995,Female,08-04-2025,Bronze,1402.6,10,0
CUST03418,Niharika,Trivedi,niharika.trivedi91@email.com,9853937479,Hyderabad,108597,10-03-1974,Other,13-04-2025,Platinum,63367.15,129,1
CUST03419,Xiti,Radhakrishnan,xiti.radhakrishnan11@email.com,9391761051,Mumbai,943364,10-01-1979,Other,04-06-2026,Gold,21651.6,11,1
CUST03420,Watika,Behl,watika.behl68@email.com,9810252938,Hyderabad,632767,25-04-2005,Female,12-06-2025,Silver,6797.64,46,1
CUST03421,Indali,Ramesh,indali.ramesh88@email.com,9578507713,Andhra Pradesh,587669,11-03-1978,Male,15-04-2026,Silver,5070.18,12,1
CUST03422,Alka,Savant,alka.savant18@email.com,9139797065,Andhra Pradesh,553474,21-04-1982,Male,03-12-2025,Bronze,4508.19,15,1
CUST03423,Balendra,Dayal,balendra.dayal89@email.com,9290597192,Pune,53772,30-05-2001,Male,02-12-2025,Bronze,3254.19,9,1
CUST03424,Abdul,Mahajan,abdul.mahajan37@email.com,9263661942,Mumbai,539450,04-09-1976,Other,25-06-2025,Bronze,2605.04,10,1
CUST03425,Ikshita,Mammen,ikshita.mammen15@email.com,9632041265,Mumbai,780538,29-03-1975,Female,19-12-2024,Bronze,4593.39,2,1
CUST03426,Kamya,Rau,kamya.rau45@email.com,9311550597,Hyderabad,291369,23-05-1986,Female,10-03-2025,Gold,19629.08,80,1
CUST03427,Brijesh,Malhotra,brijesh.malhotra71@email.com,9201269873,Delhi NCR,737304,29-06-1966,Female,17-04-2025,Bronze,4705.66,17,1
CUST03428,Aarav,Raju,aarav.raju74@email.com,9552456570,Bangalore,240510,25-02-1970,Female,30-05-2025,Bronze,2632.29,4,1
CUST03429,Jalsa,Varty,jalsa.varty20@email.com,9785280734,Bangalore,879633,16-05-1980,Male,06-07-2026,Bronze,4058.42,10,0
CUST03430,Megha,Sibal,megha.sibal89@email.com,9550396344,Hyderabad,646603,30-05-1975,Male,09-05-2026,Bronze,3673.64,12,1
CUST03431,Laban,Sunder,laban.sunder20@email.com,9876709278,Chennai,997415,04-01-2001,Male,08-11-2024,Bronze,3343.61,7,1
CUST03432,Chatresh,Mander,chatresh.mander46@email.com,9588037737,Hyderabad,10276,09-08-1963,Female,28-07-2025,Silver,6207.68,123,1
CUST03433,Imaran,Narang,imaran.narang23@email.com,9434673558,Kolkata,648497,03-12-1992,Male,30-09-2025,Silver,6524.41,146,1
CUST03434,Upasna,Jain,upasna.jain35@email.com,9142895756,Hyderabad,306144,05-03-1975,Male,08-06-2026,Bronze,1922.8,12,1
CUST03435,Ekanta,Sekhon,ekanta.sekhon61@email.com,9117025156,Bangalore,478935,08-02-1962,Female,07-04-2026,Platinum,55040.86,95,1
CUST03436,Hemangini,Goswami,hemangini.goswami60@email.com,9952108184,Andhra Pradesh,27068,22-07-1992,Male,03-04-2025,Silver,6384.69,116,1
CUST03437,Rachita,Singhal,rachita.singhal72@email.com,9525782096,Mumbai,718129,14-12-1972,Male,19-01-2025,Gold,15330.56,43,1
CUST03438,Mohini,Chandran,mohini.chandran79@email.com,9219412508,Mumbai,912377,20-10-1977,Other,26-04-2025,Silver,7865.63,60,0
CUST03439,Chameli,Chaudry,chameli.chaudry20@email.com,9256039152,Andhra Pradesh,376870,23-04-1983,Other,29-06-2026,Silver,14665.49,146,0
CUST03440,Yashasvi,Apte,yashasvi.apte41@email.com,9694592750,Mumbai,910651,02-08-1962,Male,14-04-2026,Silver,12621.29,92,0
CUST03441,Prisha,Loke,prisha.loke31@email.com,9720929162,Delhi NCR,707838,14-11-2006,Female,01-12-2025,Bronze,2547.21,13,1
CUST03442,Charvi,Sastry,charvi.sastry25@email.com,9630459136,Delhi NCR,830348,13-06-1984,Male,12-07-2025,Bronze,1645.58,3,1
CUST03443,Tanay,Sant,tanay.sant29@email.com,9566526162,Kolkata,404492,26-02-1993,Female,08-12-2024,Bronze,4484.85,11,0
CUST03444,Yoshita,Bhardwaj,yoshita.bhardwaj71@email.com,9581178907,Delhi NCR,317883,05-09-2005,Male,20-03-2026,Silver,5833.08,142,1
CUST03445,Madhavi,Kunda,madhavi.kunda65@email.com,9139474548,Delhi NCR,167859,30-09-1994,Other,22-04-2026,Bronze,1272.37,17,1
CUST03446,Amara,Lal,amara.lal35@email.com,9148790882,Delhi NCR,88959,22-03-1975,Other,05-08-2024,Gold,16099.02,130,1
CUST03447,Ryan,Grewal,ryan.grewal10@email.com,9342210921,Delhi NCR,756052,09-05-1989,Other,11-11-2025,Silver,8631.75,126,1
CUST03448,Chatura,Dash,chatura.dash29@email.com,9371457850,Pune,230299,08-05-2005,Other,13-11-2025,Bronze,1025.55,20,1
CUST03449,Neelima,Raj,neelima.raj33@email.com,9486699949,Delhi NCR,309235,26-09-1987,Female,17-04-2025,Bronze,4945.34,4,1
CUST03450,Alka,Aggarwal,alka.aggarwal51@email.com,9522919679,Hyderabad,79915,10-04-1979,Female,04-04-2026,Gold,33590.18,130,1
CUST03451,Darpan,Gole,darpan.gole52@email.com,9797248116,Pune,320129,10-11-1984,Female,31-12-2024,Gold,20708.67,10,1
CUST03452,Girik,Narain,girik.narain13@email.com,9843070106,Mumbai,42318,28-01-1970,Male,12-01-2026,Silver,7795.09,144,1
CUST03453,Balvan,Rajagopalan,balvan.rajagopalan29@email.com,9148727837,Mumbai,48109,16-09-1976,Male,24-06-2026,Gold,32642.77,29,1
CUST03454,Daksh,Pal,daksh.pal39@email.com,9801005534,Andhra Pradesh,847385,22-09-1990,Other,25-02-2026,Silver,7784.15,112,0
CUST03455,Vedika,Sekhon,vedika.sekhon95@email.com,9609450976,Chennai,982455,27-08-1976,Other,30-08-2025,Bronze,2775.99,20,0
CUST03456,Henry,Prasad,henry.prasad73@email.com,9955034315,Mumbai,827238,11-12-1969,Female,22-06-2025,Bronze,1691.11,11,1
CUST03457,Anvi,Deep,anvi.deep90@email.com,9885384288,Andhra Pradesh,185255,17-07-2004,Female,15-07-2025,Silver,10401.32,3,1
CUST03458,Omya,Wable,omya.wable47@email.com,9365925675,Hyderabad,559030,24-06-1995,Female,22-10-2024,Bronze,1521.55,15,1
CUST03459,Pallavi,Narasimhan,pallavi.narasimhan20@email.com,9315473654,Chennai,487615,24-07-1961,Other,19-04-2026,Bronze,2545.49,2,1
CUST03460,Chaitaly,Vala,chaitaly.vala67@email.com,9712097100,Mumbai,915089,26-10-1969,Female,08-12-2025,Silver,9810.16,79,1
CUST03461,Aadhya,Mani,aadhya.mani89@email.com,9711246554,Andhra Pradesh,403507,25-08-1988,Female,23-10-2025,Gold,21669.9,70,1
CUST03462,Jalsa,Pal,jalsa.pal43@email.com,9188295521,Bangalore,935588,03-11-1965,Male,16-05-2026,Bronze,3812.89,17,1
CUST03463,David,Tripathi,david.tripathi96@email.com,9451705485,Mumbai,277547,23-04-1991,Male,17-11-2025,Gold,26106.63,91,1
CUST03464,Watika,Tailor,watika.tailor82@email.com,9779124119,Bangalore,592541,18-02-1969,Other,02-01-2025,Bronze,3785.61,7,1
CUST03465,Yoshita,Sem,yoshita.sem18@email.com,9619686512,Hyderabad,493797,12-06-2002,Other,16-08-2024,Bronze,2612.86,7,1
CUST03466,Anay,Tak,anay.tak46@email.com,9105156845,Chennai,455948,05-09-1981,Male,03-10-2025,Silver,6030.56,16,1
CUST03467,Omaja,Shenoy,omaja.shenoy46@email.com,9114269898,Andhra Pradesh,166239,30-09-1983,Male,22-03-2026,Silver,6385.08,100,1
CUST03468,Oviya,Suresh,oviya.suresh69@email.com,9649872964,Delhi NCR,255935,31-07-1962,Other,10-07-2026,Bronze,974.28,19,1
CUST03469,Om,Seshadri,om.seshadri22@email.com,9205505095,Delhi NCR,749064,24-12-1968,Other,17-03-2026,Bronze,825.46,1,1
CUST03470,Mohammed,Dua,mohammed.dua90@email.com,9569588398,Delhi NCR,276531,22-10-1979,Other,13-04-2026,Bronze,4459.16,1,0
CUST03471,Jhalak,Chowdhury,jhalak.chowdhury98@email.com,9829297460,Hyderabad,417005,19-10-1979,Female,27-04-2025,Silver,9297.69,117,0
CUST03472,Gayathri,Khosla,gayathri.khosla42@email.com,9686866050,Hyderabad,559556,18-04-1973,Male,21-10-2024,Bronze,3642.29,6,0
CUST03473,Panini,Kala,panini.kala58@email.com,9799739568,Pune,576680,09-09-1998,Female,16-04-2026,Bronze,1814.4,19,1
CUST03474,Ishani,Amble,ishani.amble47@email.com,9308109603,Delhi NCR,910860,14-07-1980,Other,21-12-2024,Silver,13804.55,4,1
CUST03475,Fariq,Som,fariq.som51@email.com,9190816443,Mumbai,557852,28-11-1966,Female,16-11-2025,Silver,5074.3,112,1
CUST03476,Tanmayi,Kata,tanmayi.kata94@email.com,9921378730,Mumbai,686093,19-03-1965,Female,19-12-2025,Platinum,53041.79,51,1
CUST03477,Osha,Banik,osha.banik77@email.com,9449185135,Bangalore,10558,12-12-1973,Male,24-10-2025,Bronze,1317.06,9,1
CUST03478,Farhan,Chander,farhan.chander15@email.com,9615672117,Bangalore,532026,11-12-1979,Male,24-08-2024,Platinum,47541.36,137,1
CUST03479,Bachittar,Gupta,bachittar.gupta88@email.com,9768517988,Bangalore,396379,11-06-1963,Male,08-12-2024,Bronze,1739.5,3,1
CUST03480,Aarnav,Keer,aarnav.keer43@email.com,9544922988,Bangalore,821889,03-12-1974,Male,01-09-2025,Bronze,3147.55,14,0
CUST03481,Chameli,Mander,chameli.mander33@email.com,9298445795,Mumbai,816766,15-06-1977,Other,18-02-2026,Silver,11647.89,22,1
CUST03482,Anjali,Deshmukh,anjali.deshmukh50@email.com,9718199187,Bangalore,834812,20-07-1980,Other,09-12-2024,Bronze,1556.19,15,1
CUST03483,Nidhi,Saran,nidhi.saran77@email.com,9844937630,Mumbai,742644,03-08-1962,Male,03-02-2025,Silver,8449.26,138,1
CUST03484,Ubika,Hari,ubika.hari15@email.com,9372084300,Delhi NCR,796637,17-12-2000,Female,19-03-2026,Silver,9934.64,84,1
CUST03485,Falak,Vasa,falak.vasa99@email.com,9637883720,Mumbai,877449,04-02-1999,Other,26-11-2024,Bronze,1715.74,20,1
CUST03486,Deepa,Rama,deepa.rama18@email.com,9463993568,Pune,144693,09-04-1999,Male,08-11-2025,Bronze,2293.89,14,0
CUST03487,Gaurika,Krish,gaurika.krish42@email.com,9111089111,Delhi NCR,556642,19-11-1973,Other,07-11-2025,Gold,20204.75,139,1
CUST03488,Arya,Anne,arya.anne45@email.com,9657758936,Delhi NCR,690896,20-10-1978,Male,04-03-2026,Bronze,3660.45,13,1
CUST03489,Lipika,Ramakrishnan,lipika.ramakrishnan15@email.com,9923023239,Chennai,811822,12-10-1999,Female,17-03-2026,Bronze,4940.02,10,0
CUST03490,Madhav,Kibe,madhav.kibe11@email.com,9265188260,Hyderabad,468722,12-02-1964,Female,09-01-2025,Silver,8555.13,131,1
CUST03491,Unni,Johal,unni.johal57@email.com,9628945932,Delhi NCR,784061,31-05-1974,Other,21-08-2025,Bronze,3154.34,6,1
CUST03492,Odika,Swamy,odika.swamy87@email.com,9839351096,Kolkata,857830,12-08-1978,Other,21-03-2026,Silver,6668.39,5,1
CUST03493,Forum,Narang,forum.narang33@email.com,9257098720,Bangalore,576578,09-10-1986,Female,27-09-2025,Silver,7709.21,101,1
CUST03494,Aarnav,Bhagat,aarnav.bhagat51@email.com,9395905956,Hyderabad,512676,26-04-1978,Male,26-11-2025,Bronze,1751.7,14,1
CUST03495,Aadhya,Lalla,aadhya.lalla79@email.com,9592439999,Andhra Pradesh,632705,09-07-1988,Male,09-10-2024,Bronze,4823.44,10,1
CUST03496,Aadhya,Saraf,aadhya.saraf48@email.com,9605199781,Bangalore,344200,28-05-1980,Female,12-11-2024,Bronze,3874.67,1,0
CUST03497,Gagan,Uppal,gagan.uppal46@email.com,9444602411,Delhi NCR,747152,31-12-1963,Male,27-01-2025,Bronze,1049.8,2,1
CUST03498,Eshana,Butala,eshana.butala36@email.com,9835572967,Chennai,985056,01-01-1986,Other,17-11-2025,Bronze,2112.66,15,1
CUST03499,Harrison,Keer,harrison.keer84@email.com,9820678060,Delhi NCR,585081,21-02-2003,Female,07-02-2025,Gold,23983.11,84,0
CUST03500,Raghav,Grewal,raghav.grewal31@email.com,9645965235,Hyderabad,987663,20-03-1973,Female,12-05-2026,Bronze,1950.31,1,1
CUST03501,Vrishti,Batta,vrishti.batta37@email.com,9999730879,Bangalore,233810,02-12-1987,Other,18-08-2024,Bronze,3489.18,4,1
CUST03502,Yashasvi,Brahmbhatt,yashasvi.brahmbhatt14@email.com,9707647827,Hyderabad,5229,04-02-1966,Male,01-09-2025,Silver,5371.59,10,1
CUST03503,Amara,Palla,amara.palla27@email.com,9631398575,Delhi NCR,496599,21-12-1961,Female,03-04-2025,Gold,25855.08,54,1
CUST03504,Kevin,Solanki,kevin.solanki19@email.com,9257157093,Delhi NCR,259961,29-03-1968,Other,01-04-2026,Bronze,2026.7,5,1
CUST03505,Bimala,Kale,bimala.kale99@email.com,9589995219,Mumbai,830407,24-02-1993,Other,06-02-2026,Silver,10328.39,106,0
CUST03506,Jeevika,Dasgupta,jeevika.dasgupta81@email.com,9348572458,Chennai,61092,26-01-1970,Other,10-10-2024,Gold,15652.69,133,0
CUST03507,Neelima,Shah,neelima.shah64@email.com,9767357816,Hyderabad,537147,28-10-1976,Other,27-04-2026,Silver,5997.32,54,0
CUST03508,Mohammed,Bassi,mohammed.bassi43@email.com,9797283816,Chennai,319274,26-06-1977,Female,31-03-2026,Gold,19564.24,87,1
CUST03509,Gagan,Gola,gagan.gola10@email.com,9439798887,Pune,665602,19-08-1975,Other,21-12-2024,Silver,14476.42,96,1
CUST03510,Neelima,Chadha,neelima.chadha96@email.com,9149547319,Pune,558062,06-08-1977,Female,05-07-2025,Bronze,2032.94,5,1
CUST03511,Eshana,Narula,eshana.narula28@email.com,9761616413,Hyderabad,267203,13-02-1988,Other,18-11-2025,Bronze,1021.67,5,1
CUST03512,Urvashi,Bhandari,urvashi.bhandari43@email.com,9371485770,Kolkata,751005,05-03-2007,Male,05-07-2026,Gold,28758.95,98,1
CUST03513,Rajeshri,Sura,rajeshri.sura32@email.com,9577569370,Mumbai,690571,18-05-1965,Male,03-12-2024,Silver,12525.24,109,1
CUST03514,Fiyaz,Virk,fiyaz.virk80@email.com,9429787394,Delhi NCR,679323,20-05-1985,Male,30-03-2026,Gold,25549.1,69,0
CUST03515,Raghav,Karpe,raghav.karpe56@email.com,9449392824,Andhra Pradesh,54849,29-03-2008,Other,23-03-2025,Bronze,3682.83,7,0
CUST03516,Finn,Sahota,finn.sahota85@email.com,9533126080,Bangalore,707943,07-06-1970,Male,17-05-2026,Silver,11343.44,48,1
CUST03517,Hritik,Wable,hritik.wable28@email.com,9637499737,Chennai,24264,07-08-1988,Other,20-02-2026,Gold,18613.68,75,1
CUST03518,Gaurika,Narayanan,gaurika.narayanan59@email.com,9959071756,Andhra Pradesh,902041,11-12-2004,Other,21-06-2026,Silver,13236.08,47,1
CUST03519,Dhruv,Naidu,dhruv.naidu74@email.com,9610726413,Delhi NCR,880510,02-11-2001,Female,05-01-2025,Gold,31479.71,134,1
CUST03520,Ranveer,Mane,ranveer.mane69@email.com,9518589741,Andhra Pradesh,533633,27-12-1960,Female,20-03-2025,Bronze,2219.98,9,1
CUST03521,Vasatika,Pillay,vasatika.pillay95@email.com,9884111905,Mumbai,370098,22-09-1979,Other,18-10-2024,Bronze,2396.9,4,1
CUST03522,Nidra,Lall,nidra.lall39@email.com,9349566110,Bangalore,770217,11-04-1961,Female,22-04-2026,Silver,8684.02,47,1
CUST03523,Anamika,Sastry,anamika.sastry41@email.com,9935216544,Pune,125928,26-10-2006,Female,27-04-2026,Silver,8867.41,45,1
CUST03524,Udarsh,Kala,udarsh.kala55@email.com,9936881131,Hyderabad,178568,05-12-1967,Other,05-07-2025,Bronze,1477.44,10,1
CUST03525,Kritika,Saxena,kritika.saxena34@email.com,9948017362,Delhi NCR,59173,18-06-2007,Female,11-03-2026,Bronze,2737.74,18,1
CUST03526,William,Balasubramanian,william.balasubramanian98@email.com,9722528656,Mumbai,55916,28-10-2001,Female,07-03-2026,Bronze,4321.83,14,1
CUST03527,Ranbir,Kota,ranbir.kota46@email.com,9539169070,Bangalore,793647,13-06-1962,Male,25-08-2025,Bronze,4524.39,4,0
CUST03528,Aarini,Mital,aarini.mital69@email.com,9103984590,Mumbai,654525,26-05-1999,Other,22-12-2024,Gold,17764.51,81,1
CUST03529,Jyoti,Sibal,jyoti.sibal30@email.com,9922497325,Mumbai,765094,22-03-1987,Female,04-12-2024,Bronze,4418.52,16,1
CUST03530,Advik,Singh,advik.singh21@email.com,9356533382,Delhi NCR,622719,28-07-2005,Other,14-04-2026,Gold,19461.56,142,1
CUST03531,Nathaniel,Roy,nathaniel.roy20@email.com,9738537369,Mumbai,261186,05-06-1995,Other,17-05-2026,Bronze,3093.75,2,1
CUST03532,Anmol,Dalal,anmol.dalal97@email.com,9674001967,Delhi NCR,936091,31-08-2000,Female,19-02-2025,Bronze,1565.3,11,0
CUST03533,Aarush,Bhavsar,aarush.bhavsar74@email.com,9989671118,Bangalore,3276,02-12-2005,Female,25-11-2024,Bronze,4395.12,11,1
CUST03534,Arjun,Padmanabhan,arjun.padmanabhan30@email.com,9442900633,Hyderabad,777014,18-03-2006,Female,18-10-2025,Gold,16342.28,106,1
CUST03535,Ucchal,Desai,ucchal.desai78@email.com,9230190596,Chennai,821195,04-08-1989,Female,02-12-2025,Gold,29199.27,69,1
CUST03536,Nandini,Mohan,nandini.mohan11@email.com,9617192006,Mumbai,77359,07-03-1985,Female,17-05-2025,Bronze,727.19,15,1
CUST03537,Isaac,Ganesh,isaac.ganesh85@email.com,9836467245,Chennai,51356,21-11-1976,Other,13-05-2026,Silver,5124.01,144,0
CUST03538,Tripti,Mandal,tripti.mandal94@email.com,9586099965,Mumbai,500751,05-06-1989,Male,15-07-2025,Silver,11474.75,11,1
CUST03539,Amaira,Vohra,amaira.vohra35@email.com,9932835020,Pune,735818,11-06-1969,Female,05-02-2026,Bronze,4947.31,8,1
CUST03540,Isaiah,Suri,isaiah.suri79@email.com,9264672347,Pune,487477,13-11-2001,Female,19-01-2025,Silver,8813.41,29,1
CUST03541,Kashvi,Nath,kashvi.nath98@email.com,9340394653,Delhi NCR,383569,05-12-1999,Other,19-10-2025,Bronze,568.05,10,1
CUST03542,Upasna,Dash,upasna.dash93@email.com,9476581972,Delhi NCR,520193,26-09-1964,Female,10-01-2026,Gold,23501.43,96,1
CUST03543,Lajita,Kumar,lajita.kumar85@email.com,9738048379,Andhra Pradesh,912671,01-11-1999,Other,25-09-2024,Silver,9688.37,145,1
CUST03544,Osha,Gulati,osha.gulati17@email.com,9699662552,Mumbai,530313,28-04-1998,Other,24-07-2025,Bronze,2003.73,10,1
CUST03545,Tarak,Baral,tarak.baral12@email.com,9987798165,Mumbai,682875,05-05-1976,Female,16-01-2025,Silver,13111.95,119,1
CUST03546,Forum,Narula,forum.narula85@email.com,9518660211,Bangalore,620294,24-11-1997,Female,03-08-2025,Gold,29046.26,10,1
CUST03547,Zehaan,Srinivasan,zehaan.srinivasan55@email.com,9642141804,Kolkata,128269,06-10-2005,Male,18-10-2025,Bronze,4543.95,19,1
CUST03548,Ronith,Mannan,ronith.mannan75@email.com,9181248830,Mumbai,173922,25-11-1969,Other,10-10-2025,Platinum,38402.61,38,1
CUST03549,Timothy,Butala,timothy.butala13@email.com,9754357847,Bangalore,786503,06-03-1999,Female,05-12-2025,Gold,21200.96,133,1
CUST03550,Aradhana,Sarna,aradhana.sarna30@email.com,9796782085,Mumbai,55777,30-10-1998,Male,17-09-2024,Bronze,1869.19,13,0
CUST03551,Tara,Mital,tara.mital65@email.com,9404275029,Pune,124345,04-08-1974,Female,15-04-2025,Platinum,39904.42,94,1
CUST03552,Yug,Thakkar,yug.thakkar27@email.com,9560836096,Bangalore,157509,14-02-1970,Female,16-06-2026,Gold,23071.63,137,1
CUST03553,Tripti,Dugar,tripti.dugar76@email.com,9899591556,Andhra Pradesh,948036,19-10-2000,Male,14-01-2026,Bronze,3503.02,16,1
CUST03554,Kashvi,Seshadri,kashvi.seshadri17@email.com,9256855380,Andhra Pradesh,629433,14-10-1999,Male,03-10-2024,Bronze,2969.78,14,1
CUST03555,Niharika,Wason,niharika.wason44@email.com,9946693513,Kolkata,708855,03-09-1961,Other,24-05-2025,Bronze,4256.85,1,0
CUST03556,Anita,Kari,anita.kari58@email.com,9113128170,Kolkata,410104,23-06-1970,Male,15-05-2026,Silver,12915.21,107,1
CUST03557,Vidhi,Som,vidhi.som89@email.com,9643035926,Mumbai,935492,09-05-1968,Male,03-07-2026,Bronze,789.53,9,1
CUST03558,Aarav,Chhabra,aarav.chhabra62@email.com,9403263489,Chennai,889699,14-03-2004,Female,14-10-2024,Gold,33386.26,95,1
CUST03559,Tanish,Dugal,tanish.dugal14@email.com,9855351238,Hyderabad,575384,06-10-1994,Female,07-06-2026,Silver,8080.65,23,1
CUST03560,Faras,Chaudhuri,faras.chaudhuri59@email.com,9428762451,Pune,570347,08-09-1985,Other,21-05-2025,Bronze,4121.61,13,0
CUST03561,Chatresh,Chanda,chatresh.chanda39@email.com,9330403803,Mumbai,426245,20-07-1982,Male,23-02-2025,Silver,9272.37,30,1
CUST03562,Omaja,Gaba,omaja.gaba71@email.com,9178739690,Mumbai,213546,10-12-2002,Other,19-01-2026,Bronze,1512.88,4,1
CUST03563,Omkaar,Dhawan,omkaar.dhawan41@email.com,9170475834,Chennai,940717,18-04-1977,Female,17-12-2025,Bronze,2963.66,13,1
CUST03564,Chakrika,Karnik,chakrika.karnik67@email.com,9824149542,Delhi NCR,660954,07-09-1992,Other,01-01-2026,Bronze,756.75,3,1
CUST03565,Chandran,Bedi,chandran.bedi79@email.com,9143060095,Bangalore,39810,04-08-1990,Male,10-10-2025,Bronze,2098.8,12,1
CUST03566,Ishita,Chokshi,ishita.chokshi72@email.com,9101788820,Delhi NCR,352141,12-08-1972,Female,18-07-2024,Gold,16537.19,128,1
CUST03567,Onkar,Gandhi,onkar.gandhi33@email.com,9183053063,Bangalore,175616,26-07-1995,Female,19-08-2024,Bronze,1461.73,1,1
CUST03568,Geetika,Sarin,geetika.sarin94@email.com,9612753916,Bangalore,185413,28-05-1975,Other,23-12-2025,Bronze,811.5,9,1
CUST03569,Ronith,Saran,ronith.saran50@email.com,9870037350,Hyderabad,502859,16-02-1965,Female,30-03-2025,Bronze,4941.65,15,1
CUST03570,Raagini,Nagarajan,raagini.nagarajan88@email.com,9786170492,Andhra Pradesh,791578,23-02-1972,Female,30-09-2025,Bronze,2358.9,15,1
CUST03571,Daniel,Narayan,daniel.narayan38@email.com,9212756868,Andhra Pradesh,492219,13-06-1968,Other,29-11-2025,Bronze,2045.3,12,1
CUST03572,Harshil,Mandal,harshil.mandal75@email.com,9323014428,Bangalore,999481,17-04-1980,Male,11-10-2024,Bronze,692.6,16,1
CUST03573,Bhavani,Amble,bhavani.amble70@email.com,9933927066,Kolkata,385699,12-06-1973,Female,11-10-2025,Bronze,4021.7,3,1
CUST03574,Jai,Mane,jai.mane89@email.com,9940519090,Mumbai,652012,16-08-1962,Female,09-10-2024,Silver,13805.78,138,1
CUST03575,Shravya,Mittal,shravya.mittal37@email.com,9262559457,Delhi NCR,209844,16-03-1990,Male,10-11-2025,Bronze,1048.19,10,1
CUST03576,Yahvi,Varghese,yahvi.varghese43@email.com,9113923080,Andhra Pradesh,659481,28-07-2007,Other,12-09-2025,Bronze,4544.33,9,1
CUST03577,Manan,Sheth,manan.sheth87@email.com,9931903403,Chennai,913675,30-10-2001,Male,05-10-2024,Gold,21739.32,105,0
CUST03578,Omaja,Muni,omaja.muni20@email.com,9434930757,Mumbai,915321,21-08-1998,Other,08-12-2025,Gold,20330.27,35,1
CUST03579,Atharv,Chandran,atharv.chandran52@email.com,9482632780,Delhi NCR,308523,06-07-1967,Other,23-04-2025,Platinum,57702.79,14,1
CUST03580,Neha,Walla,neha.walla17@email.com,9130973583,Chennai,342840,29-01-1969,Male,09-11-2024,Silver,12913.12,117,0
CUST03581,Zayan,Rana,zayan.rana17@email.com,9761523440,Andhra Pradesh,671320,13-01-1970,Female,18-03-2025,Silver,14628,102,1
CUST03582,Yatin,Kulkarni,yatin.kulkarni14@email.com,9942670880,Andhra Pradesh,386707,22-10-1992,Male,12-05-2025,Bronze,2391.8,10,1
CUST03583,Ayushman,Mukhopadhyay,ayushman.mukhopadhyay85@email.com,9106082136,Andhra Pradesh,939876,09-06-1987,Female,24-06-2026,Bronze,3886.64,14,0
CUST03584,Upma,Mittal,upma.mittal63@email.com,9272826387,Delhi NCR,877210,02-02-1991,Male,05-12-2025,Bronze,2461.65,8,1
CUST03585,Hamsini,Gokhale,hamsini.gokhale40@email.com,9524888714,Pune,3305,08-07-1965,Other,01-08-2024,Gold,15807.17,105,1
CUST03586,Waida,Dhillon,waida.dhillon93@email.com,9305218578,Hyderabad,725426,12-02-1984,Female,27-02-2025,Bronze,3368.29,8,1
CUST03587,Dhruv,Sarkar,dhruv.sarkar35@email.com,9597038249,Mumbai,927639,13-01-1998,Male,22-03-2025,Silver,13200.07,82,1
CUST03588,Qasim,Kanda,qasim.kanda84@email.com,9907700140,Delhi NCR,828936,25-08-2004,Female,13-12-2024,Bronze,846.16,2,0
CUST03589,Ojas,Sharaf,ojas.sharaf92@email.com,9310418486,Mumbai,807042,29-10-2004,Female,29-05-2026,Bronze,1838.58,18,1
CUST03590,Vincent,Pandey,vincent.pandey81@email.com,9516045903,Bangalore,318995,08-12-1999,Male,16-01-2025,Gold,33634.57,133,1
CUST03591,Ekavir,Buch,ekavir.buch40@email.com,9861922118,Hyderabad,992135,10-07-1977,Male,17-03-2025,Gold,34388.26,50,0
CUST03592,Unni,Bhandari,unni.bhandari94@email.com,9358898791,Chennai,70775,18-12-1960,Other,30-01-2026,Bronze,628.63,18,1
CUST03593,Chameli,Mandal,chameli.mandal54@email.com,9639312728,Delhi NCR,357686,23-06-2008,Male,05-06-2025,Bronze,3802.31,4,1
CUST03594,Jeremiah,Bobal,jeremiah.bobal44@email.com,9465165284,Delhi NCR,805951,12-02-2002,Male,16-03-2026,Silver,9232.99,99,1
CUST03595,Aarini,Mammen,aarini.mammen88@email.com,9870795592,Mumbai,422595,16-06-1983,Male,04-10-2024,Gold,21632.14,53,1
CUST03596,Rohan,Gulati,rohan.gulati94@email.com,9916959261,Delhi NCR,591541,21-02-2000,Other,04-06-2025,Silver,6799.59,8,1
CUST03597,Sathvik,Pandya,sathvik.pandya51@email.com,9192080894,Delhi NCR,109674,11-11-1983,Male,09-10-2024,Silver,11939.42,131,1
CUST03598,Victor,Sanghvi,victor.sanghvi67@email.com,9468470093,Bangalore,659050,06-09-1977,Female,06-09-2024,Bronze,4091.34,5,0
CUST03599,Vyanjana,Khanna,vyanjana.khanna58@email.com,9100002228,Kolkata,223426,27-04-2008,Male,31-07-2025,Bronze,3919.96,3,1
CUST03600,Yadavi,Shukla,yadavi.shukla35@email.com,9781138096,Mumbai,323812,29-08-1995,Male,18-09-2024,Bronze,1093.35,16,1
CUST03601,Ridhi,Bhatnagar,ridhi.bhatnagar32@email.com,9258305124,Andhra Pradesh,547521,08-05-1965,Male,19-06-2026,Silver,9168.18,21,1
CUST03602,Neel,Sastry,neel.sastry26@email.com,9788031248,Bangalore,963731,07-07-1966,Female,12-03-2025,Gold,15497.77,47,1
CUST03603,Samesh,Khare,samesh.khare83@email.com,9980499262,Hyderabad,88623,18-03-1964,Other,13-04-2026,Silver,10302.28,102,1
CUST03604,Rachana,Natt,rachana.natt35@email.com,9146773360,Mumbai,3818,27-10-1961,Other,23-01-2025,Silver,14448.2,40,1
CUST03605,Omisha,Mishra,omisha.mishra18@email.com,9817142556,Delhi NCR,100218,18-12-1970,Female,11-03-2025,Silver,9446.89,129,1
CUST03606,Faqid,Krishnan,faqid.krishnan47@email.com,9947071865,Hyderabad,817028,12-05-1978,Female,11-06-2025,Bronze,1213.34,20,1
CUST03607,Dev,Samra,dev.samra83@email.com,9402806306,Hyderabad,873214,11-03-1999,Female,01-11-2025,Silver,13766.37,42,1
CUST03608,Vanya,Apte,vanya.apte76@email.com,9330393709,Andhra Pradesh,204347,15-12-1977,Female,30-12-2024,Silver,6176.7,111,1
CUST03609,Samarth,Mohanty,samarth.mohanty24@email.com,9221996958,Chennai,210651,11-08-1963,Other,04-04-2026,Bronze,1588.5,16,1
CUST03610,Ansh,Menon,ansh.menon54@email.com,9182720301,Hyderabad,10413,05-11-1968,Other,16-01-2025,Bronze,1281.74,4,1
CUST03611,Gayathri,Peri,gayathri.peri19@email.com,9300400491,Hyderabad,794207,14-07-1970,Male,31-12-2025,Silver,12258.48,105,1
CUST03612,Joshua,Kata,joshua.kata75@email.com,9801959012,Bangalore,672176,08-10-1965,Female,21-01-2026,Bronze,2655.28,2,0
CUST03613,Watika,Setty,watika.setty52@email.com,9411210589,Hyderabad,677513,31-07-1994,Other,26-07-2025,Silver,10999.35,3,1
CUST03614,Ucchal,Bose,ucchal.bose42@email.com,9152100336,Delhi NCR,398189,26-09-1975,Other,07-11-2025,Gold,33892.97,90,1
CUST03615,Tanmayi,Dyal,tanmayi.dyal45@email.com,9165159187,Pune,487304,16-02-1985,Male,16-10-2024,Bronze,4387.51,10,0
CUST03616,Zayyan,Nagar,zayyan.nagar51@email.com,9602336363,Chennai,868173,22-08-1979,Male,14-10-2024,Bronze,1708.19,5,1
CUST03617,Azaan,Tara,azaan.tara15@email.com,9572157601,Chennai,403157,03-04-1982,Female,18-08-2025,Silver,14113.52,102,0
CUST03618,Garima,Hans,garima.hans71@email.com,9278973925,Andhra Pradesh,853620,28-02-1985,Other,17-06-2026,Silver,14057.11,70,0
CUST03619,Arya,Mohan,arya.mohan24@email.com,9212526262,Hyderabad,392719,24-01-1982,Female,29-01-2025,Bronze,1732.21,17,1
CUST03620,Azaan,Roy,azaan.roy80@email.com,9725970297,Bangalore,856702,04-04-1964,Female,11-02-2026,Bronze,2158.4,2,1
CUST03621,Upadhriti,Borde,upadhriti.borde45@email.com,9306024049,Mumbai,378420,14-04-2007,Other,13-06-2026,Bronze,4180.53,3,1
CUST03622,Hiral,Parmer,hiral.parmer55@email.com,9441717363,Delhi NCR,535440,08-03-1991,Female,27-02-2026,Gold,15322.01,115,1
CUST03623,Zaitra,Sachdev,zaitra.sachdev79@email.com,9337127804,Pune,788892,24-05-2004,Male,24-01-2026,Bronze,1411.77,11,1
CUST03624,Krishna,Cherian,krishna.cherian72@email.com,9384964425,Delhi NCR,72040,22-08-2002,Male,16-03-2025,Silver,5558.13,86,0
CUST03625,Warda,Bir,warda.bir37@email.com,9418199028,Mumbai,246175,18-01-2006,Other,03-08-2025,Bronze,1868.88,9,1
CUST03626,Alexander,Mammen,alexander.mammen57@email.com,9621692457,Andhra Pradesh,48667,11-02-1966,Female,27-08-2025,Gold,32879.74,125,1
CUST03627,Omya,Kurian,omya.kurian62@email.com,9986115292,Andhra Pradesh,262447,31-07-1964,Female,09-01-2026,Bronze,2854.69,12,1
CUST03628,Aarna,Sachdeva,aarna.sachdeva96@email.com,9124057432,Mumbai,110187,09-04-1992,Male,14-03-2026,Platinum,59975.34,11,1
CUST03629,Akshay,Kashyap,akshay.kashyap91@email.com,9652930491,Andhra Pradesh,257044,19-10-1975,Other,20-03-2026,Bronze,508.21,1,1
CUST03630,Ayush,Sheth,ayush.sheth15@email.com,9409475247,Delhi NCR,246689,20-04-2002,Other,28-05-2026,Bronze,3163.79,20,0
CUST03631,Vasudha,Kunda,vasudha.kunda25@email.com,9618434441,Bangalore,304381,15-02-1992,Female,26-06-2025,Silver,8223.52,73,1
CUST03632,Xiti,Dhar,xiti.dhar77@email.com,9355985103,Mumbai,692470,09-10-1979,Other,13-05-2026,Silver,10912.63,57,1
CUST03633,Jairaj,Cheema,jairaj.cheema87@email.com,9422847191,Kolkata,18643,17-10-1969,Female,26-01-2025,Bronze,4755.28,18,1
CUST03634,Fiyaz,Lalla,fiyaz.lalla66@email.com,9140219980,Andhra Pradesh,651812,07-02-1992,Other,29-04-2025,Bronze,4690.97,19,1
CUST03635,Faris,Soman,faris.soman37@email.com,9696019171,Mumbai,34374,03-01-1974,Other,04-02-2026,Bronze,3609.48,3,1
CUST03636,Mohammed,Pandya,mohammed.pandya35@email.com,9862790936,Kolkata,740536,10-12-1969,Male,19-03-2025,Bronze,908.78,7,1
CUST03637,Gavin,Dubey,gavin.dubey28@email.com,9955832572,Bangalore,115411,10-04-1968,Female,20-10-2025,Bronze,1193.61,2,1
CUST03638,Avi,Devan,avi.devan19@email.com,9919782367,Hyderabad,607136,02-10-2004,Male,13-10-2025,Bronze,881.75,4,1
CUST03639,Samar,Bera,samar.bera92@email.com,9512977104,Delhi NCR,522144,15-09-1971,Female,02-12-2025,Bronze,4983.12,20,1
CUST03640,Panini,Sarma,panini.sarma26@email.com,9690002716,Chennai,538425,06-06-1989,Other,19-10-2024,Bronze,3750.8,14,1
CUST03641,Jatin,Rout,jatin.rout62@email.com,9740565943,Pune,599944,10-03-1970,Other,03-06-2025,Silver,10650.32,100,0
CUST03642,Frederick,Walla,frederick.walla15@email.com,9707280909,Andhra Pradesh,553758,16-01-1971,Other,25-05-2025,Bronze,1223.95,4,1
CUST03643,Joshua,Pillay,joshua.pillay89@email.com,9360849547,Bangalore,814994,07-09-1962,Female,07-12-2024,Silver,12790.83,141,1
CUST03644,Rehaan,Deol,rehaan.deol27@email.com,9870738975,Mumbai,585935,02-05-1995,Other,30-08-2024,Bronze,4242.85,6,1
CUST03645,Samuel,Nath,samuel.nath30@email.com,9218593461,Andhra Pradesh,880507,23-01-1982,Other,22-08-2024,Bronze,1731.88,13,1
CUST03646,Widisha,Trivedi,widisha.trivedi59@email.com,9943526775,Pune,973544,30-06-1969,Male,22-04-2025,Bronze,4320.45,17,1
CUST03647,Pratyush,Mand,pratyush.mand35@email.com,9128024158,Hyderabad,777444,11-01-1999,Female,17-05-2025,Platinum,57339.34,50,1
CUST03648,Aishani,Korpal,aishani.korpal89@email.com,9113836376,Chennai,464006,20-02-1961,Male,14-05-2025,Bronze,3605.1,10,0
CUST03649,Yasti,Deshmukh,yasti.deshmukh71@email.com,9871037996,Mumbai,486275,21-05-1985,Female,02-04-2026,Gold,22698.05,1,1
CUST03650,Sarthak,Taneja,sarthak.taneja99@email.com,9913587309,Chennai,938546,15-12-1961,Female,13-10-2025,Bronze,4391.32,18,0
CUST03651,Harrison,Dey,harrison.dey34@email.com,9245297115,Bangalore,40725,13-10-1977,Female,08-04-2026,Bronze,576.95,9,1
CUST03652,Irya,Hora,irya.hora76@email.com,9572067438,Hyderabad,16099,10-09-1975,Other,04-11-2024,Gold,19790.39,64,1
CUST03653,Zayyan,Sidhu,zayyan.sidhu44@email.com,9645507324,Mumbai,792625,12-01-2006,Male,16-07-2026,Gold,26118.93,26,1
CUST03654,Hemang,Sood,hemang.sood29@email.com,9201336347,Pune,316032,04-11-1985,Other,01-09-2024,Bronze,3251.74,11,1
CUST03655,Vihaan,Mishra,vihaan.mishra33@email.com,9660280587,Bangalore,988442,05-11-1991,Female,23-09-2025,Bronze,3926.09,14,1
CUST03656,Ishita,Dugal,ishita.dugal91@email.com,9220997882,Bangalore,617949,23-09-1988,Other,01-02-2026,Bronze,836.43,13,1
CUST03657,Adweta,Nayar,adweta.nayar63@email.com,9882944921,Bangalore,959578,09-06-1968,Female,29-11-2024,Bronze,2829.64,5,1
CUST03658,Saumya,Hans,saumya.hans90@email.com,9571361209,Chennai,742718,07-02-1976,Other,29-10-2024,Bronze,640.25,8,1
CUST03659,Maanav,Mammen,maanav.mammen55@email.com,9984799508,Hyderabad,239362,03-12-1992,Female,14-05-2025,Gold,24715.47,68,1
CUST03660,Harsh,Shenoy,harsh.shenoy29@email.com,9950500229,Bangalore,404046,09-06-1983,Other,15-12-2025,Silver,9535.05,111,1
CUST03661,Jeevika,Chaudhary,jeevika.chaudhary12@email.com,9327474208,Mumbai,286381,25-11-1968,Male,30-07-2024,Bronze,2081.39,7,1
CUST03662,Inaya,Ahuja,inaya.ahuja70@email.com,9437753890,Mumbai,289207,08-10-2004,Male,01-03-2025,Silver,14561.68,124,0
CUST03663,Hamsini,Parikh,hamsini.parikh29@email.com,9388114275,Andhra Pradesh,827677,13-02-1979,Female,06-12-2024,Bronze,2992.46,2,1
CUST03664,Samuel,Kade,samuel.kade61@email.com,9247543425,Andhra Pradesh,433732,09-07-1990,Male,25-08-2025,Silver,10435.23,35,1
CUST03665,Tarak,Sahota,tarak.sahota67@email.com,9107001872,Bangalore,151002,12-05-1986,Female,19-07-2024,Silver,5202.23,54,1
CUST03666,Vrishti,Sastry,vrishti.sastry72@email.com,9792021843,Bangalore,143486,14-04-1999,Other,17-12-2025,Silver,9894.77,12,0
CUST03667,Lavanya,Oza,lavanya.oza56@email.com,9725814455,Hyderabad,715573,16-02-1968,Male,07-08-2024,Gold,18282.19,147,1
CUST03668,Ishani,Golla,ishani.golla21@email.com,9746322287,Bangalore,898318,21-05-1991,Other,06-01-2025,Bronze,1948.87,7,1
CUST03669,Azaan,Pathak,azaan.pathak61@email.com,9679732429,Hyderabad,793377,17-01-1976,Female,07-10-2024,Bronze,3462.13,14,1
CUST03670,Kalpit,Soni,kalpit.soni10@email.com,9667470229,Mumbai,414850,06-06-1971,Male,31-12-2025,Gold,34807.02,68,1
CUST03671,Sudiksha,Prakash,sudiksha.prakash94@email.com,9529825761,Mumbai,826800,20-11-2001,Other,01-09-2024,Silver,8275.15,140,1
CUST03672,Urmi,Dora,urmi.dora96@email.com,9990312161,Andhra Pradesh,87121,06-02-1996,Female,14-10-2025,Silver,9464.32,1,0
CUST03673,Arya,Palan,arya.palan89@email.com,9954343929,Bangalore,395960,28-06-1969,Other,16-01-2025,Platinum,69128.81,95,1
CUST03674,Shaurya,Borra,shaurya.borra66@email.com,9343010195,Hyderabad,998751,13-11-1991,Female,24-04-2025,Bronze,2638.2,3,1
CUST03675,Sanaya,Balan,sanaya.balan46@email.com,9345028142,Delhi NCR,230888,27-05-1964,Female,27-03-2026,Bronze,4527.5,11,1
CUST03676,Radha,Aggarwal,radha.aggarwal71@email.com,9977152852,Andhra Pradesh,175024,31-10-1968,Female,05-01-2025,Silver,14687.18,110,1
CUST03677,Arjun,Batta,arjun.batta84@email.com,9292274136,Bangalore,886758,24-03-2008,Other,16-03-2026,Bronze,743.55,9,1
CUST03678,Vedhika,Nair,vedhika.nair68@email.com,9924624031,Mumbai,850959,23-02-1967,Male,10-03-2025,Bronze,1990.77,19,1
CUST03679,Gautami,Bassi,gautami.bassi32@email.com,9217022288,Delhi NCR,972366,16-11-2002,Male,01-03-2025,Bronze,3006.2,12,1
CUST03680,Maya,Dave,maya.dave95@email.com,9833644794,Chennai,286518,15-01-1969,Female,26-02-2025,Silver,11023.76,110,1
CUST03681,Krish,Baral,krish.baral15@email.com,9346676444,Mumbai,384504,11-11-1987,Female,08-11-2024,Bronze,1977.91,13,1
CUST03682,Hitesh,Sur,hitesh.sur24@email.com,9181962028,Delhi NCR,434939,17-01-1980,Male,08-10-2024,Silver,8913.52,146,1
CUST03683,Pavani,Purohit,pavani.purohit31@email.com,9768876794,Andhra Pradesh,407886,26-11-1998,Other,18-08-2025,Bronze,2148.2,19,1
CUST03684,Jagvi,Walia,jagvi.walia26@email.com,9168165810,Delhi NCR,749110,13-06-1987,Female,01-12-2025,Silver,8858.42,39,1
CUST03685,Rajeshri,Shankar,rajeshri.shankar11@email.com,9706953103,Delhi NCR,641879,13-08-1976,Female,07-12-2025,Platinum,73234.68,32,1
CUST03686,Shivani,Yogi,shivani.yogi37@email.com,9914556830,Bangalore,377012,08-07-1979,Female,07-10-2025,Bronze,1920.99,13,1
CUST03687,Simon,Choudhary,simon.choudhary95@email.com,9126800444,Bangalore,459824,06-05-1977,Other,15-07-2026,Silver,9213.37,12,1
CUST03688,Reva,Atwal,reva.atwal95@email.com,9207072032,Hyderabad,704079,21-03-1974,Male,16-05-2025,Bronze,1111.85,4,1
CUST03689,Hemangini,Bir,hemangini.bir28@email.com,9540431262,Bangalore,569269,16-01-1970,Female,25-02-2026,Silver,6018.76,12,0
CUST03690,Chandresh,Kannan,chandresh.kannan21@email.com,9822644931,Hyderabad,735712,01-05-1985,Other,16-05-2025,Silver,6395.84,23,1
CUST03691,Veda,Goyal,veda.goyal90@email.com,9510418038,Andhra Pradesh,230085,14-09-1991,Other,12-12-2025,Bronze,4756.9,11,1
CUST03692,Yashawini,Palla,yashawini.palla35@email.com,9837167050,Bangalore,532425,22-12-1986,Other,09-05-2025,Bronze,731.38,14,0
CUST03693,Anmol,Amble,anmol.amble40@email.com,9604796426,Mumbai,578369,09-09-1963,Other,10-01-2026,Silver,12485.19,104,1
CUST03694,Samesh,Balasubramanian,samesh.balasubramanian46@email.com,9800716298,Andhra Pradesh,413653,20-01-1969,Female,17-10-2025,Gold,25323.09,76,1
CUST03695,Yutika,Naidu,yutika.naidu58@email.com,9636525830,Andhra Pradesh,849977,05-06-1962,Other,09-02-2026,Silver,8438.11,105,1
CUST03696,Wishi,Bassi,wishi.bassi29@email.com,9135615833,Andhra Pradesh,7461,19-06-1979,Male,21-03-2026,Silver,14977.61,24,1
CUST03697,Wriddhish,Kota,wriddhish.kota97@email.com,9309391112,Bangalore,4917,26-07-1981,Female,10-06-2026,Bronze,2480.25,1,1
CUST03698,Bhanumati,Hegde,bhanumati.hegde32@email.com,9240538971,Bangalore,871638,09-05-2008,Male,09-07-2025,Bronze,504.76,8,1
CUST03699,Rajeshri,Grewal,rajeshri.grewal63@email.com,9628181650,Andhra Pradesh,577405,24-11-1977,Male,05-05-2025,Bronze,4351.58,9,1
CUST03700,Yachana,Sarkar,yachana.sarkar45@email.com,9530922882,Pune,182487,24-06-1981,Female,08-09-2024,Platinum,47679.17,63,1
CUST03701,Anusha,Garde,anusha.garde58@email.com,9711954897,Andhra Pradesh,853141,03-09-2001,Other,12-08-2025,Bronze,2215.13,14,1
CUST03702,Xiti,Singhal,xiti.singhal69@email.com,9485395104,Andhra Pradesh,634921,16-08-2003,Other,20-11-2024,Bronze,1937.39,8,1
CUST03703,Laban,Jayaraman,laban.jayaraman31@email.com,9324100217,Bangalore,998215,15-11-1998,Other,20-03-2026,Silver,5737.89,118,0
CUST03704,Arjun,Atwal,arjun.atwal77@email.com,9729918048,Hyderabad,132044,09-05-1995,Female,03-02-2025,Gold,30657.46,128,0
CUST03705,Indali,Saini,indali.saini88@email.com,9597966563,Bangalore,715417,09-10-2004,Male,09-01-2026,Silver,6886.7,33,1
CUST03706,Ladli,Ramakrishnan,ladli.ramakrishnan81@email.com,9641203415,Bangalore,456893,17-10-1999,Male,21-09-2024,Silver,9448.18,2,1
CUST03707,Hardik,Ratti,hardik.ratti45@email.com,9334563037,Hyderabad,576776,22-11-1985,Other,13-04-2026,Bronze,718.15,2,1
CUST03708,Urvi,Sant,urvi.sant58@email.com,9891897048,Hyderabad,647608,21-07-1984,Female,23-10-2024,Silver,9230.64,44,1
CUST03709,Abhiram,Tella,abhiram.tella37@email.com,9423317523,Bangalore,296455,20-02-1973,Other,10-09-2024,Bronze,1014.09,13,1
CUST03710,Vritti,Patla,vritti.patla72@email.com,9367544008,Delhi NCR,499887,23-07-1996,Female,30-10-2024,Bronze,4329.5,14,1
CUST03711,Yachana,Sura,yachana.sura25@email.com,9787873532,Andhra Pradesh,754422,18-11-1960,Other,17-06-2025,Silver,5172.15,112,1
CUST03712,Faraj,Pathak,faraj.pathak40@email.com,9762792364,Pune,692987,13-10-2006,Male,14-01-2025,Bronze,3815.65,7,1
CUST03713,Rachana,Majumdar,rachana.majumdar75@email.com,9992086616,Bangalore,67246,06-12-1989,Other,22-12-2024,Silver,7668.29,19,1
CUST03714,Baljiwan,Korpal,baljiwan.korpal74@email.com,9613216819,Bangalore,143031,25-07-1997,Other,09-01-2026,Bronze,2499.11,20,1
CUST03715,Ranveer,Khare,ranveer.khare72@email.com,9459113758,Delhi NCR,11184,16-01-2006,Male,03-08-2024,Gold,34590.62,116,1
CUST03716,Nandini,Pandya,nandini.pandya58@email.com,9265716834,Delhi NCR,885587,23-04-1982,Other,02-05-2025,Bronze,3467.41,19,1
CUST03717,Kiaan,Mann,kiaan.mann52@email.com,9343814008,Mumbai,296151,12-05-1979,Female,14-12-2024,Bronze,1252.88,2,1
CUST03718,Nisha,Shankar,nisha.shankar87@email.com,9999740557,Delhi NCR,578351,19-05-1991,Other,05-10-2025,Gold,17715.74,51,1
CUST03719,Ryan,Thaker,ryan.thaker88@email.com,9746859917,Bangalore,135566,30-07-2002,Other,18-06-2025,Bronze,4545.93,3,1
CUST03720,Yug,Jani,yug.jani95@email.com,9964634879,Andhra Pradesh,864178,18-02-1970,Female,29-03-2025,Bronze,3285.19,20,1
CUST03721,Lila,Batra,lila.batra49@email.com,9218811829,Andhra Pradesh,999162,30-06-1978,Female,17-05-2026,Bronze,3564.63,9,1
CUST03722,Panini,Mohan,panini.mohan17@email.com,9353115198,Bangalore,629368,14-11-1979,Male,01-11-2024,Bronze,2901.56,5,1
CUST03723,Raagini,Vohra,raagini.vohra36@email.com,9406750199,Hyderabad,179736,21-04-1993,Female,29-09-2025,Bronze,2628.3,6,1
CUST03724,Chanakya,Chana,chanakya.chana51@email.com,9180497517,Hyderabad,271909,31-10-1981,Other,13-05-2026,Bronze,2302.42,8,1
CUST03725,Joshua,Andra,joshua.andra57@email.com,9398292195,Bangalore,872121,29-05-1985,Male,24-11-2025,Bronze,4145.88,4,1
CUST03726,Faqid,Barman,faqid.barman73@email.com,9381505747,Bangalore,562446,29-05-2007,Male,07-12-2024,Bronze,1174.27,15,1
CUST03727,Matthew,Banik,matthew.banik19@email.com,9512431537,Delhi NCR,656633,27-06-2001,Male,29-12-2024,Silver,6494.72,125,1
CUST03728,Ira,Bansal,ira.bansal67@email.com,9686674442,Kolkata,432625,01-12-1976,Male,23-12-2025,Gold,33187.55,102,1
CUST03729,Gavin,Malhotra,gavin.malhotra78@email.com,9942608103,Bangalore,307559,30-05-1996,Other,30-04-2026,Silver,7142.07,148,1
CUST03730,Bhanumati,Bhatti,bhanumati.bhatti79@email.com,9349533667,Andhra Pradesh,202484,14-06-1973,Male,22-02-2026,Bronze,1698.89,19,1
CUST03731,Hiral,Bawa,hiral.bawa41@email.com,9839213885,Hyderabad,450933,27-01-1973,Male,22-08-2025,Bronze,4877.86,14,1
CUST03732,Chatura,Shroff,chatura.shroff74@email.com,9452018662,Delhi NCR,244043,27-05-1966,Male,05-08-2024,Bronze,1829.34,4,1
CUST03733,Advik,Sidhu,advik.sidhu71@email.com,9199023965,Kolkata,182353,04-05-1969,Female,25-02-2026,Silver,12540.96,8,0
CUST03734,Vrinda,Soman,vrinda.soman41@email.com,9324621875,Delhi NCR,765547,15-08-1987,Female,06-09-2024,Gold,16257.18,102,1
CUST03735,Raksha,Datta,raksha.datta59@email.com,9355122094,Hyderabad,573554,24-06-1998,Other,07-07-2026,Gold,24190.48,1,0
CUST03736,Hredhaan,Mani,hredhaan.mani15@email.com,9191505787,Mumbai,126661,28-08-1983,Male,10-06-2026,Bronze,1388.06,10,1
CUST03737,Yatin,Kalla,yatin.kalla98@email.com,9601737627,Andhra Pradesh,942702,29-03-1965,Female,12-04-2025,Bronze,4339.06,5,1
CUST03738,Daniel,Chaudhari,daniel.chaudhari93@email.com,9341787826,Hyderabad,433906,10-04-1971,Male,20-07-2025,Gold,22465.11,39,0
CUST03739,Ganga,Thaman,ganga.thaman30@email.com,9250889868,Andhra Pradesh,477339,20-04-1965,Female,24-04-2026,Bronze,3152.04,8,1
CUST03740,Karan,Bassi,karan.bassi93@email.com,9402269719,Hyderabad,719127,19-02-1984,Other,26-10-2025,Bronze,3339.69,8,1
CUST03741,Xavier,Patil,xavier.patil58@email.com,9711892259,Hyderabad,714211,23-03-1989,Male,18-07-2026,Bronze,4666.22,16,1
CUST03742,Rachit,Goel,rachit.goel65@email.com,9445507732,Mumbai,659100,03-05-1979,Female,26-04-2026,Gold,15936.24,52,1
CUST03743,Zayan,Gupta,zayan.gupta85@email.com,9974287736,Mumbai,436444,09-11-1974,Other,18-04-2026,Bronze,2623.3,6,1
CUST03744,Naveen,Sahota,naveen.sahota10@email.com,9996627491,Delhi NCR,422007,15-05-2003,Male,11-11-2024,Bronze,2670.7,20,1
CUST03745,Noah,Sathe,noah.sathe52@email.com,9516750190,Delhi NCR,835278,29-09-1963,Male,07-05-2026,Silver,5038.16,56,1
CUST03746,Yashica,Sehgal,yashica.sehgal36@email.com,9557928640,Mumbai,710933,27-04-1997,Female,21-02-2026,Silver,7047.61,62,1
CUST03747,Kashish,Kamdar,kashish.kamdar84@email.com,9644428713,Delhi NCR,9006,14-12-1974,Male,22-11-2025,Platinum,70494.02,22,1
CUST03748,Logan,Oommen,logan.oommen54@email.com,9790953350,Delhi NCR,775465,29-01-1998,Male,03-06-2025,Bronze,963.99,9,1
CUST03749,Jai,Srinivas,jai.srinivas29@email.com,9122761785,Andhra Pradesh,847034,17-03-1979,Male,03-04-2026,Silver,6498.24,58,1
CUST03750,Oviya,Kalita,oviya.kalita47@email.com,9194989740,Hyderabad,246568,11-12-1979,Other,16-07-2026,Bronze,4310.7,20,1
CUST03751,Dhruv,Natt,dhruv.natt13@email.com,9177181669,Pune,635175,28-03-1994,Male,23-12-2024,Bronze,3114.84,11,0
CUST03752,Dipta,Bir,dipta.bir13@email.com,9825375415,Andhra Pradesh,176965,05-06-2008,Male,13-04-2026,Bronze,1695.9,5,1
CUST03753,Jalsa,Rege,jalsa.rege79@email.com,9233264838,Hyderabad,600337,19-12-1981,Other,14-11-2024,Bronze,3617.82,19,1
CUST03754,Qabil,Rana,qabil.rana77@email.com,9987420991,Bangalore,842109,02-06-1971,Female,07-12-2024,Bronze,4962.49,6,0
CUST03755,Joshua,Nanda,joshua.nanda20@email.com,9761794062,Mumbai,455795,07-01-1974,Female,04-07-2025,Silver,13845.23,74,0
CUST03756,Kalpit,Karpe,kalpit.karpe13@email.com,9416772544,Bangalore,660414,05-05-1970,Female,14-07-2026,Silver,13702.65,23,0
CUST03757,Pushti,Mohanty,pushti.mohanty28@email.com,9426886168,Hyderabad,29708,26-10-1965,Other,05-01-2025,Silver,14383.62,70,1
CUST03758,Vidhi,Dubey,vidhi.dubey67@email.com,9615435557,Hyderabad,982109,06-03-1974,Female,24-04-2025,Bronze,1802.76,2,1
CUST03759,Manthan,Mukhopadhyay,manthan.mukhopadhyay58@email.com,9873947389,Kolkata,922950,19-06-1966,Female,25-01-2026,Silver,6561.69,63,1
CUST03760,Dalaja,Ramesh,dalaja.ramesh26@email.com,9695113461,Hyderabad,840769,23-11-1982,Male,18-12-2024,Silver,11100.61,84,1
CUST03761,Chatura,Sidhu,chatura.sidhu31@email.com,9428165948,Delhi NCR,476790,21-12-1963,Female,23-06-2025,Bronze,2056.97,15,1
CUST03762,Yashasvi,Dugal,yashasvi.dugal74@email.com,9872865248,Andhra Pradesh,466669,19-07-1981,Male,03-01-2026,Silver,11766.58,46,0
CUST03763,Tristan,Sankar,tristan.sankar63@email.com,9555189509,Kolkata,943868,09-05-1971,Female,31-05-2026,Bronze,3037.36,11,0
CUST03764,Ishani,Babu,ishani.babu80@email.com,9113954323,Andhra Pradesh,592562,24-05-1999,Other,23-07-2025,Silver,5147.41,28,1
CUST03765,Qarin,Purohit,qarin.purohit25@email.com,9750120625,Bangalore,923257,10-05-1971,Other,31-07-2025,Bronze,2155.58,17,1
CUST03766,Yash,Modi,yash.modi81@email.com,9838509001,Delhi NCR,892704,12-05-1992,Male,02-12-2024,Silver,11587.64,85,1
CUST03767,Reyansh,Khosla,reyansh.khosla12@email.com,9437664120,Hyderabad,466610,06-08-1984,Male,03-10-2024,Silver,5670.59,84,1
CUST03768,Chanchal,Raju,chanchal.raju10@email.com,9521932566,Bangalore,806862,20-09-1994,Female,11-04-2026,Silver,14637.75,46,1
CUST03769,Libni,Venkatesh,libni.venkatesh69@email.com,9372509435,Hyderabad,924494,03-11-1961,Male,23-02-2026,Bronze,3037.48,2,1
CUST03770,Yatan,Parsa,yatan.parsa61@email.com,9976050666,Andhra Pradesh,869561,02-03-1976,Other,18-12-2025,Silver,6593.28,101,0
CUST03771,Chandani,Mahajan,chandani.mahajan20@email.com,9460757706,Andhra Pradesh,883318,24-05-1977,Female,13-09-2025,Bronze,1308.58,6,1
CUST03772,Ayaan,Dara,ayaan.dara15@email.com,9162112634,Kolkata,934769,08-03-1965,Male,03-04-2026,Bronze,4547.5,10,1
CUST03773,Krishna,Jani,krishna.jani98@email.com,9920598439,Chennai,793980,29-09-1966,Other,12-03-2026,Gold,29468.02,104,1
CUST03774,Nakul,Dutta,nakul.dutta34@email.com,9748666662,Andhra Pradesh,163185,27-10-1972,Other,11-08-2024,Gold,16531.97,69,1
CUST03775,Abeer,Dua,abeer.dua48@email.com,9767177865,Hyderabad,915231,21-10-1973,Male,22-01-2025,Silver,6647.18,136,1
CUST03776,Megha,Kalla,megha.kalla47@email.com,9747869760,Delhi NCR,409821,23-12-1971,Male,29-07-2025,Bronze,2210.43,12,1
CUST03777,Chakradev,Goswami,chakradev.goswami67@email.com,9295396131,Mumbai,189672,05-12-1962,Female,26-04-2026,Bronze,1222.09,1,1
CUST03778,Isaiah,Goswami,isaiah.goswami81@email.com,9930763171,Delhi NCR,903177,20-10-2003,Female,23-03-2025,Bronze,2641.92,12,1
CUST03779,Mohini,Atwal,mohini.atwal67@email.com,9893196027,Delhi NCR,19176,15-11-1983,Other,03-05-2026,Bronze,1757.47,16,1
CUST03780,Simon,Ghosh,simon.ghosh32@email.com,9127048207,Andhra Pradesh,483438,11-04-1993,Female,14-10-2024,Gold,21026.68,90,1
CUST03781,Kashish,Bora,kashish.bora44@email.com,9841649913,Chennai,474691,10-04-1968,Other,14-07-2025,Bronze,3246.3,4,1
CUST03782,Dalbir,Sethi,dalbir.sethi94@email.com,9861162780,Pune,272820,13-11-1977,Male,28-08-2024,Bronze,3411.65,4,1
CUST03783,Chakradhar,Khanna,chakradhar.khanna48@email.com,9470654448,Andhra Pradesh,834912,28-06-1974,Other,25-11-2024,Bronze,2197.4,12,1
CUST03784,Isaiah,Rai,isaiah.rai17@email.com,9802463946,Delhi NCR,59324,15-01-2008,Female,15-09-2024,Silver,7975.57,138,1
CUST03785,Vivaan,Dewan,vivaan.dewan88@email.com,9197910954,Hyderabad,276252,26-02-2005,Other,23-05-2026,Bronze,2474.66,1,0
CUST03786,Brijesh,Gade,brijesh.gade77@email.com,9872156130,Mumbai,311679,11-02-1984,Female,01-02-2026,Bronze,1508.54,6,1
CUST03787,Bina,Gandhi,bina.gandhi84@email.com,9453098745,Bangalore,267011,30-10-1987,Female,29-06-2025,Gold,24733.9,92,1
CUST03788,Yashasvi,Choudhry,yashasvi.choudhry28@email.com,9640707938,Mumbai,678629,10-01-1961,Female,04-12-2024,Gold,17297.18,149,1
CUST03789,Ekaja,Char,ekaja.char49@email.com,9520962318,Hyderabad,386426,27-08-1990,Other,15-01-2025,Silver,13201.13,69,1
CUST03790,Amol,Garde,amol.garde15@email.com,9392173789,Bangalore,99417,19-03-2007,Other,05-04-2026,Gold,15552.18,132,0
CUST03791,Hamsini,Joshi,hamsini.joshi96@email.com,9280532062,Bangalore,405319,24-01-1996,Male,21-02-2025,Gold,23930.13,68,1
CUST03792,Falan,Bhat,falan.bhat26@email.com,9709100422,Delhi NCR,75508,15-03-1978,Male,11-08-2025,Bronze,2698.95,3,0
CUST03793,Ekaja,Gade,ekaja.gade13@email.com,9671370202,Hyderabad,677037,10-11-1994,Male,28-01-2025,Bronze,507.41,14,1
CUST03794,Rajata,Seth,rajata.seth72@email.com,9869753480,Hyderabad,8307,09-04-1987,Female,14-02-2025,Bronze,4386.13,16,0
CUST03795,Chaitaly,Baria,chaitaly.baria85@email.com,9571542679,Mumbai,835501,28-05-1994,Male,19-06-2026,Gold,25364.48,130,1
CUST03796,Nihal,Sathe,nihal.sathe25@email.com,9151155591,Delhi NCR,797328,19-04-1973,Other,29-09-2025,Silver,10743.65,124,1
CUST03797,Atharv,Dalal,atharv.dalal49@email.com,9355346387,Delhi NCR,205112,06-11-1964,Female,20-04-2026,Bronze,1067.5,17,1
CUST03798,Reyansh,Kumer,reyansh.kumer50@email.com,9988000652,Mumbai,636801,07-08-2002,Female,24-10-2025,Silver,13067.05,29,1
CUST03799,Balveer,Patla,balveer.patla90@email.com,9864531157,Bangalore,240651,17-01-1965,Female,23-12-2025,Platinum,53965.4,49,1
CUST03800,Upasna,Mahajan,upasna.mahajan62@email.com,9589200322,Bangalore,117064,06-05-1997,Female,17-04-2025,Bronze,4806.31,11,1
CUST03801,Ria,Sarin,ria.sarin22@email.com,9614026326,Pune,312407,23-06-2005,Other,30-10-2025,Bronze,2856.21,12,1
CUST03802,Aryan,Morar,aryan.morar85@email.com,9826951016,Mumbai,813881,07-11-1999,Female,04-09-2024,Silver,10741.29,14,1
CUST03803,Jeet,Chaudhry,jeet.chaudhry50@email.com,9911916189,Chennai,567677,11-11-1988,Other,18-06-2026,Silver,5063.74,22,1
CUST03804,Ekavir,Nigam,ekavir.nigam77@email.com,9809079469,Delhi NCR,496017,15-03-1963,Other,02-10-2025,Gold,29897.97,27,1
CUST03805,Michael,Chandra,michael.chandra92@email.com,9484297883,Andhra Pradesh,645177,12-04-1963,Male,26-10-2024,Gold,31853.53,143,1
CUST03806,Michael,Jha,michael.jha64@email.com,9613124915,Delhi NCR,453478,01-08-1971,Male,25-06-2025,Bronze,3904.45,13,1
CUST03807,Triveni,Deshpande,triveni.deshpande79@email.com,9632225680,Mumbai,320959,23-05-2004,Female,04-01-2026,Bronze,3032.27,8,0
CUST03808,Qabil,Wali,qabil.wali56@email.com,9151683445,Chennai,898735,17-09-1994,Other,09-08-2025,Platinum,62947.99,86,0
CUST03809,Owen,Shanker,owen.shanker52@email.com,9274479897,Hyderabad,993357,15-02-2007,Male,17-11-2025,Silver,8479.52,32,1
CUST03810,Amol,Gade,amol.gade91@email.com,9760230847,Delhi NCR,93986,12-11-2005,Female,12-06-2025,Platinum,38056.17,57,1
CUST03811,Rohan,Wadhwa,rohan.wadhwa15@email.com,9914677018,Delhi NCR,648442,22-08-2006,Male,06-07-2025,Bronze,2516.17,13,1
CUST03812,Yuvraj,Kaul,yuvraj.kaul26@email.com,9512525981,Mumbai,652391,08-03-1998,Other,07-02-2026,Gold,34232.79,150,0
CUST03813,Omaja,Setty,omaja.setty88@email.com,9859032752,Bangalore,227353,07-07-1976,Female,14-05-2026,Silver,11640.89,109,1
CUST03814,Devika,Aggarwal,devika.aggarwal71@email.com,9500765687,Bangalore,201663,11-04-1977,Other,12-02-2025,Silver,12729.14,60,0
CUST03815,Daniel,Dada,daniel.dada68@email.com,9915898384,Hyderabad,215634,09-06-2007,Male,10-04-2025,Gold,23532.35,149,1
CUST03816,Peter,Sagar,peter.sagar51@email.com,9496676652,Hyderabad,628862,29-04-1975,Male,16-12-2024,Gold,30743.31,78,1
CUST03817,Janya,Sharaf,janya.sharaf73@email.com,9392212458,Hyderabad,444551,10-12-2004,Male,13-03-2025,Bronze,1424.89,15,1
CUST03818,Samar,Madan,samar.madan13@email.com,9666588166,Delhi NCR,211175,04-08-1978,Female,08-06-2026,Silver,13609.55,37,1
CUST03819,Alka,Memon,alka.memon47@email.com,9935630727,Andhra Pradesh,742188,29-11-1980,Male,04-12-2024,Bronze,1790.83,8,1
CUST03820,Charita,Radhakrishnan,charita.radhakrishnan17@email.com,9753274487,Delhi NCR,815129,12-02-1968,Male,21-10-2024,Bronze,554.09,10,1
CUST03821,Nikita,Mahajan,nikita.mahajan80@email.com,9173824966,Bangalore,924642,19-06-2000,Female,24-10-2025,Bronze,4179.44,1,1
CUST03822,Yachana,Sathe,yachana.sathe55@email.com,9301825300,Hyderabad,473539,16-08-2002,Female,01-09-2025,Silver,13171.91,11,1
CUST03823,Warhi,Prasad,warhi.prasad15@email.com,9332911476,Delhi NCR,530075,29-08-1968,Male,05-02-2025,Silver,9791.08,133,1
CUST03824,Jyoti,Borra,jyoti.borra80@email.com,9707186680,Hyderabad,479230,28-08-1983,Female,14-07-2025,Silver,14815.3,40,1
CUST03825,Onveer,Lad,onveer.lad21@email.com,9924073057,Bangalore,310812,17-08-1977,Male,28-05-2025,Bronze,1643.45,12,1
CUST03826,Charita,Khare,charita.khare13@email.com,9875436293,Hyderabad,862430,22-10-2003,Other,11-09-2024,Gold,24814.95,74,1
CUST03827,Amruta,Sagar,amruta.sagar89@email.com,9820154018,Bangalore,669610,30-03-1986,Male,07-04-2026,Silver,9623.43,111,1
CUST03828,Odika,Kibe,odika.kibe69@email.com,9124478639,Bangalore,491218,18-12-1993,Female,25-10-2025,Silver,12917.34,145,1
CUST03829,Balhaar,Raju,balhaar.raju67@email.com,9242595882,Delhi NCR,61471,13-05-1984,Male,12-10-2025,Gold,34203.99,35,1
CUST03830,Aditya,Chaudry,aditya.chaudry39@email.com,9155452938,Delhi NCR,250231,22-10-1988,Male,21-08-2024,Silver,8308.31,34,1
CUST03831,Aarav,Kumar,aarav.kumar12@email.com,9877687651,Bangalore,272898,30-10-1988,Other,22-03-2026,Gold,28695.01,125,1
CUST03832,Yasti,Karan,yasti.karan70@email.com,9907175625,Andhra Pradesh,120861,13-07-1978,Male,18-02-2026,Silver,5797.65,109,1
CUST03833,Chakrika,Dhaliwal,chakrika.dhaliwal17@email.com,9429333852,Mumbai,79669,07-09-2001,Other,11-04-2026,Bronze,3764.38,10,1
CUST03834,Sneha,Tiwari,sneha.tiwari57@email.com,9601448401,Delhi NCR,200141,26-06-1979,Female,30-04-2026,Gold,27655.4,135,1
CUST03835,Anamika,Deshpande,anamika.deshpande56@email.com,9860412880,Mumbai,607372,02-05-1977,Male,17-01-2026,Bronze,2210.27,9,1
CUST03836,Pallavi,Bir,pallavi.bir67@email.com,9572305970,Mumbai,952859,08-05-2001,Female,15-02-2025,Bronze,1984.88,10,0
CUST03837,Tanmayi,Naik,tanmayi.naik23@email.com,9646648236,Bangalore,637982,25-11-2000,Male,12-01-2025,Bronze,2582.83,13,1
CUST03838,Ayush,Oak,ayush.oak76@email.com,9628028443,Andhra Pradesh,779798,08-10-1974,Other,16-05-2025,Bronze,2692.31,10,1
CUST03839,Sachi,Saraf,sachi.saraf19@email.com,9199005407,Mumbai,741059,30-05-1975,Female,31-10-2025,Bronze,506,16,1
CUST03840,Anjali,Wason,anjali.wason51@email.com,9217095062,Andhra Pradesh,504390,19-08-1976,Other,08-04-2025,Bronze,2261.07,3,1
CUST03841,Radha,Bal,radha.bal99@email.com,9223046312,Andhra Pradesh,858696,03-07-1989,Male,25-01-2026,Silver,11780.28,92,1
CUST03842,Alexander,Saini,alexander.saini69@email.com,9892420195,Delhi NCR,547607,11-10-1982,Female,05-05-2026,Silver,12069.01,115,1
CUST03843,Finn,Garg,finn.garg66@email.com,9513052026,Kolkata,18426,15-10-1971,Male,15-12-2025,Silver,7879.86,46,1
CUST03844,Laksh,Raghavan,laksh.raghavan47@email.com,9722521032,Pune,418024,15-01-1984,Female,13-10-2025,Bronze,2592.34,14,1
CUST03845,Chaaya,Bhat,chaaya.bhat18@email.com,9851377487,Hyderabad,935653,09-06-1983,Female,17-11-2024,Silver,5927.07,35,0
CUST03846,Aradhana,Konda,aradhana.konda93@email.com,9548383083,Chennai,795076,11-12-2006,Female,07-07-2026,Gold,32284.06,35,1
CUST03847,Janani,Naidu,janani.naidu76@email.com,9648508471,Kolkata,374852,08-01-1983,Other,15-09-2024,Gold,17676.29,10,1
CUST03848,Onkar,Garde,onkar.garde22@email.com,9582265837,Delhi NCR,846790,23-02-1966,Male,12-12-2025,Gold,30801.96,116,1
CUST03849,Vyanjana,Nair,vyanjana.nair85@email.com,9304169071,Bangalore,279294,31-10-1998,Female,01-01-2026,Gold,29171.34,84,0
CUST03850,Priya,Narang,priya.narang13@email.com,9643814983,Mumbai,396749,28-11-1998,Other,08-11-2025,Bronze,1714.61,7,1
CUST03851,Chatresh,Dhar,chatresh.dhar64@email.com,9657495036,Hyderabad,385407,10-08-1960,Male,01-09-2024,Bronze,2617.1,14,1
CUST03852,Adweta,Chakraborty,adweta.chakraborty83@email.com,9110336697,Bangalore,912426,11-12-1998,Other,12-02-2026,Bronze,4928.38,11,1
CUST03853,Ekaja,Singhal,ekaja.singhal17@email.com,9440094203,Mumbai,385139,09-05-1993,Male,05-05-2025,Bronze,4683.49,13,1
CUST03854,Yug,Nath,yug.nath98@email.com,9672769421,Delhi NCR,946142,08-02-1990,Male,18-02-2026,Gold,26314.99,50,0
CUST03855,Oliver,Bains,oliver.bains94@email.com,9251793910,Andhra Pradesh,85206,17-04-1977,Female,23-12-2024,Bronze,4786.41,4,1
CUST03856,Adya,Reddy,adya.reddy80@email.com,9956576023,Bangalore,189787,26-05-1973,Female,01-07-2025,Bronze,1439.69,16,1
CUST03857,Maanas,Verma,maanas.verma93@email.com,9199606638,Mumbai,659338,05-05-1963,Other,25-02-2025,Bronze,1705.23,1,1
CUST03858,Harsh,Bhatti,harsh.bhatti83@email.com,9466942118,Bangalore,160333,16-09-1964,Other,13-08-2025,Platinum,67591.27,77,0
CUST03859,Kashvi,Manne,kashvi.manne13@email.com,9454767371,Delhi NCR,184366,27-03-1964,Female,16-12-2025,Silver,5620.42,36,1
CUST03860,Pratyush,Babu,pratyush.babu65@email.com,9520878212,Chennai,137880,28-04-1971,Female,31-12-2025,Gold,17154.13,8,1
CUST03861,Ekalinga,Balay,ekalinga.balay61@email.com,9928651179,Delhi NCR,676777,04-07-1991,Female,20-01-2025,Gold,25028.98,125,0
CUST03862,Omaja,Oommen,omaja.oommen66@email.com,9895898283,Hyderabad,645545,26-07-2002,Female,05-06-2026,Silver,11646.51,97,1
CUST03863,Dalbir,Joshi,dalbir.joshi67@email.com,9207929745,Andhra Pradesh,819543,03-12-1984,Other,09-03-2026,Silver,14790.06,135,1
CUST03864,Indrajit,Chokshi,indrajit.chokshi40@email.com,9153671717,Bangalore,269395,28-10-1985,Male,24-12-2024,Silver,12643.59,101,1
CUST03865,Wahab,Bawa,wahab.bawa59@email.com,9341858063,Delhi NCR,333135,25-09-2006,Other,16-02-2026,Silver,6370.14,86,1
CUST03866,Ekaraj,Mukhopadhyay,ekaraj.mukhopadhyay41@email.com,9532991565,Delhi NCR,507026,02-08-1977,Female,31-07-2024,Bronze,2790.24,1,0
CUST03867,Rachana,Devi,rachana.devi59@email.com,9127556177,Andhra Pradesh,67415,28-07-2003,Male,21-10-2024,Bronze,3106.78,12,1
CUST03868,Chameli,Mohan,chameli.mohan94@email.com,9933525498,Mumbai,621648,13-03-1977,Other,08-02-2026,Gold,25592.52,82,1
CUST03869,Aadhya,Deshpande,aadhya.deshpande91@email.com,9608576985,Mumbai,973029,24-09-1979,Other,28-08-2024,Silver,10564.54,6,1
CUST03870,Rajeshri,Narang,rajeshri.narang92@email.com,9323496783,Mumbai,252023,16-02-1985,Female,15-08-2025,Gold,27613.3,56,1
CUST03871,Samuel,Setty,samuel.setty51@email.com,9844350353,Andhra Pradesh,125828,18-07-1978,Other,03-09-2025,Bronze,1897.58,14,0
CUST03872,Frado,Mital,frado.mital65@email.com,9479529365,Delhi NCR,165991,17-03-2008,Other,14-10-2025,Silver,12667.32,22,0
CUST03873,Anya,Murthy,anya.murthy56@email.com,9642012671,Hyderabad,446452,04-10-1976,Male,19-04-2026,Silver,6570.17,20,1
CUST03874,Abeer,Balan,abeer.balan97@email.com,9734626859,Bangalore,152428,10-02-1986,Male,06-08-2025,Gold,17722.21,99,1
CUST03875,Jasmit,Narayanan,jasmit.narayanan17@email.com,9941134289,Mumbai,701897,04-10-1993,Other,26-10-2025,Silver,6289.67,33,1
CUST03876,Hiral,Bath,hiral.bath87@email.com,9763461998,Bangalore,467093,14-05-1989,Female,02-08-2025,Bronze,747.83,15,1
CUST03877,Luke,Oza,luke.oza81@email.com,9734458008,Mumbai,280041,12-12-1991,Male,28-07-2025,Bronze,2792.14,17,1
CUST03878,Bachittar,Tandon,bachittar.tandon31@email.com,9520320861,Delhi NCR,460316,14-03-1967,Female,06-01-2025,Silver,14766.38,147,1
CUST03879,Chanchal,Arora,chanchal.arora94@email.com,9355746872,Andhra Pradesh,992164,14-05-1984,Female,26-07-2025,Gold,28336.45,74,1
CUST03880,Ekiya,Goel,ekiya.goel29@email.com,9981493738,Hyderabad,542832,05-10-1998,Female,23-02-2026,Bronze,660.26,16,1
CUST03881,Mugdha,Suri,mugdha.suri24@email.com,9973171652,Hyderabad,150668,14-02-1995,Female,10-09-2024,Bronze,929.8,3,1
CUST03882,Idika,Parmer,idika.parmer63@email.com,9248996864,Mumbai,155661,22-03-1989,Male,05-06-2025,Bronze,1221.69,4,1
CUST03883,Charvi,Bassi,charvi.bassi27@email.com,9629801248,Kolkata,636460,18-10-1983,Female,02-10-2025,Silver,14970.04,127,1
CUST03884,Kamala,Murthy,kamala.murthy94@email.com,9532779544,Bangalore,611339,17-04-1983,Male,05-06-2025,Bronze,3593.27,11,1
CUST03885,Raghav,Grover,raghav.grover68@email.com,9340238967,Delhi NCR,451825,03-06-1987,Male,01-11-2025,Gold,15437.3,108,1
CUST03886,Netra,Bhavsar,netra.bhavsar11@email.com,9978293233,Delhi NCR,126974,10-07-1998,Female,01-05-2026,Bronze,771.44,11,1
CUST03887,Lipika,Sunder,lipika.sunder55@email.com,9242115624,Andhra Pradesh,879896,13-01-1974,Other,22-09-2024,Gold,25662.14,119,1
CUST03888,Pavani,Kapur,pavani.kapur44@email.com,9299535151,Hyderabad,527043,30-12-1986,Female,04-10-2025,Bronze,3878.2,13,1
CUST03889,Qadim,Gole,qadim.gole31@email.com,9403784166,Hyderabad,916423,03-11-1960,Other,19-10-2024,Bronze,3685.88,19,1
CUST03890,Krish,Subramanian,krish.subramanian65@email.com,9784444498,Delhi NCR,690176,01-06-1974,Female,09-10-2024,Bronze,1833.01,13,1
CUST03891,Gautam,Thakkar,gautam.thakkar12@email.com,9407114101,Hyderabad,370855,10-12-1975,Female,09-04-2026,Silver,5508.72,1,1
CUST03892,Lipika,Agrawal,lipika.agrawal95@email.com,9237837280,Hyderabad,223063,31-03-1984,Female,07-06-2025,Bronze,2809.37,12,1
CUST03893,Upma,Jhaveri,upma.jhaveri25@email.com,9686155445,Mumbai,775694,09-11-1971,Male,05-03-2026,Gold,20175.36,50,1
CUST03894,Dayamai,Bhattacharyya,dayamai.bhattacharyya45@email.com,9407769854,Chennai,400327,18-05-1974,Other,01-08-2024,Silver,13285.82,12,0
CUST03895,Tejas,Datta,tejas.datta10@email.com,9970827488,Andhra Pradesh,827463,27-08-1982,Other,24-10-2024,Bronze,2714.19,17,1
CUST03896,Veer,Om,veer.om84@email.com,9876401197,Bangalore,118820,26-01-1977,Other,27-04-2026,Bronze,4730.23,20,1
CUST03897,Aarush,Sanghvi,aarush.sanghvi90@email.com,9773883387,Andhra Pradesh,862185,23-02-1974,Female,01-07-2026,Bronze,4011.65,16,0
CUST03898,Devansh,Chauhan,devansh.chauhan22@email.com,9604994644,Chennai,281779,04-08-1962,Female,07-04-2026,Bronze,1088.14,14,1
CUST03899,Shaurya,Raman,shaurya.raman54@email.com,9685810553,Andhra Pradesh,663694,22-03-1993,Male,01-12-2024,Bronze,4280.17,16,0
CUST03900,Yashica,Borah,yashica.borah57@email.com,9520927201,Pune,265984,07-06-1983,Other,25-07-2024,Bronze,2405.46,7,1
CUST03901,Reyansh,Iyer,reyansh.iyer87@email.com,9161576940,Hyderabad,902940,08-11-1975,Female,03-08-2025,Silver,6671.1,124,1
CUST03902,Jalsa,Kamdar,jalsa.kamdar77@email.com,9273133919,Mumbai,313245,17-02-1969,Male,05-05-2026,Bronze,2244.94,13,1
CUST03903,Sara,Narayan,sara.narayan69@email.com,9793795542,Hyderabad,719503,03-04-1964,Other,30-04-2025,Gold,33747.4,67,1
CUST03904,Neha,Thaker,neha.thaker25@email.com,9537421259,Mumbai,807126,27-12-1982,Other,12-11-2024,Bronze,3104.55,20,1
CUST03905,Bhanumati,Master,bhanumati.master11@email.com,9836254166,Kolkata,852983,04-02-1995,Male,12-08-2025,Bronze,3163.75,11,1
CUST03906,Omkaar,Agrawal,omkaar.agrawal55@email.com,9462226088,Hyderabad,514977,06-05-1994,Female,04-06-2025,Gold,20310.01,107,0
CUST03907,Amrita,Chakraborty,amrita.chakraborty56@email.com,9762467765,Andhra Pradesh,616576,13-02-1984,Other,01-11-2024,Silver,9749.47,123,1
CUST03908,Yashoda,Ganesan,yashoda.ganesan88@email.com,9239289510,Delhi NCR,619549,23-11-2005,Male,11-04-2026,Bronze,1040.71,7,1
CUST03909,Arjun,Deep,arjun.deep23@email.com,9933340596,Mumbai,849434,24-04-1982,Female,08-07-2025,Bronze,1188.78,15,1
CUST03910,Varsha,Rout,varsha.rout43@email.com,9555871130,Hyderabad,138865,06-02-2003,Other,08-04-2025,Silver,11226.08,68,1
CUST03911,Amol,Bandi,amol.bandi27@email.com,9733529016,Andhra Pradesh,595678,22-04-1973,Male,05-11-2024,Bronze,3387.04,1,1
CUST03912,Sathvik,Patla,sathvik.patla70@email.com,9406733395,Bangalore,601941,16-01-1971,Other,24-11-2025,Gold,32111.18,37,1
CUST03913,Tripti,Balasubramanian,tripti.balasubramanian74@email.com,9522723622,Bangalore,618536,19-11-1962,Female,16-01-2026,Bronze,3950.68,1,1
CUST03914,Waida,Warrior,waida.warrior96@email.com,9528445369,Kolkata,720203,07-09-2003,Other,21-01-2026,Bronze,3751.01,9,1
CUST03915,Tanish,Chaudhry,tanish.chaudhry48@email.com,9797778809,Hyderabad,209966,27-12-1992,Male,15-06-2025,Platinum,66552.5,46,1
CUST03916,Thomas,Savant,thomas.savant80@email.com,9781783519,Hyderabad,37344,18-10-1994,Other,07-01-2025,Gold,25962.9,96,1
CUST03917,Keya,Pathak,keya.pathak12@email.com,9724132554,Andhra Pradesh,707190,12-03-1984,Female,29-05-2025,Silver,11971.33,130,1
CUST03918,Eshana,Swaminathan,eshana.swaminathan42@email.com,9610082734,Hyderabad,396770,01-03-1982,Other,05-02-2025,Silver,10272.44,50,1
CUST03919,Mahika,Seshadri,mahika.seshadri32@email.com,9737487597,Chennai,931649,06-12-1960,Female,19-10-2025,Bronze,1064.31,10,1
CUST03920,Harita,Madan,harita.madan97@email.com,9110424406,Mumbai,887305,06-10-1995,Female,12-08-2025,Bronze,2874.65,10,1
CUST03921,Pushti,Walla,pushti.walla63@email.com,9536678001,Bangalore,25312,06-09-2000,Female,01-04-2026,Bronze,3868.65,10,1
CUST03922,Patrick,Sami,patrick.sami77@email.com,9794678659,Mumbai,254780,05-04-2007,Female,12-08-2024,Gold,17891,59,1
CUST03923,Falak,Varty,falak.varty17@email.com,9882126428,Bangalore,401461,06-01-1982,Male,02-11-2025,Bronze,3505.42,4,1
CUST03924,Unni,Arya,unni.arya54@email.com,9189479381,Mumbai,19007,24-10-1974,Male,25-08-2025,Silver,6265.97,60,1
CUST03925,Yashawini,Nagarajan,yashawini.nagarajan25@email.com,9526876232,Chennai,673474,24-02-1977,Male,04-05-2026,Gold,15995.67,73,1
CUST03926,Neelima,Kata,neelima.kata66@email.com,9144256742,Mumbai,894131,20-08-1999,Female,03-09-2025,Bronze,2648.02,14,1
CUST03927,Eesha,Radhakrishnan,eesha.radhakrishnan70@email.com,9319075802,Bangalore,183213,13-06-1961,Female,15-04-2025,Bronze,1209.79,19,1
CUST03928,Chaaya,Dass,chaaya.dass78@email.com,9470089810,Andhra Pradesh,251119,15-03-2005,Female,19-08-2024,Bronze,4816.75,16,0
CUST03929,Ronith,Pandit,ronith.pandit66@email.com,9942991234,Kolkata,94294,02-11-1964,Female,20-04-2026,Bronze,1371.25,19,1
CUST03930,Pratyush,Murthy,pratyush.murthy75@email.com,9511418315,Delhi NCR,999032,07-05-1977,Other,24-09-2025,Silver,7809.08,17,1
CUST03931,Sara,Sahota,sara.sahota38@email.com,9122422336,Andhra Pradesh,660628,30-10-1999,Other,16-07-2026,Bronze,782.98,15,1
CUST03932,Ekaja,Bobal,ekaja.bobal48@email.com,9384018180,Hyderabad,403997,25-12-1997,Male,03-01-2025,Bronze,3256.34,4,0
CUST03933,Triya,Mangat,triya.mangat54@email.com,9228893399,Mumbai,308183,10-04-1988,Male,19-01-2025,Bronze,2416.84,17,1
CUST03934,Naveen,Jayaraman,naveen.jayaraman66@email.com,9323092735,Pune,26638,25-11-1971,Male,30-05-2026,Bronze,700.03,8,1
CUST03935,Aayush,Sodhi,aayush.sodhi37@email.com,9115557472,Andhra Pradesh,548185,10-07-1968,Male,06-01-2025,Bronze,1105.51,8,1
CUST03936,Udant,Cheema,udant.cheema85@email.com,9732157538,Hyderabad,786057,08-02-1991,Other,29-05-2025,Bronze,3847.98,1,1
CUST03937,Sneha,Tak,sneha.tak42@email.com,9834053204,Bangalore,928892,26-10-1962,Female,28-05-2026,Silver,6553.1,44,1
CUST03938,Vedant,Bhargava,vedant.bhargava60@email.com,9415947929,Mumbai,875740,16-11-1984,Other,13-08-2025,Silver,11402.59,103,0
CUST03939,Quincy,Khanna,quincy.khanna92@email.com,9165268186,Bangalore,360677,08-08-1996,Female,27-07-2025,Bronze,4178.16,19,1
CUST03940,Indrajit,Gara,indrajit.gara57@email.com,9537149925,Bangalore,972655,18-03-1992,Other,05-09-2024,Silver,5709.62,149,1
CUST03941,Ranbir,Ravel,ranbir.ravel53@email.com,9989449648,Hyderabad,967451,20-10-2007,Other,16-02-2026,Silver,6545.86,99,1
CUST03942,Dayamai,Mutti,dayamai.mutti71@email.com,9666245800,Hyderabad,752574,08-10-1980,Male,26-12-2025,Silver,11128.74,94,1
CUST03943,Zarna,Wali,zarna.wali59@email.com,9883663081,Hyderabad,526990,15-03-1968,Female,13-04-2026,Silver,6309.92,77,1
CUST03944,Jasmit,Chawla,jasmit.chawla21@email.com,9496204943,Bangalore,156733,12-07-1997,Male,20-05-2026,Silver,12306.04,105,1
CUST03945,Hemangini,Borde,hemangini.borde51@email.com,9630886823,Delhi NCR,764670,17-09-2004,Other,30-04-2025,Gold,32984.3,4,1
CUST03946,Darpan,Sachdev,darpan.sachdev41@email.com,9767691339,Hyderabad,983831,18-03-2000,Female,07-01-2025,Silver,9792.69,120,1
CUST03947,Aashi,Saraf,aashi.saraf80@email.com,9235078691,Bangalore,27586,23-01-1964,Other,27-01-2025,Bronze,2909.56,15,1
CUST03948,Chandani,Padmanabhan,chandani.padmanabhan87@email.com,9818135869,Pune,333892,01-03-1977,Male,08-03-2025,Gold,26223.85,149,1
CUST03949,Jagvi,Devi,jagvi.devi94@email.com,9921133264,Mumbai,570515,01-07-1983,Female,30-01-2026,Bronze,631.15,2,0
CUST03950,Upma,Wali,upma.wali16@email.com,9223344877,Mumbai,638803,09-11-1971,Male,12-02-2025,Bronze,4857.94,11,1
CUST03951,Maanav,Shetty,maanav.shetty34@email.com,9963898397,Andhra Pradesh,618628,20-07-2003,Male,07-05-2025,Bronze,1954.5,2,1
CUST03952,Turvi,Krishna,turvi.krishna34@email.com,9725211590,Bangalore,623703,17-02-2007,Female,23-09-2025,Silver,7310.13,51,1
CUST03953,Hemangini,Mallick,hemangini.mallick82@email.com,9401498203,Bangalore,872681,23-05-1999,Female,23-05-2026,Silver,14453.59,140,1
CUST03954,Ranbir,Das,ranbir.das91@email.com,9548564232,Kolkata,294123,15-01-1970,Female,18-08-2025,Gold,15896.02,84,1
CUST03955,Aadi,Ramanathan,aadi.ramanathan14@email.com,9487476805,Delhi NCR,539418,30-01-1985,Male,16-02-2025,Silver,10205.93,60,1
CUST03956,Harita,Pillai,harita.pillai71@email.com,9717781510,Hyderabad,189258,08-08-1996,Male,07-06-2026,Gold,21713.56,34,1
CUST03957,William,Chada,william.chada83@email.com,9313657076,Andhra Pradesh,3563,14-06-1962,Male,22-12-2024,Silver,12212.41,93,1
CUST03958,Nathan,Tiwari,nathan.tiwari66@email.com,9354231220,Delhi NCR,673549,01-03-1961,Other,14-03-2025,Silver,7346.56,121,1
CUST03959,Sanya,Rai,sanya.rai88@email.com,9597633361,Bangalore,716896,25-01-2005,Male,03-11-2024,Bronze,2527.26,6,1
CUST03960,George,Hayer,george.hayer95@email.com,9717783076,Andhra Pradesh,508628,18-04-1988,Other,22-06-2026,Bronze,963.69,4,1
CUST03961,Dipta,Raju,dipta.raju28@email.com,9354889366,Chennai,347608,05-03-1997,Female,30-11-2024,Bronze,1711.47,16,1
CUST03962,Shivansh,Bahri,shivansh.bahri39@email.com,9563763065,Hyderabad,587289,07-11-2004,Male,27-11-2025,Bronze,2432.19,16,1
CUST03963,Bimala,Rana,bimala.rana80@email.com,9852822813,Bangalore,363163,26-02-1977,Other,30-07-2024,Gold,22838.12,107,1
CUST03964,Chaaya,Ram,chaaya.ram79@email.com,9921431459,Bangalore,172628,08-07-1961,Female,17-01-2025,Silver,8030.29,103,1
CUST03965,Sarthak,Ravel,sarthak.ravel80@email.com,9530409159,Kolkata,908474,27-05-1999,Female,18-09-2024,Bronze,2433.07,16,1
CUST03966,Gautam,Sant,gautam.sant51@email.com,9150360556,Hyderabad,430310,24-06-2007,Male,02-10-2024,Gold,21008.46,68,0
CUST03967,Lipika,Sabharwal,lipika.sabharwal43@email.com,9825333631,Bangalore,662284,28-03-1985,Male,29-04-2026,Bronze,3243.19,11,1
CUST03968,Eesha,Mohan,eesha.mohan62@email.com,9620593637,Hyderabad,408579,18-04-1986,Other,13-11-2024,Silver,14690.07,124,1
CUST03969,Nicholas,Pandey,nicholas.pandey61@email.com,9225948454,Bangalore,108486,23-12-1965,Male,15-08-2024,Bronze,2596.07,18,1
CUST03970,Lavanya,Sachdeva,lavanya.sachdeva83@email.com,9358885573,Kolkata,26046,09-10-2000,Female,31-07-2024,Silver,8218.64,81,1
CUST03971,Hemang,Sathe,hemang.sathe35@email.com,9547820232,Kolkata,953891,22-05-1986,Other,10-06-2026,Silver,12018.83,115,1
CUST03972,Krish,Muni,krish.muni25@email.com,9128330378,Bangalore,106678,03-08-1997,Male,26-02-2025,Bronze,2144.77,15,1
CUST03973,Ekaja,Singhal,ekaja.singhal29@email.com,9495940625,Delhi NCR,216502,17-01-2007,Other,15-02-2025,Bronze,779.43,7,1
CUST03974,Michael,Kakar,michael.kakar77@email.com,9375836679,Mumbai,544071,24-02-1965,Female,28-11-2025,Bronze,1193.9,20,1
CUST03975,Alexander,Shetty,alexander.shetty70@email.com,9477529743,Bangalore,985023,17-07-2005,Male,11-12-2025,Platinum,43417.3,95,1
CUST03976,Atharv,Pal,atharv.pal16@email.com,9641061018,Andhra Pradesh,667148,03-09-1983,Other,15-01-2025,Silver,14926.61,73,1
CUST03977,Tristan,Issac,tristan.issac21@email.com,9640688608,Mumbai,714795,30-10-1984,Other,01-02-2025,Bronze,3098.08,9,1
CUST03978,Dominic,Garde,dominic.garde78@email.com,9937525290,Hyderabad,492202,03-02-1995,Other,21-12-2025,Bronze,4063.46,5,1
CUST03979,Ekbal,Parikh,ekbal.parikh55@email.com,9811665933,Chennai,89521,10-07-1990,Male,27-05-2026,Gold,18942.81,53,1
CUST03980,Manya,Aggarwal,manya.aggarwal77@email.com,9533110660,Andhra Pradesh,269625,23-08-1963,Other,10-05-2026,Bronze,2738.88,9,1
CUST03981,Falak,Bhandari,falak.bhandari58@email.com,9360934197,Mumbai,324913,06-06-2001,Female,04-03-2025,Silver,10675.69,10,1
CUST03982,William,Bhagat,william.bhagat58@email.com,9128654008,Chennai,250274,26-05-2001,Other,22-05-2025,Bronze,3082.05,8,0
CUST03983,Max,Khatri,max.khatri24@email.com,9360394189,Hyderabad,844037,04-04-2004,Male,19-05-2025,Bronze,3069.6,11,0
CUST03984,Isha,Kurian,isha.kurian54@email.com,9854837955,Andhra Pradesh,999428,18-10-1984,Other,10-02-2026,Bronze,2600.38,4,1
CUST03985,Anirudh,Halder,anirudh.halder53@email.com,9530378721,Delhi NCR,86414,04-06-1998,Male,02-06-2025,Silver,8039.18,120,1
CUST03986,Yatan,Dave,yatan.dave81@email.com,9304345359,Delhi NCR,850504,19-03-2006,Male,19-08-2025,Bronze,4385.52,18,1
CUST03987,Warhi,Cherian,warhi.cherian78@email.com,9459270009,Mumbai,905182,07-12-1974,Other,15-07-2025,Gold,17541.19,66,1
CUST03988,Vinaya,Garde,vinaya.garde10@email.com,9688393004,Pune,90744,17-01-1978,Other,18-07-2025,Bronze,4234.68,3,1
CUST03989,Vincent,Chhabra,vincent.chhabra46@email.com,9657044120,Bangalore,717400,09-03-1974,Other,20-01-2026,Silver,14062,100,1
CUST03990,Aahana,Parikh,aahana.parikh76@email.com,9966461289,Andhra Pradesh,884865,05-06-2006,Female,13-07-2026,Bronze,620.24,10,1
CUST03991,Vidhi,Joshi,vidhi.joshi74@email.com,9174460170,Andhra Pradesh,449666,18-11-1960,Female,26-06-2025,Bronze,2722.8,12,0
CUST03992,Krishna,Kanda,krishna.kanda10@email.com,9561015360,Mumbai,604741,14-08-1970,Female,23-07-2024,Bronze,1981.83,14,1
CUST03993,Hitesh,Agarwal,hitesh.agarwal33@email.com,9529437132,Mumbai,689382,29-09-1984,Other,01-05-2026,Bronze,2007.33,14,1
CUST03994,Kevin,Walla,kevin.walla96@email.com,9773676721,Bangalore,43935,04-07-1968,Other,26-05-2025,Silver,10494.24,133,1
CUST03995,Andrew,Devan,andrew.devan61@email.com,9373735259,Mumbai,957752,01-07-2007,Other,01-07-2026,Bronze,4591.52,7,1
CUST03996,Qushi,Sahota,qushi.sahota87@email.com,9436046023,Delhi NCR,803163,17-10-1987,Other,17-07-2025,Silver,7459.43,108,1
CUST03997,Ekaraj,Sharaf,ekaraj.sharaf73@email.com,9745242733,Chennai,248135,27-02-1977,Male,31-07-2025,Platinum,73830.41,18,1
CUST03998,Lekha,Loyal,lekha.loyal20@email.com,9229820279,Mumbai,983930,13-10-1974,Male,14-11-2025,Bronze,3046.37,3,0
CUST03999,Ishita,Khosla,ishita.khosla57@email.com,9281434270,Bangalore,260885,09-05-1973,Male,05-12-2024,Bronze,4327.11,12,1
CUST04000,Upadhriti,Khalsa,upadhriti.khalsa81@email.com,9478138096,Andhra Pradesh,11499,24-10-1993,Other,28-04-2026,Silver,13839.13,90,1
CUST04001,Daksha,Shah,daksha.shah63@email.com,9407626713,Bangalore,473770,17-04-1979,Female,28-02-2026,Silver,11664.43,97,1
CUST04002,Balveer,Sahni,balveer.sahni32@email.com,9985120697,Mumbai,819456,10-06-1983,Female,07-10-2025,Bronze,1984.66,1,1
CUST04003,Varenya,Seshadri,varenya.seshadri55@email.com,9685939348,Bangalore,961034,28-12-1961,Other,10-04-2025,Bronze,4612.2,16,1
CUST04004,Upma,Jha,upma.jha31@email.com,9239649070,Pune,891080,04-07-1980,Other,08-04-2026,Silver,9218.41,95,1
CUST04005,Imaran,Taneja,imaran.taneja25@email.com,9961980183,Delhi NCR,694307,17-07-1971,Other,04-04-2026,Bronze,2967.41,5,1
CUST04006,Hemang,Thakkar,hemang.thakkar45@email.com,9731848779,Bangalore,716991,24-11-1986,Male,23-03-2025,Silver,7521.44,101,1
CUST04007,Yashawini,Shere,yashawini.shere82@email.com,9522752135,Kolkata,363411,23-09-1962,Other,07-02-2025,Bronze,1607.84,13,1
CUST04008,Garima,Sarraf,garima.sarraf17@email.com,9862268763,Andhra Pradesh,712657,16-10-2007,Other,19-11-2024,Bronze,526.92,15,1
CUST04009,Ekalinga,Dhawan,ekalinga.dhawan90@email.com,9592097888,Hyderabad,278988,10-07-1985,Male,26-06-2026,Silver,10891.89,127,0
CUST04010,Nitesh,Kuruvilla,nitesh.kuruvilla22@email.com,9669410542,Bangalore,960841,21-11-2007,Other,14-04-2025,Bronze,4259.36,8,1
CUST04011,Gaurika,Pillai,gaurika.pillai15@email.com,9513797759,Hyderabad,730437,16-11-1988,Other,22-12-2024,Bronze,2860.01,17,1
CUST04012,Jatin,Wagle,jatin.wagle80@email.com,9663219794,Mumbai,596707,07-12-1968,Male,21-06-2025,Bronze,1445.32,17,1
CUST04013,Aadhya,Kumer,aadhya.kumer10@email.com,9685933890,Andhra Pradesh,440004,04-01-1963,Female,19-03-2026,Bronze,670.74,12,1
CUST04014,Sai,Pingle,sai.pingle31@email.com,9460932532,Bangalore,23106,20-10-1981,Other,12-03-2026,Bronze,4823.29,12,1
CUST04015,Banjeet,Saxena,banjeet.saxena31@email.com,9919988043,Kolkata,296822,12-10-1998,Male,12-08-2025,Silver,7657.02,110,1
CUST04016,Ganga,Mody,ganga.mody32@email.com,9131426853,Hyderabad,734497,22-09-1999,Other,18-04-2026,Bronze,810.25,14,1
CUST04017,Manthan,Prasad,manthan.prasad28@email.com,9953495639,Hyderabad,973665,27-04-1979,Other,28-06-2025,Silver,8786.22,39,1
CUST04018,Jeevika,Trivedi,jeevika.trivedi74@email.com,9657648936,Mumbai,837105,22-04-1973,Female,16-10-2025,Silver,14703.5,33,1
CUST04019,Luke,Pant,luke.pant18@email.com,9356865635,Bangalore,677185,26-10-1973,Other,24-01-2026,Bronze,3983.98,6,1
CUST04020,Nandini,Agate,nandini.agate96@email.com,9616479178,Pune,743040,15-04-1971,Male,16-04-2025,Bronze,1777.92,12,0
CUST04021,Krishna,Bhargava,krishna.bhargava10@email.com,9176126856,Mumbai,413166,06-03-1994,Female,14-07-2025,Gold,20272.67,138,1
CUST04022,Indira,Divan,indira.divan19@email.com,9831005699,Bangalore,71279,27-05-2007,Other,17-07-2025,Bronze,539.3,13,1
CUST04023,Harshil,Sarna,harshil.sarna80@email.com,9551432490,Bangalore,350642,06-12-2007,Female,09-07-2025,Bronze,1812.77,11,1
CUST04024,Nakul,Bajwa,nakul.bajwa76@email.com,9157463283,Bangalore,388176,23-12-1991,Male,22-05-2025,Silver,9647.67,9,1
CUST04025,Krishna,Ganesh,krishna.ganesh50@email.com,9231545213,Mumbai,25431,07-07-1987,Other,27-11-2025,Bronze,4141.97,6,1
CUST04026,Vincent,Bhavsar,vincent.bhavsar67@email.com,9476878098,Bangalore,846472,17-05-1983,Female,08-06-2025,Silver,13938.84,109,1
CUST04027,Chatura,Mandal,chatura.mandal83@email.com,9475252668,Chennai,782036,05-10-2002,Female,03-08-2024,Bronze,2044.53,4,1
CUST04028,Mahika,Chokshi,mahika.chokshi15@email.com,9951580250,Mumbai,502613,22-01-1978,Male,09-08-2024,Silver,10120.47,66,1
CUST04029,Urishilla,Kara,urishilla.kara14@email.com,9312364673,Bangalore,220667,06-03-1990,Female,29-05-2025,Silver,14417.43,23,1
CUST04030,Ekantika,Mangat,ekantika.mangat56@email.com,9647954792,Hyderabad,532421,11-08-2007,Other,18-05-2026,Silver,9101.94,127,1
CUST04031,Nisha,Mall,nisha.mall72@email.com,9977786471,Mumbai,532861,13-04-1992,Female,18-09-2025,Gold,27325.28,116,1
CUST04032,Advik,Pau,advik.pau78@email.com,9755390433,Mumbai,380573,04-04-1973,Female,15-10-2024,Silver,11812.71,135,1
CUST04033,Udant,Radhakrishnan,udant.radhakrishnan36@email.com,9142277969,Bangalore,886455,18-11-1985,Female,29-10-2024,Bronze,2554.75,4,1
CUST04034,Nilima,Choudhary,nilima.choudhary47@email.com,9309783443,Delhi NCR,107055,02-06-1994,Male,24-07-2024,Bronze,3987.09,17,1
CUST04035,Januja,Dugar,januja.dugar33@email.com,9718918069,Mumbai,86874,26-03-1980,Female,27-09-2024,Bronze,1317.15,15,1
CUST04036,Jonathan,Halder,jonathan.halder96@email.com,9676837554,Bangalore,998962,09-03-1982,Other,26-09-2025,Silver,7053.18,105,1
CUST04037,Mekhala,Dora,mekhala.dora62@email.com,9130772631,Mumbai,356006,27-08-2004,Female,10-12-2024,Gold,15957.22,135,1
CUST04038,Gaurika,Pal,gaurika.pal77@email.com,9325238312,Chennai,517975,08-09-1965,Male,21-05-2026,Bronze,1958.48,2,1
CUST04039,Sai,Soman,sai.soman88@email.com,9127668820,Mumbai,953127,05-01-1974,Male,10-02-2025,Bronze,3088.9,9,1
CUST04040,Zayan,Natt,zayan.natt95@email.com,9854506670,Delhi NCR,197621,23-12-1973,Other,16-07-2026,Bronze,1583.93,18,1
CUST04041,Amruta,Saha,amruta.saha94@email.com,9119861604,Delhi NCR,646152,05-03-2008,Male,03-04-2026,Gold,29158.63,70,0
CUST04042,Raagini,Nayak,raagini.nayak91@email.com,9101409171,Hyderabad,222470,01-08-2006,Male,18-08-2025,Bronze,1409.34,12,0
CUST04043,Girish,Agate,girish.agate14@email.com,9162002461,Andhra Pradesh,481297,20-06-1965,Male,08-11-2025,Silver,9949.44,46,0
CUST04044,Anjali,Bassi,anjali.bassi69@email.com,9825476067,Delhi NCR,374812,23-11-1987,Male,22-08-2025,Bronze,4974.68,18,1
CUST04045,Imaran,Sura,imaran.sura87@email.com,9626723767,Mumbai,8058,02-06-1997,Male,05-04-2026,Silver,7106.45,134,0
CUST04046,Advik,Narayan,advik.narayan20@email.com,9265312108,Bangalore,814033,12-10-1979,Male,22-01-2026,Bronze,3882.15,9,1
CUST04047,Aryan,Oak,aryan.oak52@email.com,9808170164,Andhra Pradesh,810563,09-10-1983,Male,28-11-2025,Silver,13949.13,25,1
CUST04048,Zarna,Sankaran,zarna.sankaran34@email.com,9427641622,Bangalore,213116,17-04-2008,Other,05-06-2025,Bronze,1591.57,16,1
CUST04049,Chavvi,Sahota,chavvi.sahota20@email.com,9761074032,Bangalore,212467,07-04-1989,Female,12-03-2026,Bronze,3105.99,16,1
CUST04050,Aarna,Dhawan,aarna.dhawan60@email.com,9223847259,Bangalore,259836,07-05-1971,Other,27-08-2024,Bronze,3979.93,17,1
CUST04051,Tanvi,Loke,tanvi.loke74@email.com,9497761348,Hyderabad,959126,07-11-1960,Other,18-05-2026,Gold,18970.46,19,1
CUST04052,Manthan,Acharya,manthan.acharya70@email.com,9893850154,Bangalore,314656,15-04-2007,Other,18-04-2025,Bronze,2742.74,12,1
CUST04053,Warhi,Dar,warhi.dar33@email.com,9550430578,Mumbai,657813,03-02-1962,Male,24-02-2025,Silver,6371.16,88,1
CUST04054,Hemani,Bhandari,hemani.bhandari22@email.com,9733055315,Delhi NCR,389641,17-08-1987,Other,13-02-2025,Bronze,945.01,4,0
CUST04055,Indira,Baral,indira.baral62@email.com,9345392020,Bangalore,295322,07-12-1975,Other,04-08-2024,Gold,25872.12,6,1
CUST04056,Urmi,Divan,urmi.divan77@email.com,9185379467,Hyderabad,876412,31-08-1988,Other,02-10-2024,Bronze,2035.25,14,1
CUST04057,Teerth,Patla,teerth.patla77@email.com,9221721092,Bangalore,745861,04-11-1994,Female,17-02-2026,Bronze,2470.56,17,1
CUST04058,Agastya,Naidu,agastya.naidu44@email.com,9637507300,Pune,934083,28-08-1985,Male,13-02-2025,Bronze,1294.95,17,0
CUST04059,Arya,Dhaliwal,arya.dhaliwal23@email.com,9733342554,Bangalore,885988,19-01-1969,Male,18-10-2025,Bronze,4910.79,17,1
CUST04060,Orinder,Aurora,orinder.aurora14@email.com,9323273848,Delhi NCR,965693,23-08-1972,Other,01-05-2025,Platinum,58564.68,66,1
CUST04061,Oeshi,Dhar,oeshi.dhar95@email.com,9554691900,Delhi NCR,622368,08-08-1976,Other,20-09-2024,Bronze,4642.76,20,1
CUST04062,Owen,Singhal,owen.singhal25@email.com,9388280070,Andhra Pradesh,341839,16-11-2001,Male,15-01-2026,Bronze,826.44,17,1
CUST04063,Hemangini,Nori,hemangini.nori14@email.com,9369780494,Mumbai,802280,13-07-1966,Other,17-05-2026,Bronze,2702.31,13,1
CUST04064,Suhani,Tank,suhani.tank29@email.com,9263076383,Mumbai,62945,02-10-1961,Female,29-10-2024,Bronze,4895.76,13,1
CUST04065,Libni,Mangat,libni.mangat14@email.com,9530998053,Mumbai,735341,09-04-2004,Male,21-02-2025,Bronze,3224.69,8,1
CUST04066,Yatin,Bora,yatin.bora24@email.com,9325774146,Mumbai,323186,30-08-2005,Female,19-02-2026,Bronze,856.3,11,1
CUST04067,Prisha,Sidhu,prisha.sidhu27@email.com,9868256378,Pune,667477,01-07-2004,Other,23-11-2025,Bronze,3809.99,5,1
CUST04068,Laban,Behl,laban.behl30@email.com,9785727697,Andhra Pradesh,104083,16-03-1995,Female,28-01-2025,Silver,7247.79,65,1
CUST04069,Yatin,Sidhu,yatin.sidhu75@email.com,9673897753,Bangalore,601877,01-12-1992,Male,20-03-2026,Silver,13852.29,31,1
CUST04070,Hiral,Kapadia,hiral.kapadia39@email.com,9949981641,Mumbai,422539,04-12-1975,Male,08-11-2025,Gold,20926.45,9,1
CUST04071,Kai,Desai,kai.desai10@email.com,9470492283,Delhi NCR,257772,30-07-1991,Female,07-07-2025,Silver,12436.92,110,1
CUST04072,Zayyan,Pathak,zayyan.pathak28@email.com,9335234563,Bangalore,502188,23-12-1983,Female,10-12-2024,Bronze,2259.04,14,1
CUST04073,Girik,Chaudhry,girik.chaudhry42@email.com,9200567548,Kolkata,846036,13-06-1973,Other,03-09-2025,Silver,5639.76,15,0
CUST04074,Victor,Randhawa,victor.randhawa98@email.com,9342590630,Delhi NCR,884204,30-12-1991,Other,01-04-2025,Silver,12043.32,22,1
CUST04075,Yatin,Pillay,yatin.pillay22@email.com,9532835985,Chennai,770693,27-12-2006,Other,19-10-2025,Bronze,3116.7,12,1
CUST04076,Peter,Vora,peter.vora94@email.com,9677584085,Delhi NCR,320254,06-04-1988,Male,19-09-2024,Bronze,577.27,13,1
CUST04077,Oni,Som,oni.som41@email.com,9631927050,Andhra Pradesh,677818,21-04-1999,Female,23-08-2025,Gold,25447.97,71,1
CUST04078,Radha,Kale,radha.kale64@email.com,9276553125,Bangalore,139594,29-11-2003,Female,29-03-2025,Gold,33219.17,67,1
CUST04079,Krishna,Bhattacharyya,krishna.bhattacharyya51@email.com,9670886965,Delhi NCR,857235,11-06-2003,Other,27-08-2024,Bronze,4317.01,7,0
CUST04080,Gagan,Mand,gagan.mand47@email.com,9247155420,Delhi NCR,377962,02-11-1987,Other,24-12-2025,Silver,6604.82,95,1
CUST04081,Ronith,Tiwari,ronith.tiwari50@email.com,9725026219,Bangalore,549977,08-05-1999,Male,22-09-2024,Bronze,4441.81,15,0
CUST04082,Varenya,Dube,varenya.dube63@email.com,9493005368,Chennai,8100,06-03-1967,Other,14-02-2026,Silver,8964.54,116,1
CUST04083,Aadhya,Gokhale,aadhya.gokhale66@email.com,9897665592,Hyderabad,690625,21-05-1966,Female,24-03-2025,Bronze,1694.85,8,0
CUST04084,Vrinda,Naik,vrinda.naik83@email.com,9450810161,Bangalore,149096,07-11-1990,Other,02-10-2024,Silver,9901.04,70,1
CUST04085,Akshay,Vaidya,akshay.vaidya14@email.com,9689047554,Bangalore,45872,12-02-1979,Other,16-11-2024,Gold,29908.43,15,1
CUST04086,Owen,Sule,owen.sule67@email.com,9418802537,Mumbai,966529,14-10-1980,Other,12-04-2026,Bronze,727.88,5,1
CUST04087,Zaitra,Issac,zaitra.issac10@email.com,9538445718,Andhra Pradesh,517197,11-02-1971,Other,15-02-2026,Silver,11311.91,103,1
CUST04088,Garima,Bhatt,garima.bhatt42@email.com,9110308447,Andhra Pradesh,343353,11-12-1989,Other,12-07-2025,Silver,5846.01,56,1
CUST04089,Kashvi,Sem,kashvi.sem87@email.com,9475297244,Chennai,773426,01-05-1983,Male,04-09-2025,Bronze,4443.5,11,0
CUST04090,Vasatika,Naidu,vasatika.naidu27@email.com,9463934093,Delhi NCR,310497,29-04-2001,Other,27-09-2024,Bronze,3933.92,9,1
CUST04091,Aahana,Agarwal,aahana.agarwal37@email.com,9564161006,Chennai,712806,10-05-1966,Female,18-07-2026,Silver,5055.09,43,1
CUST04092,Balendra,Srivastava,balendra.srivastava87@email.com,9530610004,Delhi NCR,666974,03-11-1992,Female,12-11-2024,Gold,31119.6,150,1
CUST04093,Gautam,Sharaf,gautam.sharaf85@email.com,9655002933,Bangalore,243566,08-08-1994,Female,09-12-2025,Platinum,46437.69,134,1
CUST04094,Yash,Bedi,yash.bedi99@email.com,9214666163,Andhra Pradesh,253695,17-05-1970,Male,04-06-2026,Bronze,1681.41,14,1
CUST04095,Janani,Nanda,janani.nanda21@email.com,9592529491,Hyderabad,673507,02-09-1998,Male,27-02-2026,Bronze,4969.31,6,1
CUST04096,Girik,Bhakta,girik.bhakta71@email.com,9315003468,Andhra Pradesh,283947,25-10-1986,Other,11-02-2025,Silver,10640.5,79,1
CUST04097,Ojasvi,Bora,ojasvi.bora44@email.com,9959929649,Pune,614993,16-03-2005,Other,28-05-2025,Bronze,4109,20,1
CUST04098,Warjas,Chhabra,warjas.chhabra86@email.com,9133391921,Hyderabad,275644,20-09-1975,Other,11-10-2025,Bronze,1699.71,3,0
CUST04099,Balvan,Nagar,balvan.nagar85@email.com,9215373811,Mumbai,956630,28-09-1964,Other,06-12-2025,Bronze,2336.45,2,1
CUST04100,Meera,Iyer,meera.iyer13@email.com,9838946258,Chennai,210516,03-03-1978,Other,30-08-2024,Gold,18454.04,19,1
CUST04101,Sanaya,Uppal,sanaya.uppal65@email.com,9197660064,Mumbai,48113,20-01-2005,Female,26-04-2025,Silver,6107.77,39,1
CUST04102,Rohan,Soni,rohan.soni21@email.com,9144175361,Delhi NCR,965272,31-01-2001,Female,21-03-2025,Silver,7211.77,21,1
CUST04103,Manya,Sastry,manya.sastry24@email.com,9839605208,Mumbai,705548,18-11-2000,Other,15-10-2025,Silver,14875.63,63,1
CUST04104,Balhaar,Som,balhaar.som82@email.com,9514018101,Hyderabad,299699,01-02-1967,Female,27-03-2025,Bronze,1061.95,12,1
CUST04105,Brinda,Goswami,brinda.goswami95@email.com,9449078328,Bangalore,2933,14-11-2007,Other,20-04-2026,Bronze,2944.86,20,1
CUST04106,Henry,Kala,henry.kala32@email.com,9636560966,Mumbai,689374,05-03-1989,Female,02-08-2024,Bronze,4042.38,14,0
CUST04107,Naksh,Bhatt,naksh.bhatt87@email.com,9571465661,Andhra Pradesh,688415,21-07-1994,Male,27-07-2025,Gold,24080.92,13,1
CUST04108,Fiyaz,Deshmukh,fiyaz.deshmukh90@email.com,9608865580,Delhi NCR,842519,31-07-1984,Other,28-03-2026,Bronze,1515.38,10,1
CUST04109,Odika,Chada,odika.chada32@email.com,9368013950,Delhi NCR,655892,07-02-1971,Male,04-01-2025,Bronze,2351.47,17,1
CUST04110,Jyoti,Pathak,jyoti.pathak52@email.com,9787201214,Mumbai,858706,24-10-1973,Female,22-07-2024,Platinum,50444.66,41,1
CUST04111,Matthew,Divan,matthew.divan67@email.com,9217565493,Andhra Pradesh,933528,30-05-1990,Other,31-08-2025,Gold,28307.89,26,1
CUST04112,Widisha,Chawla,widisha.chawla46@email.com,9876695620,Mumbai,359647,17-03-1971,Male,01-06-2025,Bronze,4876.09,20,1
CUST04113,Dayita,Tara,dayita.tara48@email.com,9628086505,Kolkata,645507,15-02-2007,Female,12-11-2024,Bronze,2841.13,11,1
CUST04114,Zinal,Korpal,zinal.korpal18@email.com,9118120981,Mumbai,18508,22-09-1997,Female,25-08-2024,Gold,29362.54,148,0
CUST04115,Varsha,Mutti,varsha.mutti99@email.com,9455315074,Bangalore,450581,24-10-2004,Female,27-07-2024,Silver,11351.62,13,1
CUST04116,Ekaja,Wagle,ekaja.wagle86@email.com,9219431349,Bangalore,108867,02-01-2001,Female,04-08-2025,Gold,19922.08,12,1
CUST04117,Abha,Kulkarni,abha.kulkarni80@email.com,9595238398,Bangalore,619378,03-11-1997,Other,14-06-2025,Bronze,1673.79,19,1
CUST04118,Krisha,Hari,krisha.hari19@email.com,9513165035,Delhi NCR,465333,26-12-1980,Other,13-04-2026,Bronze,3906.12,1,1
CUST04119,Sachi,Savant,sachi.savant93@email.com,9743155205,Andhra Pradesh,963379,12-08-1970,Male,16-11-2024,Gold,27224.49,8,1
CUST04120,Qushi,Garde,qushi.garde46@email.com,9383049006,Andhra Pradesh,915023,18-07-1993,Male,28-02-2025,Bronze,4852.99,16,1
CUST04121,Samuel,Tara,samuel.tara93@email.com,9935928159,Bangalore,450521,25-05-2001,Female,28-02-2025,Gold,20693.4,84,1
CUST04122,Abhiram,Nagarajan,abhiram.nagarajan20@email.com,9189686806,Bangalore,472609,01-02-1993,Male,20-05-2026,Silver,6011.6,76,1
CUST04123,Prisha,Gade,prisha.gade16@email.com,9826649319,Mumbai,459773,04-06-1988,Female,07-05-2025,Gold,22226.11,60,1
CUST04124,Amol,Walia,amol.walia85@email.com,9966857775,Bangalore,919817,29-10-1980,Female,29-07-2025,Bronze,865.29,1,1
CUST04125,Vincent,Ramachandran,vincent.ramachandran48@email.com,9861082015,Hyderabad,539788,15-05-1984,Male,28-08-2025,Bronze,4217.17,12,1
CUST04126,Shravya,Mistry,shravya.mistry40@email.com,9624830861,Pune,571319,19-12-1996,Female,30-01-2025,Platinum,58275.98,141,1
CUST04127,Adweta,Lalla,adweta.lalla14@email.com,9189868905,Kolkata,163952,12-08-1983,Male,24-07-2025,Silver,11395.72,123,1
CUST04128,Zashil,Sood,zashil.sood80@email.com,9153794597,Andhra Pradesh,743721,08-03-1970,Female,06-01-2025,Bronze,929.49,8,1
CUST04129,Yashica,Mahal,yashica.mahal12@email.com,9597238173,Mumbai,756191,09-11-1997,Other,25-02-2026,Silver,10527.11,117,1
CUST04130,Zilmil,Singh,zilmil.singh65@email.com,9551719243,Mumbai,579832,19-04-1973,Female,11-04-2026,Bronze,4974.46,17,1
CUST04131,Banjeet,Balakrishnan,banjeet.balakrishnan99@email.com,9474607273,Delhi NCR,590545,04-04-1968,Female,23-06-2025,Bronze,4662.98,5,1
CUST04132,Victor,Raghavan,victor.raghavan96@email.com,9399428443,Andhra Pradesh,854059,12-02-1965,Male,05-10-2025,Silver,11911.33,80,1
CUST04133,Udarsh,Malhotra,udarsh.malhotra37@email.com,9499233770,Pune,246271,18-09-1969,Other,11-12-2024,Bronze,2872.56,12,1
CUST04134,Vivaan,Koshy,vivaan.koshy71@email.com,9155451539,Delhi NCR,653353,14-08-1985,Female,05-11-2025,Silver,7239.2,103,1
CUST04135,Urmi,Murthy,urmi.murthy30@email.com,9135775977,Andhra Pradesh,962821,30-12-2000,Female,27-05-2025,Bronze,2775.55,1,1
CUST04136,Aadi,Vohra,aadi.vohra50@email.com,9807712655,Kolkata,875788,03-07-1970,Male,14-03-2026,Bronze,4051.06,7,1
CUST04137,Vamakshi,Gupta,vamakshi.gupta76@email.com,9527285742,Kolkata,630977,26-06-1975,Male,12-10-2025,Gold,21244.63,27,1
CUST04138,Yutika,Kota,yutika.kota74@email.com,9569730492,Chennai,660979,23-06-1994,Female,12-08-2025,Silver,13355.86,127,1
CUST04139,Eshana,Nayak,eshana.nayak70@email.com,9370169210,Hyderabad,44507,21-06-2008,Female,04-11-2024,Silver,13568.69,111,1
CUST04140,Mugdha,Dugar,mugdha.dugar92@email.com,9393196653,Hyderabad,107932,26-06-2007,Female,09-11-2024,Bronze,2173.36,6,0
CUST04141,Nidhi,Parekh,nidhi.parekh58@email.com,9791054565,Pune,782546,18-09-1976,Other,30-07-2024,Bronze,3349.26,9,0
CUST04142,Gaurangi,Modi,gaurangi.modi96@email.com,9789409201,Andhra Pradesh,567117,18-08-1990,Male,23-03-2025,Bronze,1898.47,16,1
CUST04143,Samar,Sathe,samar.sathe40@email.com,9963211063,Delhi NCR,458198,16-11-1991,Male,20-12-2025,Gold,28780.07,46,1
CUST04144,Bakhshi,Toor,bakhshi.toor64@email.com,9209161086,Andhra Pradesh,75538,12-09-1960,Male,27-04-2025,Silver,12177.42,143,0
CUST04145,Rohan,Ramanathan,rohan.ramanathan46@email.com,9884596369,Chennai,972683,07-09-2002,Female,02-05-2025,Silver,6588.35,99,1
CUST04146,Bahadurjit,Setty,bahadurjit.setty61@email.com,9454420535,Bangalore,513069,25-10-1988,Other,01-07-2025,Silver,6492.46,9,1
CUST04147,Qabil,Bhattacharyya,qabil.bhattacharyya20@email.com,9177298384,Bangalore,815683,01-03-1998,Other,02-07-2025,Gold,24753.5,40,1
CUST04148,Ayaan,Goswami,ayaan.goswami21@email.com,9344438812,Andhra Pradesh,853798,19-02-1971,Male,12-10-2024,Bronze,838.96,9,1
CUST04149,Bhavya,Garde,bhavya.garde92@email.com,9569585473,Bangalore,137173,19-09-1960,Female,25-05-2026,Bronze,1422.91,10,1
CUST04150,Pooja,Handa,pooja.handa29@email.com,9950117473,Andhra Pradesh,858306,09-08-1998,Female,05-02-2025,Gold,27344.08,28,1
CUST04151,Yachana,Jayaraman,yachana.jayaraman69@email.com,9231230621,Hyderabad,816723,01-01-1997,Female,20-05-2025,Platinum,37225.73,147,1
CUST04152,Pavani,Nayar,pavani.nayar53@email.com,9889353416,Andhra Pradesh,67755,08-12-1998,Female,20-04-2025,Silver,12456.81,44,1
CUST04153,Saumya,Kohli,saumya.kohli35@email.com,9203055812,Bangalore,410577,22-05-2005,Female,27-10-2024,Silver,9892.31,84,1
CUST04154,Irya,Arora,irya.arora48@email.com,9656782339,Hyderabad,25898,05-11-1997,Male,06-09-2024,Bronze,804.62,14,1
CUST04155,Atharv,Zachariah,atharv.zachariah14@email.com,9163555299,Pune,587235,06-07-1993,Other,13-08-2025,Bronze,4566.65,20,1
CUST04156,Bishakha,Parsa,bishakha.parsa53@email.com,9946261997,Mumbai,208024,25-04-1968,Male,30-07-2024,Silver,6366.55,104,1
CUST04157,Bhavini,Chada,bhavini.chada67@email.com,9808375485,Hyderabad,74931,06-03-1988,Male,08-05-2025,Silver,13407.08,143,1
CUST04158,Akshay,Virk,akshay.virk26@email.com,9797024578,Bangalore,611556,07-04-1990,Male,25-09-2024,Silver,7536.38,51,1
CUST04159,Vihaan,Mane,vihaan.mane59@email.com,9560146101,Bangalore,475000,09-10-1981,Other,04-04-2025,Gold,33000.98,10,1
CUST04160,Charvi,Bandi,charvi.bandi77@email.com,9720501130,Andhra Pradesh,270699,10-12-2006,Other,15-08-2024,Bronze,4205.45,5,1
CUST04161,Leena,Mukherjee,leena.mukherjee32@email.com,9439680901,Hyderabad,935658,27-04-1963,Female,02-07-2026,Silver,11642.03,34,1
CUST04162,Umang,Ramesh,umang.ramesh68@email.com,9578780210,Andhra Pradesh,836472,04-10-1971,Other,11-03-2025,Bronze,4159.96,19,1
CUST04163,Janani,Nanda,janani.nanda96@email.com,9600324978,Bangalore,708335,11-12-1964,Other,17-03-2026,Silver,8390.82,58,1
CUST04164,Chaman,Gour,chaman.gour36@email.com,9285851205,Kolkata,496639,11-12-1962,Female,08-03-2026,Silver,11544.76,65,1
CUST04165,Banjeet,Banerjee,banjeet.banerjee33@email.com,9773430845,Mumbai,539804,13-04-2008,Female,27-05-2026,Silver,13125.67,32,1
CUST04166,Omisha,Tandon,omisha.tandon65@email.com,9865569565,Hyderabad,514096,31-12-1967,Other,11-02-2026,Silver,7425.64,39,1
CUST04167,Raksha,Behl,raksha.behl36@email.com,9921615166,Mumbai,317098,02-06-1968,Other,07-06-2026,Bronze,2308.21,17,1
CUST04168,Mitali,Ray,mitali.ray12@email.com,9743759662,Bangalore,303846,25-07-2001,Male,10-10-2024,Gold,22853.8,59,0
CUST04169,Pranit,Char,pranit.char82@email.com,9859587885,Chennai,16454,15-05-1988,Other,13-05-2025,Silver,6800.09,132,1
CUST04170,Mitesh,Pingle,mitesh.pingle62@email.com,9236230712,Hyderabad,312536,24-11-1967,Male,24-10-2024,Bronze,4528.94,5,1
CUST04171,Ridhi,Rau,ridhi.rau56@email.com,9919721732,Delhi NCR,622957,09-01-2004,Female,14-10-2025,Bronze,3409.48,16,1
CUST04172,Dayamai,Suresh,dayamai.suresh95@email.com,9541409084,Bangalore,508098,12-07-2002,Male,18-03-2026,Silver,5239.44,52,1
CUST04173,Siya,Dar,siya.dar94@email.com,9110814800,Chennai,331571,03-06-1989,Other,15-08-2024,Bronze,4321.33,9,1
CUST04174,Arunima,Gera,arunima.gera78@email.com,9259677225,Delhi NCR,144716,16-03-1983,Other,15-08-2024,Silver,11989.76,12,1
CUST04175,Alka,Lala,alka.lala33@email.com,9595690585,Bangalore,526445,20-12-2006,Male,12-12-2025,Bronze,4830.27,17,1
CUST04176,Xiti,Dhar,xiti.dhar91@email.com,9332472865,Kolkata,945419,04-05-1968,Female,27-04-2026,Bronze,1499.52,9,1
CUST04177,Theodore,Sheth,theodore.sheth58@email.com,9669303800,Chennai,498762,20-12-1961,Other,29-10-2025,Platinum,70036.86,143,1
CUST04178,Ranbir,Handa,ranbir.handa26@email.com,9408850362,Mumbai,396524,12-05-1972,Female,13-04-2026,Platinum,73445.46,9,1
CUST04179,Vaishnavi,Saha,vaishnavi.saha87@email.com,9830364247,Mumbai,741464,09-12-1978,Male,20-07-2024,Bronze,2744,17,1
CUST04180,Onkar,Saran,onkar.saran41@email.com,9757621146,Bangalore,353425,01-08-1984,Other,09-04-2025,Silver,5911.88,68,1
CUST04181,Lekha,Chadha,lekha.chadha36@email.com,9558066652,Hyderabad,262138,15-12-1977,Male,17-07-2026,Bronze,1812.36,3,1
CUST04182,Jason,Parsa,jason.parsa22@email.com,9458715152,Delhi NCR,109542,24-04-2003,Male,25-04-2025,Bronze,2284.41,14,1
CUST04183,Lohit,Srivastava,lohit.srivastava15@email.com,9861542032,Delhi NCR,56880,16-04-1995,Female,20-06-2026,Silver,10109.01,66,1
CUST04184,Anusha,Vora,anusha.vora42@email.com,9760830581,Mumbai,72712,05-03-1987,Male,11-12-2024,Gold,20730.24,91,1
CUST04185,Samesh,Mohanty,samesh.mohanty68@email.com,9260068581,Bangalore,293781,09-06-1977,Female,12-11-2024,Bronze,4450.16,10,1
CUST04186,Niharika,Singhal,niharika.singhal86@email.com,9219073299,Andhra Pradesh,733262,02-02-1991,Female,30-06-2025,Bronze,982.8,15,1
CUST04187,Pushti,Sarna,pushti.sarna71@email.com,9160541461,Mumbai,695881,22-01-2000,Other,22-11-2025,Bronze,2161.52,2,0
CUST04188,Brinda,Rajan,brinda.rajan66@email.com,9169204304,Andhra Pradesh,749294,26-10-1978,Other,01-11-2025,Bronze,4150.62,20,1
CUST04189,Rishi,Bora,rishi.bora51@email.com,9894674122,Andhra Pradesh,675726,15-05-1988,Female,13-08-2025,Bronze,3754.01,3,1
CUST04190,Abha,Agrawal,abha.agrawal56@email.com,9343486239,Bangalore,366783,03-04-1973,Male,11-08-2024,Bronze,1580.45,14,1
CUST04191,Rayaan,Borra,rayaan.borra44@email.com,9167602494,Hyderabad,131779,22-07-1961,Male,09-04-2025,Bronze,4744.16,3,1
CUST04192,Yagnesh,Mittal,yagnesh.mittal47@email.com,9725288792,Mumbai,388333,23-06-1967,Male,08-12-2025,Bronze,3653.11,13,1
CUST04193,Eiravati,Char,eiravati.char38@email.com,9958878645,Hyderabad,166480,08-04-1971,Male,27-01-2025,Gold,28793.92,15,0
CUST04194,Pallavi,Deshmukh,pallavi.deshmukh33@email.com,9349345560,Bangalore,193889,26-05-2004,Male,27-05-2026,Bronze,4577,18,1
CUST04195,Jasmit,Hari,jasmit.hari25@email.com,9584508621,Delhi NCR,154397,30-07-1997,Male,24-06-2026,Silver,13647.08,121,1
CUST04196,Girindra,Parsa,girindra.parsa24@email.com,9923109287,Mumbai,341591,04-01-1962,Male,23-12-2025,Silver,8469.12,68,1
CUST04197,Krishna,Sandhu,krishna.sandhu34@email.com,9729259651,Hyderabad,862365,08-08-1964,Male,28-02-2025,Gold,23173.65,117,1
CUST04198,Mekhala,Barad,mekhala.barad18@email.com,9492100956,Andhra Pradesh,622478,14-01-2004,Other,31-10-2025,Bronze,3739.33,17,1
CUST04199,Karan,Dhillon,karan.dhillon85@email.com,9209827676,Kolkata,182613,03-07-1983,Female,20-08-2024,Bronze,4529.9,9,0
CUST04200,Ojasvi,Dass,ojasvi.dass20@email.com,9819148527,Andhra Pradesh,84015,20-03-1993,Female,04-05-2026,Bronze,1549.38,8,0
CUST04201,Watika,Badami,watika.badami20@email.com,9490652890,Pune,298109,07-03-2002,Male,23-07-2025,Bronze,3511.09,9,1
CUST04202,Irya,Gour,irya.gour46@email.com,9298683236,Andhra Pradesh,866508,20-02-1975,Female,08-06-2025,Silver,6619.11,21,1
CUST04203,Girik,Raman,girik.raman93@email.com,9875804019,Kolkata,140737,18-11-1973,Female,28-08-2024,Gold,34393.96,23,1
CUST04204,Sudiksha,Butala,sudiksha.butala43@email.com,9467044836,Andhra Pradesh,390390,25-07-2001,Female,12-06-2026,Gold,20858.21,58,1
CUST04205,Mohammed,Bal,mohammed.bal46@email.com,9672840361,Hyderabad,562607,15-01-1961,Female,21-11-2025,Gold,22518.98,117,1
CUST04206,Peter,Mane,peter.mane99@email.com,9777568055,Bangalore,485798,26-11-1996,Female,03-05-2026,Silver,13527.61,132,0
CUST04207,Onveer,Bhatnagar,onveer.bhatnagar38@email.com,9668058770,Mumbai,273815,24-05-1972,Male,13-11-2024,Gold,31742.06,90,1
CUST04208,Sarthak,Ghose,sarthak.ghose93@email.com,9951245610,Delhi NCR,972540,06-03-1968,Other,05-03-2025,Bronze,4517.81,16,0
CUST04209,Yuvraj,Merchant,yuvraj.merchant84@email.com,9386513351,Mumbai,543188,22-11-1987,Other,21-03-2026,Gold,30042.39,67,1
CUST04210,Deepa,Patel,deepa.patel22@email.com,9770669913,Mumbai,780079,14-05-1972,Female,10-02-2026,Bronze,4904.36,6,1
CUST04211,Anamika,Sangha,anamika.sangha30@email.com,9474609765,Bangalore,669837,22-05-1984,Other,23-04-2025,Silver,11965,41,1
CUST04212,Jasmit,Badal,jasmit.badal87@email.com,9129477289,Delhi NCR,583875,07-03-1963,Female,28-07-2024,Silver,5587.41,99,1
CUST04213,Xalak,Shetty,xalak.shetty46@email.com,9874117868,Mumbai,990317,27-05-1970,Male,29-09-2024,Silver,14837.18,105,1
CUST04214,Faras,Karan,faras.karan15@email.com,9138809872,Hyderabad,980433,21-08-1976,Female,11-10-2024,Bronze,532.83,12,1
CUST04215,Kavya,Salvi,kavya.salvi39@email.com,9312848122,Pune,401014,26-02-1988,Male,11-08-2024,Silver,12178.86,87,1
CUST04216,Gautam,Iyengar,gautam.iyengar68@email.com,9703275789,Andhra Pradesh,520622,16-08-1986,Female,29-08-2024,Bronze,3244.92,4,1
CUST04217,Sarthak,Brahmbhatt,sarthak.brahmbhatt29@email.com,9671855634,Mumbai,426633,04-07-1968,Male,08-05-2025,Gold,27386.23,112,1
CUST04218,Girindra,Master,girindra.master61@email.com,9452598823,Hyderabad,823101,23-11-1992,Male,22-09-2024,Bronze,2558.25,11,1
CUST04219,Saumya,Dara,saumya.dara34@email.com,9474181483,Mumbai,574051,18-08-2001,Male,17-12-2025,Bronze,3777.8,1,1
CUST04220,Janaki,Balakrishnan,janaki.balakrishnan62@email.com,9877309692,Pune,900567,21-05-1976,Male,25-11-2025,Gold,27644.54,90,1
CUST04221,Ishita,Dugar,ishita.dugar26@email.com,9573144775,Andhra Pradesh,359517,16-12-1989,Male,19-01-2025,Bronze,2931.7,6,1
CUST04222,Janaki,Gopal,janaki.gopal46@email.com,9758777940,Mumbai,130228,27-02-1986,Other,25-07-2025,Bronze,1999.92,13,0
CUST04223,Guneet,Bhagat,guneet.bhagat49@email.com,9232951588,Andhra Pradesh,656024,03-02-2000,Male,25-11-2024,Bronze,2655.99,5,1
CUST04224,Reyansh,Peri,reyansh.peri55@email.com,9993310177,Bangalore,774149,13-07-1963,Female,29-04-2025,Bronze,2247.56,2,1
CUST04225,Urishilla,Chada,urishilla.chada89@email.com,9598440895,Chennai,532279,11-08-2002,Male,06-05-2026,Bronze,3150.03,19,1
CUST04226,Wakeeta,Pall,wakeeta.pall94@email.com,9764246304,Chennai,615878,15-01-2003,Female,15-01-2026,Bronze,1118.06,19,1
CUST04227,Jack,Rattan,jack.rattan84@email.com,9872842018,Bangalore,171511,31-01-1965,Female,03-02-2025,Silver,10569.67,55,1
CUST04228,Nicholas,Lall,nicholas.lall36@email.com,9197922853,Bangalore,248454,20-11-1988,Female,24-06-2025,Bronze,1292.15,10,1
CUST04229,Teerth,Borde,teerth.borde67@email.com,9420409235,Delhi NCR,717419,01-08-1960,Female,30-12-2025,Bronze,4578.68,2,1
CUST04230,Nimrat,Ratti,nimrat.ratti20@email.com,9775311054,Pune,450857,18-11-1960,Male,14-12-2024,Bronze,4391.3,1,0
CUST04231,Aachal,Amble,aachal.amble55@email.com,9674064370,Mumbai,176170,17-11-1986,Male,06-10-2024,Bronze,508.65,16,0
CUST04232,Samuel,Bansal,samuel.bansal97@email.com,9421067088,Bangalore,127383,14-09-1966,Other,16-12-2025,Silver,13988.17,125,1
CUST04233,Gagan,Sha,gagan.sha30@email.com,9443157773,Andhra Pradesh,35796,19-11-1984,Other,30-04-2026,Bronze,3307.54,1,1
CUST04234,Pahal,Lad,pahal.lad11@email.com,9826267447,Pune,19154,21-05-1969,Male,16-03-2026,Bronze,4095.57,11,1
CUST04235,Mohini,Bhandari,mohini.bhandari54@email.com,9126522440,Kolkata,824116,12-08-1979,Female,24-12-2024,Bronze,4114.57,8,1
CUST04236,Anika,Gera,anika.gera62@email.com,9762667119,Pune,114754,20-05-2005,Other,21-05-2025,Bronze,3054.99,19,1
CUST04237,Rajata,Dhawan,rajata.dhawan55@email.com,9946978584,Bangalore,822306,17-07-1980,Male,24-10-2024,Silver,12351.53,33,1
CUST04238,Ethan,Buch,ethan.buch15@email.com,9528160025,Andhra Pradesh,846038,19-03-2001,Female,07-04-2026,Silver,6379.04,77,1
CUST04239,Ijaya,Chaudhari,ijaya.chaudhari93@email.com,9715288012,Chennai,923466,24-03-1982,Male,09-11-2024,Bronze,2773.6,15,1
CUST04240,Dhruv,Tandon,dhruv.tandon62@email.com,9901375033,Pune,645331,09-01-1990,Female,22-02-2026,Bronze,1391.06,9,1
CUST04241,Anamika,Murty,anamika.murty88@email.com,9866581195,Mumbai,605411,28-07-2007,Female,02-06-2026,Gold,29662.94,92,1
CUST04242,Tanay,Soni,tanay.soni13@email.com,9115004066,Hyderabad,346310,29-04-1994,Male,13-09-2025,Bronze,2853.37,5,0
CUST04243,Chakradev,Sule,chakradev.sule23@email.com,9471291636,Delhi NCR,957601,24-06-1998,Female,31-03-2026,Silver,11601.43,75,1
CUST04244,Utkarsh,Atwal,utkarsh.atwal58@email.com,9742998862,Delhi NCR,154474,16-06-1994,Male,20-01-2025,Silver,9235.87,24,1
CUST04245,Wazir,Loke,wazir.loke16@email.com,9937731744,Delhi NCR,597369,23-01-1993,Female,13-08-2024,Silver,13116.41,10,1
CUST04246,Girindra,Sandhu,girindra.sandhu55@email.com,9987973042,Delhi NCR,253175,13-11-1963,Other,31-01-2025,Silver,14828.17,43,0
CUST04247,Aayush,Kala,aayush.kala41@email.com,9295402588,Andhra Pradesh,11859,15-08-1987,Male,23-09-2025,Gold,26884.66,142,1
CUST04248,Sara,Luthra,sara.luthra82@email.com,9171681489,Bangalore,952905,08-04-2005,Male,16-07-2026,Silver,13476.91,148,1
CUST04249,Irya,Bali,irya.bali42@email.com,9938296762,Andhra Pradesh,792818,16-09-1978,Female,30-06-2025,Silver,11114.24,74,1
CUST04250,Michael,Ramakrishnan,michael.ramakrishnan73@email.com,9565536662,Mumbai,806399,07-10-2003,Other,10-06-2026,Bronze,522.79,6,1
CUST04251,Orinder,Mani,orinder.mani21@email.com,9844166818,Bangalore,611954,11-12-1962,Other,10-04-2026,Gold,25221.56,136,1
CUST04252,Lakshmi,Goel,lakshmi.goel61@email.com,9979978725,Andhra Pradesh,890880,05-05-1987,Other,12-08-2025,Bronze,1428.01,20,1
CUST04253,Saksham,Chakraborty,saksham.chakraborty41@email.com,9223226026,Bangalore,217959,16-01-1970,Male,31-05-2026,Bronze,4334.53,13,1
CUST04254,Manthan,Dyal,manthan.dyal40@email.com,9804426368,Andhra Pradesh,312567,18-06-1994,Male,01-11-2024,Platinum,37510.01,56,1
CUST04255,Hiral,Agate,hiral.agate15@email.com,9149016387,Bangalore,856162,09-06-2007,Other,10-07-2025,Bronze,2669.68,8,1
CUST04256,Jack,Lal,jack.lal27@email.com,9916692737,Andhra Pradesh,342773,06-05-1970,Other,21-12-2024,Bronze,3136.46,14,1
CUST04257,Diya,Swamy,diya.swamy52@email.com,9937315859,Chennai,742142,09-05-1961,Female,03-11-2025,Bronze,683.62,12,1
CUST04258,Zayyan,Goyal,zayyan.goyal58@email.com,9828697761,Pune,793741,12-09-1985,Other,04-12-2025,Bronze,3615.54,9,1
CUST04259,Yashoda,Shah,yashoda.shah78@email.com,9676018173,Mumbai,994250,18-08-2005,Female,30-03-2025,Bronze,3013.76,6,1
CUST04260,Laban,Narayan,laban.narayan13@email.com,9567658800,Andhra Pradesh,95587,10-03-1994,Other,02-11-2025,Silver,5716.65,22,1
CUST04261,Udarsh,Rana,udarsh.rana42@email.com,9406598023,Bangalore,273795,07-06-1991,Female,10-11-2024,Silver,8015.67,147,1
CUST04262,Tristan,Verma,tristan.verma65@email.com,9327677285,Mumbai,612921,01-11-1976,Other,24-03-2025,Bronze,2488.45,15,1
CUST04263,Hemang,Chaudry,hemang.chaudry25@email.com,9606076265,Hyderabad,330107,17-11-1982,Other,10-12-2024,Silver,9271.79,140,1
CUST04264,Kashish,Basu,kashish.basu26@email.com,9718945205,Andhra Pradesh,469484,06-08-1967,Female,27-11-2024,Bronze,624.06,20,1
CUST04265,Siddharth,Dewan,siddharth.dewan60@email.com,9610488763,Delhi NCR,232087,05-07-1977,Other,28-08-2025,Bronze,2031.82,3,1
CUST04266,Ekanta,Som,ekanta.som92@email.com,9139795735,Andhra Pradesh,943913,19-03-1993,Other,27-07-2024,Gold,19948.4,40,1
CUST04267,Ira,Sarraf,ira.sarraf75@email.com,9779664851,Delhi NCR,792131,01-06-1989,Other,12-04-2026,Bronze,3549.46,9,1
CUST04268,Quincy,Dey,quincy.dey93@email.com,9551929366,Pune,80993,03-12-1990,Other,08-09-2024,Bronze,1280.9,13,1
CUST04269,Kashish,Chhabra,kashish.chhabra91@email.com,9458527931,Delhi NCR,178449,06-08-1997,Other,25-09-2025,Silver,11922.01,66,1
CUST04270,Yatin,Zachariah,yatin.zachariah58@email.com,9356772131,Andhra Pradesh,374738,08-12-1968,Female,30-09-2024,Bronze,4800.08,20,1
CUST04271,Udant,Joshi,udant.joshi92@email.com,9237946648,Mumbai,49462,20-05-1981,Female,03-05-2026,Platinum,56995.47,78,1
CUST04272,Jeevika,Munshi,jeevika.munshi72@email.com,9695812182,Delhi NCR,77005,18-05-1976,Other,01-07-2026,Silver,8340.53,37,1
CUST04273,Ishani,Nagy,ishani.nagy27@email.com,9937267095,Delhi NCR,348118,31-05-1962,Other,18-12-2025,Bronze,3485.45,10,1
CUST04274,Praneel,Kata,praneel.kata55@email.com,9924549309,Delhi NCR,28477,20-10-2000,Other,20-09-2025,Silver,9278.1,115,1
CUST04275,Noah,Oak,noah.oak87@email.com,9911973260,Mumbai,537156,09-08-1980,Female,03-10-2024,Bronze,3167.11,1,1
CUST04276,Ekani,Keer,ekani.keer98@email.com,9953409881,Pune,70666,22-11-2006,Other,10-06-2026,Bronze,3039.52,18,1
CUST04277,Wakeeta,Bhat,wakeeta.bhat30@email.com,9340036833,Chennai,331191,10-11-1989,Male,10-01-2026,Bronze,3387.9,8,1
CUST04278,Girik,Chawla,girik.chawla35@email.com,9821538023,Delhi NCR,530937,15-07-1974,Other,02-02-2026,Bronze,2056.48,11,1
CUST04279,Ishaan,Gupta,ishaan.gupta34@email.com,9963259335,Andhra Pradesh,37791,17-04-1992,Male,24-07-2024,Gold,31063.98,113,1
CUST04280,Tanveer,Sunder,tanveer.sunder43@email.com,9664460927,Bangalore,61892,03-01-1964,Male,14-06-2026,Silver,5174.52,124,1
CUST04281,Akshay,Mangat,akshay.mangat61@email.com,9292208726,Bangalore,820721,02-03-1987,Female,06-12-2024,Gold,31169.4,9,1
CUST04282,Anamika,Sen,anamika.sen81@email.com,9582610515,Bangalore,246847,20-02-1977,Male,09-11-2024,Silver,11723.25,119,0
CUST04283,Jagvi,Nagi,jagvi.nagi37@email.com,9918479142,Hyderabad,652990,13-05-1983,Female,25-01-2026,Silver,11554.16,57,1
CUST04284,Theodore,Rajagopalan,theodore.rajagopalan25@email.com,9431838510,Mumbai,912072,16-11-1962,Female,12-11-2025,Silver,9658.87,79,1
CUST04285,Hemani,Sood,hemani.sood24@email.com,9732523696,Bangalore,355081,23-03-1999,Male,30-10-2025,Gold,32541.27,5,0
CUST04286,Oeshi,Zacharia,oeshi.zacharia35@email.com,9283142282,Mumbai,456578,14-12-1965,Other,19-04-2026,Silver,14231.41,82,1
CUST04287,Sanya,Lall,sanya.lall77@email.com,9855059839,Hyderabad,205405,29-04-1966,Female,12-06-2026,Silver,13274.28,33,1
CUST04288,Kala,Nanda,kala.nanda65@email.com,9364748841,Bangalore,740920,06-07-1968,Other,04-02-2026,Silver,11725.84,1,1
CUST04289,Meera,Tara,meera.tara99@email.com,9481895912,Chennai,993001,18-10-1975,Female,04-06-2026,Bronze,1604.19,4,0
CUST04290,Aarini,Brar,aarini.brar36@email.com,9712537025,Kolkata,58067,05-11-1961,Other,04-10-2025,Silver,7393.08,1,1
CUST04291,Ekbal,Kumar,ekbal.kumar55@email.com,9626797660,Mumbai,654840,19-11-1963,Female,28-07-2024,Silver,14122.07,107,1
CUST04292,Banjeet,Memon,banjeet.memon82@email.com,9171844797,Andhra Pradesh,46454,17-12-2002,Other,11-07-2025,Platinum,70335.3,63,1
CUST04293,Lekha,Wadhwa,lekha.wadhwa42@email.com,9375236513,Mumbai,487525,12-03-1988,Female,01-08-2024,Bronze,1300.23,7,1
CUST04294,Baghyawati,Dhar,baghyawati.dhar90@email.com,9146334359,Delhi NCR,662576,31-08-1964,Female,20-09-2024,Silver,11465.05,63,0
CUST04295,Reyansh,Wali,reyansh.wali55@email.com,9611781692,Mumbai,795118,05-03-1968,Female,27-11-2024,Silver,11545,81,1
CUST04296,Hredhaan,Rajagopalan,hredhaan.rajagopalan33@email.com,9197229451,Mumbai,250815,27-01-1999,Other,31-03-2025,Bronze,3229.46,14,1
CUST04297,Arin,Morar,arin.morar27@email.com,9779715160,Pune,150717,06-01-1978,Female,11-09-2024,Gold,20002.08,119,0
CUST04298,Rachita,Maharaj,rachita.maharaj55@email.com,9449399459,Delhi NCR,763103,09-03-1971,Male,13-01-2026,Silver,8753.28,84,1
CUST04299,Yug,Dara,yug.dara26@email.com,9379463557,Chennai,670254,12-02-1986,Female,03-10-2024,Silver,8376.75,140,1
CUST04300,Odika,Uppal,odika.uppal96@email.com,9802359444,Bangalore,446964,01-06-1985,Female,01-03-2026,Bronze,3774.3,4,0
CUST04301,Yashasvi,Gole,yashasvi.gole83@email.com,9898335746,Mumbai,418328,16-02-1965,Female,22-05-2026,Silver,13620.35,92,1
CUST04302,Gaurang,Khurana,gaurang.khurana23@email.com,9301612354,Mumbai,244792,25-11-1999,Male,08-07-2025,Bronze,3292.39,1,0
CUST04303,Ekta,Chanda,ekta.chanda16@email.com,9266383798,Chennai,489400,21-08-1999,Other,13-12-2025,Gold,17956.26,34,1
CUST04304,Dayamai,Rajagopalan,dayamai.rajagopalan20@email.com,9235803418,Pune,846392,24-05-2004,Other,19-02-2026,Silver,7543.52,133,1
CUST04305,Bimala,Thakur,bimala.thakur57@email.com,9410090662,Mumbai,807376,15-11-2005,Female,26-11-2025,Bronze,2237.41,20,1
CUST04306,Vansha,Sahota,vansha.sahota67@email.com,9918457046,Delhi NCR,973780,08-06-1982,Other,26-01-2025,Silver,5610.5,64,1
CUST04307,Anusha,Divan,anusha.divan13@email.com,9503961636,Kolkata,191871,13-05-1989,Female,24-10-2024,Bronze,1406.49,17,1
CUST04308,Sanya,Mohan,sanya.mohan43@email.com,9354398294,Bangalore,676660,23-08-2007,Male,04-11-2025,Platinum,43337.34,82,0
CUST04309,Finn,Dara,finn.dara68@email.com,9321705185,Andhra Pradesh,526425,21-10-1999,Female,10-12-2025,Gold,31966.67,22,1
CUST04310,Shivansh,Chowdhury,shivansh.chowdhury67@email.com,9184528628,Delhi NCR,697085,27-02-1989,Other,22-02-2026,Bronze,742.75,8,1
CUST04311,Sara,Nagar,sara.nagar74@email.com,9767496994,Andhra Pradesh,56396,19-07-1993,Other,23-08-2024,Bronze,2332.01,2,1
CUST04312,Chavvi,Mall,chavvi.mall17@email.com,9708883138,Bangalore,771405,10-03-1991,Female,06-05-2026,Bronze,1032.88,13,1
CUST04313,Upadhriti,Bhakta,upadhriti.bhakta14@email.com,9280809791,Kolkata,501554,21-12-1977,Female,09-11-2025,Platinum,55235.7,76,1
CUST04314,Baghyawati,Banik,baghyawati.banik59@email.com,9116119175,Andhra Pradesh,752563,07-12-1993,Male,03-02-2025,Gold,19939.53,4,1
CUST04315,Amara,Luthra,amara.luthra19@email.com,9272238029,Hyderabad,557663,06-01-1977,Other,22-04-2026,Bronze,4717.46,4,0
CUST04316,Hamsini,Magar,hamsini.magar58@email.com,9407548555,Kolkata,50953,21-03-1961,Other,01-01-2026,Bronze,3818.4,9,1
CUST04317,Shivani,Dyal,shivani.dyal15@email.com,9477077162,Hyderabad,728276,16-06-1999,Male,28-03-2025,Bronze,4938.54,1,1
CUST04318,Yashica,Tank,yashica.tank16@email.com,9624302135,Mumbai,894266,06-02-1962,Male,16-01-2025,Bronze,4183.78,8,1
CUST04319,Nimrat,Sampath,nimrat.sampath45@email.com,9593839153,Andhra Pradesh,276448,13-04-1972,Male,28-11-2025,Silver,10863.92,52,0
CUST04320,Bhavika,Hegde,bhavika.hegde52@email.com,9273327231,Hyderabad,7961,20-12-1989,Female,19-04-2025,Silver,8084.26,121,1
CUST04321,Udarsh,Sridhar,udarsh.sridhar97@email.com,9215060824,Bangalore,784247,09-10-1967,Female,09-06-2025,Bronze,4940.68,11,1
CUST04322,Bhavna,Bhattacharyya,bhavna.bhattacharyya80@email.com,9436662046,Delhi NCR,636950,09-04-2007,Other,18-07-2025,Bronze,4054.58,7,1
CUST04323,Oscar,Oza,oscar.oza78@email.com,9742965798,Delhi NCR,501691,10-04-1984,Other,14-06-2025,Bronze,2667.6,6,1
CUST04324,Vamakshi,Wagle,vamakshi.wagle71@email.com,9863944346,Hyderabad,798230,02-02-1993,Female,20-12-2025,Bronze,4179.61,13,1
CUST04325,Chakradhar,Bail,chakradhar.bail74@email.com,9762641164,Andhra Pradesh,334902,26-09-1974,Female,08-03-2026,Bronze,2021.95,13,0
CUST04326,Varsha,Mistry,varsha.mistry27@email.com,9164852017,Mumbai,269249,12-09-1979,Male,01-10-2024,Bronze,4779.68,17,0
CUST04327,Aarush,Chana,aarush.chana44@email.com,9274992335,Hyderabad,959911,06-06-2004,Female,08-01-2026,Gold,29166.27,92,0
CUST04328,Owen,Mital,owen.mital62@email.com,9735159216,Andhra Pradesh,403118,21-02-1971,Male,20-09-2025,Gold,24485.18,47,1
CUST04329,Turvi,Chandra,turvi.chandra61@email.com,9322226936,Hyderabad,659511,07-01-2005,Male,07-11-2024,Bronze,2600.22,5,1
CUST04330,Ayaan,Gulati,ayaan.gulati95@email.com,9595444190,Kolkata,905966,26-10-2006,Other,19-06-2025,Silver,10682.37,86,1
CUST04331,Zehaan,Dube,zehaan.dube44@email.com,9792311467,Mumbai,943837,09-11-1984,Other,01-06-2026,Bronze,4185.96,13,1
CUST04332,Bhavini,Dutt,bhavini.dutt10@email.com,9733728207,Andhra Pradesh,637734,09-04-2003,Other,18-09-2025,Silver,6610.52,103,1
CUST04333,Ekta,Bera,ekta.bera49@email.com,9987921491,Delhi NCR,27721,09-06-1991,Male,07-10-2025,Bronze,4016.9,18,1
CUST04334,Samarth,Borde,samarth.borde33@email.com,9357358853,Hyderabad,250553,18-04-1971,Other,12-06-2025,Silver,12250.35,112,1
CUST04335,Sachi,Dhingra,sachi.dhingra26@email.com,9378717766,Andhra Pradesh,483726,17-07-1998,Female,27-01-2026,Bronze,635.21,2,1
CUST04336,Triya,Sura,triya.sura32@email.com,9782936284,Hyderabad,889491,19-03-1972,Other,13-05-2026,Silver,10154.43,40,1
CUST04337,Rajata,Savant,rajata.savant25@email.com,9890108432,Hyderabad,877478,25-08-1986,Female,02-07-2026,Silver,5327.78,58,1
CUST04338,Fiyaz,Ben,fiyaz.ben67@email.com,9276170511,Mumbai,76296,07-10-2002,Male,27-03-2026,Bronze,4329.33,7,0
CUST04339,Lakshmi,Murthy,lakshmi.murthy63@email.com,9618213669,Mumbai,415731,06-11-2005,Female,21-08-2025,Gold,19096.03,112,1
CUST04340,Chandresh,Dhaliwal,chandresh.dhaliwal42@email.com,9339742993,Delhi NCR,404107,05-07-1967,Female,01-10-2025,Silver,11767.39,113,1
CUST04341,Ekapad,Desai,ekapad.desai55@email.com,9310547543,Mumbai,337026,06-05-1985,Other,23-06-2025,Platinum,50479.2,36,1
CUST04342,Harish,Manne,harish.manne36@email.com,9534695479,Hyderabad,355019,21-10-1974,Female,01-05-2025,Bronze,519.18,11,1
CUST04343,Shaurya,Bhatnagar,shaurya.bhatnagar84@email.com,9656420590,Bangalore,15845,22-06-1987,Female,27-06-2025,Bronze,2829.69,15,1
CUST04344,Umang,Chand,umang.chand68@email.com,9919010059,Mumbai,700174,23-02-1999,Other,13-12-2024,Bronze,4328.7,11,0
CUST04345,George,Seshadri,george.seshadri89@email.com,9763790820,Delhi NCR,607302,08-08-1967,Female,17-01-2026,Silver,14766.79,23,1
CUST04346,Sai,Kala,sai.kala82@email.com,9722156770,Mumbai,339701,07-12-1960,Female,01-10-2024,Bronze,915.01,4,1
CUST04347,Bimala,Garg,bimala.garg36@email.com,9907038456,Hyderabad,218922,20-08-2006,Other,14-06-2026,Bronze,2859.35,8,1
CUST04348,Advika,Aurora,advika.aurora57@email.com,9442888008,Hyderabad,613865,30-11-1978,Female,06-05-2026,Bronze,1154.9,9,1
CUST04349,Pooja,Rau,pooja.rau58@email.com,9785493898,Bangalore,251435,18-06-1997,Male,29-01-2026,Bronze,3281.86,6,1
CUST04350,Benjamin,Malhotra,benjamin.malhotra51@email.com,9234532973,Bangalore,118004,12-08-1983,Other,27-08-2024,Bronze,707.43,19,1
CUST04351,Fitan,Mutti,fitan.mutti21@email.com,9777529078,Mumbai,119596,02-07-1964,Other,24-04-2026,Gold,22930.36,48,1
CUST04352,Matthew,Subramaniam,matthew.subramaniam95@email.com,9431131574,Mumbai,934779,15-04-1990,Other,07-06-2025,Bronze,1375.28,10,1
CUST04353,Chandran,Narang,chandran.narang45@email.com,9568102790,Delhi NCR,856257,11-05-1984,Other,24-07-2024,Bronze,4407.18,8,1
CUST04354,Anjali,Gara,anjali.gara39@email.com,9797587999,Bangalore,464069,23-06-1978,Other,14-12-2025,Bronze,2711.74,9,0
CUST04355,Xiti,Sachdeva,xiti.sachdeva58@email.com,9963891993,Delhi NCR,754182,24-06-1994,Female,13-03-2026,Bronze,2933.1,11,1
CUST04356,Wishi,Chopra,wishi.chopra73@email.com,9439911682,Pune,488160,30-08-1985,Female,23-09-2025,Gold,22550.16,90,1
CUST04357,Ansh,Borra,ansh.borra17@email.com,9303728238,Mumbai,557082,14-11-1987,Other,04-08-2025,Silver,9992.79,37,1
CUST04358,Lakshmi,Nanda,lakshmi.nanda68@email.com,9361466566,Andhra Pradesh,444144,24-11-1969,Male,14-11-2025,Silver,12193.17,101,1
CUST04359,Abha,Dhillon,abha.dhillon29@email.com,9941267910,Bangalore,708805,08-07-1963,Male,06-09-2024,Bronze,1490.79,6,1
CUST04360,Falguni,Dasgupta,falguni.dasgupta30@email.com,9655545316,Pune,786268,13-09-1977,Male,30-05-2026,Silver,8501.48,15,1
CUST04361,Sachi,Bassi,sachi.bassi94@email.com,9727247907,Andhra Pradesh,241698,20-06-1968,Male,03-03-2025,Bronze,4122.23,15,1
CUST04362,Mason,Ahluwalia,mason.ahluwalia82@email.com,9816319107,Hyderabad,681700,02-10-1989,Female,06-09-2025,Silver,8545.92,70,1
CUST04363,Faras,Lanka,faras.lanka94@email.com,9451935757,Andhra Pradesh,659723,06-02-2001,Female,19-02-2026,Bronze,3891.52,16,0
CUST04364,Unni,Raman,unni.raman76@email.com,9914980252,Andhra Pradesh,105417,26-03-1966,Other,25-03-2025,Bronze,2951.43,17,1
CUST04365,Baljiwan,Balakrishnan,baljiwan.balakrishnan78@email.com,9532401926,Mumbai,601751,30-01-1997,Female,01-06-2026,Platinum,57661.35,30,1
CUST04366,Abeer,Ahluwalia,abeer.ahluwalia30@email.com,9432604328,Mumbai,784284,27-07-1985,Male,25-04-2025,Silver,11885.05,133,1
CUST04367,Tanmayi,Sarkar,tanmayi.sarkar27@email.com,9641496968,Mumbai,867706,30-08-1989,Female,01-08-2025,Bronze,3453.41,15,1
CUST04368,Karan,Chanda,karan.chanda28@email.com,9433210401,Andhra Pradesh,283491,03-03-1978,Other,24-12-2024,Gold,32395.72,136,1
CUST04369,Advaith,Dora,advaith.dora41@email.com,9338265046,Bangalore,527259,27-07-1993,Other,06-09-2025,Silver,14021.05,92,1
CUST04370,Tristan,Hayre,tristan.hayre12@email.com,9251329943,Hyderabad,740891,26-02-1972,Male,02-01-2026,Silver,14324.37,77,1
CUST04371,Chakradev,Pai,chakradev.pai88@email.com,9927136945,Delhi NCR,476988,16-07-1962,Male,26-09-2024,Gold,26515.98,23,1
CUST04372,Patrick,Gandhi,patrick.gandhi53@email.com,9126798385,Hyderabad,620836,31-01-1967,Other,15-02-2026,Gold,27006.08,30,0
CUST04373,Akshay,Zacharia,akshay.zacharia58@email.com,9482336403,Mumbai,257016,15-09-2004,Female,25-11-2024,Silver,14336.88,47,1
CUST04374,Champak,Rao,champak.rao33@email.com,9112630998,Kolkata,703559,25-06-1984,Male,05-06-2026,Gold,18916.04,146,1
CUST04375,Hitesh,Nadkarni,hitesh.nadkarni36@email.com,9930254656,Mumbai,676166,13-11-1970,Male,05-10-2025,Bronze,2461.37,7,1
CUST04376,Nidra,Palan,nidra.palan38@email.com,9624023510,Mumbai,360253,11-02-1986,Other,20-08-2025,Gold,20400,69,0
CUST04377,Vinaya,Guha,vinaya.guha42@email.com,9415488983,Hyderabad,92254,06-01-1985,Male,22-08-2024,Bronze,2050.1,12,1
CUST04378,Anmol,Ram,anmol.ram71@email.com,9458560382,Bangalore,97873,28-09-2004,Female,18-05-2026,Silver,10066.56,13,1
CUST04379,Widisha,Chatterjee,widisha.chatterjee77@email.com,9942201832,Bangalore,410006,20-01-1987,Female,25-03-2025,Silver,12571.83,127,1
CUST04380,Brinda,Varma,brinda.varma83@email.com,9789915685,Chennai,393004,06-11-1989,Female,04-09-2024,Bronze,4902.85,20,1
CUST04381,Umang,Munshi,umang.munshi59@email.com,9629594606,Bangalore,89706,29-04-1979,Other,30-09-2025,Gold,16968.56,78,1
CUST04382,Yash,Singhal,yash.singhal73@email.com,9818374588,Bangalore,904479,06-01-1964,Female,23-11-2025,Silver,14074.63,146,1
CUST04383,Divya,Kibe,divya.kibe40@email.com,9361689712,Hyderabad,470278,23-10-1999,Other,05-08-2024,Bronze,2121.85,20,0
CUST04384,Nathaniel,Shah,nathaniel.shah28@email.com,9137745238,Mumbai,451300,14-05-1982,Female,03-07-2026,Bronze,2609.53,20,1
CUST04385,Chandresh,Dani,chandresh.dani37@email.com,9462823612,Hyderabad,754738,10-02-1995,Male,11-03-2026,Bronze,4129.36,10,1
CUST04386,Aadi,Mandal,aadi.mandal60@email.com,9194933416,Bangalore,740628,01-10-1971,Male,11-08-2025,Silver,11836.11,27,1
CUST04387,Eshana,Agate,eshana.agate20@email.com,9990590784,Hyderabad,255320,03-10-1985,Male,07-01-2026,Gold,21123.59,70,1
CUST04388,Logan,Yadav,logan.yadav26@email.com,9865241479,Mumbai,155013,20-12-1982,Other,16-11-2024,Bronze,2293.06,7,1
CUST04389,Zayyan,Sidhu,zayyan.sidhu54@email.com,9496739186,Andhra Pradesh,178875,18-06-1961,Female,27-01-2026,Bronze,898.71,10,1
CUST04390,Janaki,Das,janaki.das95@email.com,9650279834,Kolkata,918418,20-03-1962,Other,22-04-2025,Bronze,4483,14,1
CUST04391,George,Mann,george.mann48@email.com,9472845872,Mumbai,200740,02-04-1979,Male,08-02-2026,Bronze,3349.34,17,1
CUST04392,Kashvi,Bir,kashvi.bir48@email.com,9649207658,Hyderabad,699332,21-09-1992,Female,30-05-2025,Bronze,4787.38,17,1
CUST04393,Maanav,Raja,maanav.raja32@email.com,9457635216,Hyderabad,738793,29-05-1963,Male,01-10-2025,Bronze,2305.63,5,1
CUST04394,Matthew,Pingle,matthew.pingle59@email.com,9465014004,Hyderabad,390605,20-08-1988,Male,19-12-2024,Bronze,2268.09,7,1
CUST04395,Nisha,Bath,nisha.bath67@email.com,9558420116,Hyderabad,124137,05-07-1974,Other,03-11-2025,Bronze,602.24,13,0
CUST04396,Chameli,Chadha,chameli.chadha46@email.com,9659615479,Andhra Pradesh,581936,16-01-1987,Other,10-10-2025,Platinum,70258.14,64,1
CUST04397,Bhavna,Gupta,bhavna.gupta37@email.com,9412165318,Mumbai,436531,23-04-2005,Other,12-03-2025,Silver,7413.11,72,1
CUST04398,Divya,Mammen,divya.mammen51@email.com,9389057820,Andhra Pradesh,681508,06-04-2000,Female,23-03-2025,Platinum,72519.45,42,0
CUST04399,Ikbal,Memon,ikbal.memon13@email.com,9409913964,Bangalore,318798,11-12-1999,Female,24-07-2025,Silver,12680.14,134,1
CUST04400,Nirja,Kari,nirja.kari98@email.com,9418092290,Pune,23042,07-11-1974,Male,20-01-2025,Bronze,1697.8,5,1
CUST04401,Tristan,Vasa,tristan.vasa91@email.com,9951523505,Hyderabad,196025,23-05-1962,Female,04-11-2025,Bronze,1482.56,16,1
CUST04402,Mitesh,Tandon,mitesh.tandon64@email.com,9411769887,Delhi NCR,400438,08-03-1990,Other,09-07-2026,Bronze,2895.67,3,1
CUST04403,Ladli,Sanghvi,ladli.sanghvi84@email.com,9120495568,Delhi NCR,707260,13-06-1971,Other,13-07-2025,Gold,17213.01,127,1
CUST04404,Divya,Sood,divya.sood51@email.com,9697402460,Andhra Pradesh,636805,05-07-1974,Other,30-07-2025,Silver,14339.24,6,1
CUST04405,Rishi,Wagle,rishi.wagle73@email.com,9584293999,Mumbai,882330,11-12-1998,Female,10-07-2025,Silver,12524.44,38,1
CUST04406,Ayushman,Chander,ayushman.chander38@email.com,9700209755,Chennai,477075,21-04-1967,Other,28-08-2025,Bronze,1387.07,5,1
CUST04407,Meghana,Devi,meghana.devi65@email.com,9959776178,Mumbai,98636,17-11-1991,Male,31-08-2025,Bronze,4714.23,2,0
CUST04408,Owen,Tiwari,owen.tiwari18@email.com,9595001867,Andhra Pradesh,689600,19-04-1986,Other,11-03-2026,Bronze,3142.71,10,1
CUST04409,Mohini,Thaman,mohini.thaman83@email.com,9388933078,Chennai,279042,09-09-1985,Female,28-11-2024,Bronze,3700.97,6,1
CUST04410,Amaira,Purohit,amaira.purohit65@email.com,9815034426,Hyderabad,806817,27-02-2001,Other,30-10-2024,Gold,32358.79,138,1
CUST04411,Naksh,Mangal,naksh.mangal76@email.com,9206478544,Andhra Pradesh,997970,24-04-1975,Female,21-10-2024,Bronze,4152.75,12,1
CUST04412,Benjamin,Bhatia,benjamin.bhatia68@email.com,9490532861,Delhi NCR,480985,19-02-1978,Male,02-02-2025,Bronze,4183.24,8,1
CUST04413,Tamanna,Basu,tamanna.basu20@email.com,9369990926,Bangalore,833465,28-03-1997,Other,06-05-2025,Bronze,3488.38,18,1
CUST04414,Tanvi,Deshmukh,tanvi.deshmukh12@email.com,9752240222,Bangalore,21318,07-05-2007,Female,09-08-2024,Silver,11513.91,78,1
CUST04415,Pahal,Sami,pahal.sami19@email.com,9351322594,Mumbai,405997,15-10-2003,Male,31-12-2025,Platinum,50369.66,121,1
CUST04416,Chavvi,Kapadia,chavvi.kapadia94@email.com,9684422457,Delhi NCR,878037,17-03-1996,Other,29-11-2024,Bronze,3601.39,5,1
CUST04417,Gaurika,Khosla,gaurika.khosla18@email.com,9326062025,Mumbai,126887,13-02-1962,Male,26-02-2025,Bronze,2655.29,16,1
CUST04418,Faris,Nath,faris.nath70@email.com,9203436402,Delhi NCR,781373,04-11-1965,Other,23-02-2025,Gold,29171.59,19,1
CUST04419,Oliver,Dar,oliver.dar72@email.com,9315223149,Delhi NCR,562479,13-07-2001,Other,17-02-2025,Bronze,1675.26,20,1
CUST04420,Zayyan,Koshy,zayyan.koshy28@email.com,9527915086,Bangalore,178273,15-03-1963,Male,17-04-2025,Bronze,539.51,19,1
CUST04421,Vanya,Rege,vanya.rege50@email.com,9480405422,Bangalore,208407,28-12-1995,Female,16-02-2025,Bronze,1301.79,19,1
CUST04422,Nandini,Kulkarni,nandini.kulkarni50@email.com,9815997265,Delhi NCR,157746,29-10-1986,Female,02-11-2024,Silver,8681.94,118,1
CUST04423,Jackson,Sunder,jackson.sunder68@email.com,9556976856,Delhi NCR,652554,25-09-1970,Male,07-02-2025,Silver,11829.37,139,1
CUST04424,Gaurika,Sami,gaurika.sami36@email.com,9488509674,Mumbai,729299,11-04-1964,Female,12-07-2025,Bronze,3856.72,18,1
CUST04425,Neel,Deshmukh,neel.deshmukh73@email.com,9809706464,Hyderabad,794060,12-04-1967,Female,19-03-2025,Bronze,4954.92,11,1
CUST04426,Abha,Chawla,abha.chawla36@email.com,9744311482,Pune,827386,15-03-2006,Other,08-09-2025,Silver,10983.42,96,1
CUST04427,Tejas,Khalsa,tejas.khalsa71@email.com,9897611232,Hyderabad,389862,07-02-1971,Female,22-04-2025,Silver,13270.97,122,1
CUST04428,Zayyan,Sampath,zayyan.sampath10@email.com,9239473700,Hyderabad,296610,21-12-1975,Male,23-04-2025,Bronze,908.54,5,1
CUST04429,Neelima,Pradhan,neelima.pradhan93@email.com,9520153643,Chennai,480843,07-12-1993,Male,06-12-2025,Bronze,2563.1,11,1
CUST04430,Fariq,Mody,fariq.mody88@email.com,9234397861,Delhi NCR,627350,11-08-2004,Male,23-05-2025,Silver,5478.38,121,0
CUST04431,Azad,Ben,azad.ben27@email.com,9631771242,Kolkata,266460,21-05-2000,Other,30-03-2026,Silver,5574.06,110,1
CUST04432,Radha,Borra,radha.borra56@email.com,9142994294,Kolkata,909100,11-03-2001,Other,08-10-2024,Bronze,2152.51,15,0
CUST04433,Qushi,Ramanathan,qushi.ramanathan51@email.com,9549261906,Bangalore,954543,08-03-1963,Female,29-08-2024,Bronze,3865.24,1,1
CUST04434,Gopal,Som,gopal.som57@email.com,9713542628,Andhra Pradesh,627420,22-07-2004,Male,19-03-2025,Platinum,38941.59,120,1
CUST04435,Pratyush,De,pratyush.de38@email.com,9488818151,Andhra Pradesh,898730,05-07-1994,Male,10-03-2026,Gold,22586.45,2,1
CUST04436,Rushil,Dugar,rushil.dugar40@email.com,9239353193,Hyderabad,665691,01-09-1963,Male,20-02-2026,Platinum,39602.93,24,1
CUST04437,Sara,Bhargava,sara.bhargava92@email.com,9931570741,Delhi NCR,117134,11-08-1960,Female,26-11-2025,Bronze,3144.17,14,1
CUST04438,Manan,Parmar,manan.parmar61@email.com,9568839397,Andhra Pradesh,64227,01-03-1989,Female,23-06-2026,Silver,14757.49,138,1
CUST04439,Aarini,Korpal,aarini.korpal18@email.com,9401135875,Mumbai,946526,24-05-2006,Male,01-01-2026,Platinum,48160.93,56,1
CUST04440,Ishani,Bhat,ishani.bhat31@email.com,9608984912,Hyderabad,347741,08-02-1966,Other,02-06-2025,Platinum,63747.29,92,1
CUST04441,Alexander,Dugar,alexander.dugar47@email.com,9390932776,Andhra Pradesh,953887,30-11-1983,Male,22-04-2025,Silver,6777.45,40,1
CUST04442,Wakeeta,Nadig,wakeeta.nadig91@email.com,9432968481,Mumbai,41552,28-07-1996,Male,11-02-2026,Silver,7644.68,141,1
CUST04443,Nitesh,Kari,nitesh.kari58@email.com,9869261197,Mumbai,164303,24-03-2003,Other,30-10-2024,Gold,32345.2,143,1
CUST04444,Warda,Shankar,warda.shankar58@email.com,9680909669,Chennai,443329,01-05-2008,Female,15-03-2025,Bronze,4688.81,19,1
CUST04445,Hemani,Shan,hemani.shan85@email.com,9824203930,Chennai,740477,11-05-1969,Other,06-02-2025,Bronze,1156.15,12,1
CUST04446,Maya,Mahal,maya.mahal79@email.com,9738372379,Mumbai,283419,28-03-1961,Other,01-06-2025,Silver,8259.07,128,0
CUST04447,Shravya,Borde,shravya.borde36@email.com,9317076701,Mumbai,99784,21-05-1980,Male,29-11-2024,Silver,8359.49,142,1
CUST04448,Yashoda,Gandhi,yashoda.gandhi20@email.com,9657736776,Bangalore,164212,05-10-1994,Other,24-10-2024,Gold,24453.63,73,1
CUST04449,Pallavi,Parekh,pallavi.parekh65@email.com,9826508905,Kolkata,970248,03-11-2000,Other,11-09-2024,Bronze,4985.49,6,1
CUST04450,Aarav,Oommen,aarav.oommen46@email.com,9437886741,Kolkata,799915,13-07-1996,Male,15-02-2026,Bronze,4266.5,18,1
CUST04451,Advika,Karnik,advika.karnik67@email.com,9869236723,Bangalore,565123,24-01-1980,Other,23-12-2024,Gold,25673.61,82,1
CUST04452,Alka,Maharaj,alka.maharaj79@email.com,9548627752,Andhra Pradesh,708063,21-05-1965,Male,18-07-2026,Platinum,36355.22,78,1
CUST04453,Wriddhish,Narasimhan,wriddhish.narasimhan45@email.com,9373410528,Bangalore,357845,11-09-2002,Female,02-08-2024,Bronze,3369.61,2,1
CUST04454,Urmi,Kadakia,urmi.kadakia97@email.com,9544069284,Hyderabad,282111,18-12-1972,Other,19-05-2025,Bronze,4303.62,8,1
CUST04455,Darika,Doshi,darika.doshi79@email.com,9833386492,Bangalore,815447,22-03-1998,Female,14-08-2025,Gold,31717.5,102,1
CUST04456,Teerth,Shetty,teerth.shetty20@email.com,9643587552,Delhi NCR,70507,04-04-1962,Male,12-11-2025,Bronze,1998.26,20,1
CUST04457,Kamala,Bahri,kamala.bahri78@email.com,9875547834,Mumbai,263276,30-09-1972,Male,11-07-2026,Bronze,3523.23,7,1
CUST04458,Aadhya,Jain,aadhya.jain35@email.com,9489424740,Mumbai,657207,23-10-2001,Male,29-08-2025,Gold,29809.18,141,1
CUST04459,Charles,Kumer,charles.kumer69@email.com,9374874078,Hyderabad,78937,01-09-2001,Other,06-07-2026,Bronze,4239.03,14,1
CUST04460,Zansi,Tara,zansi.tara99@email.com,9374146668,Andhra Pradesh,523999,15-02-1990,Other,28-04-2026,Bronze,3666.96,5,1
CUST04461,Robert,Ramachandran,robert.ramachandran13@email.com,9623915853,Pune,845441,29-09-2006,Female,05-04-2026,Bronze,1356.65,14,1
CUST04462,Udarsh,Tripathi,udarsh.tripathi71@email.com,9598441478,Hyderabad,792826,15-07-1970,Male,14-02-2026,Silver,10832.59,108,1
CUST04463,Andrew,Chaudhuri,andrew.chaudhuri15@email.com,9282111133,Hyderabad,515995,03-11-1971,Female,27-07-2025,Silver,7329.07,48,1
CUST04464,Bhanumati,Sekhon,bhanumati.sekhon21@email.com,9747895054,Bangalore,155333,10-05-1965,Female,03-12-2025,Silver,11658.13,22,1
CUST04465,Sanaya,Kari,sanaya.kari55@email.com,9620845656,Mumbai,347561,26-06-2002,Other,25-04-2026,Gold,30241.39,133,1
CUST04466,Pallavi,Chandran,pallavi.chandran31@email.com,9214529549,Mumbai,650210,08-12-1961,Female,20-03-2026,Silver,7769.13,40,1
CUST04467,Caleb,Garg,caleb.garg30@email.com,9124995902,Bangalore,864995,21-01-1996,Male,20-12-2025,Bronze,2737.45,9,1
CUST04468,Ucchal,Bhalla,ucchal.bhalla44@email.com,9114379419,Bangalore,512538,26-11-2004,Male,28-08-2024,Gold,33278.76,108,0
CUST04469,Oviya,Hans,oviya.hans82@email.com,9939655244,Chennai,905376,31-03-2001,Male,26-12-2024,Bronze,2918.98,3,1
CUST04470,Onkar,Sibal,onkar.sibal73@email.com,9907684837,Bangalore,746226,20-08-1995,Other,25-12-2025,Bronze,721.36,20,0
CUST04471,Vamakshi,Nadig,vamakshi.nadig99@email.com,9539927620,Mumbai,115243,25-03-1997,Male,04-08-2025,Bronze,3049.79,12,1
CUST04472,Krish,Bal,krish.bal68@email.com,9908651846,Delhi NCR,579314,05-11-2004,Male,07-03-2025,Bronze,4205.76,7,1
CUST04473,Zayan,Loyal,zayan.loyal86@email.com,9720036392,Bangalore,996459,21-11-2004,Male,12-05-2025,Silver,7645.58,89,0
CUST04474,Patrick,Lall,patrick.lall38@email.com,9677073771,Mumbai,840927,13-12-1990,Female,16-12-2025,Bronze,2209.08,5,1
CUST04475,Falan,Pant,falan.pant44@email.com,9107124627,Bangalore,368507,19-07-1964,Other,23-03-2025,Silver,12085.85,127,0
CUST04476,Imaran,Dugal,imaran.dugal82@email.com,9280351714,Delhi NCR,110318,13-02-1990,Male,04-07-2025,Silver,9173.79,30,1
CUST04477,Kalpit,Bahl,kalpit.bahl64@email.com,9996898668,Bangalore,591445,26-09-1988,Male,16-06-2025,Silver,11868.35,79,1
CUST04478,Faras,Reddy,faras.reddy60@email.com,9330449152,Hyderabad,760150,10-12-1978,Other,16-01-2025,Bronze,2808.18,3,1
CUST04479,Anita,Agarwal,anita.agarwal51@email.com,9373801819,Mumbai,26557,21-04-1986,Male,08-01-2026,Silver,6319.27,128,1
CUST04480,Daksha,Shenoy,daksha.shenoy55@email.com,9889489302,Bangalore,665732,22-07-2000,Female,29-11-2025,Bronze,4632.89,8,1
CUST04481,Vansha,Srinivasan,vansha.srinivasan20@email.com,9789658725,Bangalore,105068,16-08-1982,Other,07-11-2025,Bronze,1200.99,5,0
CUST04482,Ansh,Doshi,ansh.doshi40@email.com,9384793669,Andhra Pradesh,309462,11-07-1968,Female,16-03-2025,Silver,6544.82,46,1
CUST04483,Vedhika,Bajaj,vedhika.bajaj46@email.com,9934941996,Pune,165373,30-05-1961,Female,25-03-2025,Bronze,1721.62,9,1
CUST04484,Samar,Minhas,samar.minhas60@email.com,9731757663,Delhi NCR,890781,03-10-2003,Other,10-06-2026,Bronze,1932.46,12,1
CUST04485,Omisha,Dixit,omisha.dixit55@email.com,9519675659,Bangalore,96150,21-02-1993,Female,12-10-2024,Silver,11757.57,15,1
CUST04486,Chandresh,Sankaran,chandresh.sankaran47@email.com,9474246380,Hyderabad,169036,29-10-1991,Male,31-08-2024,Bronze,3547.72,6,0
CUST04487,Garima,Bhargava,garima.bhargava27@email.com,9989934681,Hyderabad,117977,22-12-2001,Male,17-06-2025,Gold,28876.2,79,1
CUST04488,Samaksh,Chawla,samaksh.chawla72@email.com,9769951688,Mumbai,670996,08-05-2006,Male,24-08-2024,Silver,11239.4,108,1
CUST04489,Triya,Madan,triya.madan60@email.com,9925141736,Kolkata,122983,19-10-1961,Female,20-08-2025,Bronze,641.25,10,1
CUST04490,Vrishti,Varughese,vrishti.varughese72@email.com,9370065597,Chennai,779888,20-12-1970,Female,01-02-2025,Gold,30822.9,81,1
CUST04491,Tarak,Shah,tarak.shah34@email.com,9948325599,Hyderabad,968686,03-08-1972,Male,30-06-2025,Silver,5174.87,88,1
CUST04492,Zehaan,Thakkar,zehaan.thakkar58@email.com,9627489258,Chennai,300971,17-08-1982,Male,02-02-2025,Silver,6523.8,109,1
CUST04493,Vinaya,Natarajan,vinaya.natarajan38@email.com,9385788058,Delhi NCR,13367,06-11-1970,Male,02-02-2026,Silver,13160.52,143,1
CUST04494,Gagan,Bhatti,gagan.bhatti44@email.com,9660456923,Hyderabad,678140,31-12-1996,Female,18-11-2024,Bronze,2983.63,8,1
CUST04495,Qabil,Memon,qabil.memon25@email.com,9358401451,Delhi NCR,491371,19-02-1989,Male,25-03-2026,Bronze,2604.96,2,1
CUST04496,Eshana,Bhalla,eshana.bhalla74@email.com,9173146597,Bangalore,231596,04-01-2004,Male,17-01-2025,Silver,14280.65,11,1
CUST04497,Upasna,Yohannan,upasna.yohannan87@email.com,9604432039,Andhra Pradesh,319151,08-06-1995,Male,02-02-2026,Silver,10906.95,29,1
CUST04498,Falan,Khurana,falan.khurana54@email.com,9208950169,Hyderabad,900479,28-10-1963,Male,11-03-2025,Silver,5179.21,130,1
CUST04499,Rachana,Mody,rachana.mody94@email.com,9555848261,Mumbai,940581,28-11-1982,Other,02-10-2024,Bronze,583.25,8,1
CUST04500,Udant,Kumer,udant.kumer33@email.com,9538305751,Andhra Pradesh,789119,17-03-2007,Other,19-11-2024,Silver,9309.43,78,1
CUST04501,Radha,Warrior,radha.warrior14@email.com,9106913505,Mumbai,98606,11-02-1996,Male,12-09-2024,Bronze,4076.49,9,1
CUST04502,Bishakha,Morar,bishakha.morar69@email.com,9330228395,Kolkata,666117,19-04-1992,Other,31-12-2025,Bronze,856.71,19,1
CUST04503,Max,Mall,max.mall52@email.com,9673681089,Bangalore,67080,03-11-1983,Male,13-02-2026,Gold,26114.24,135,1
CUST04504,Zilmil,Padmanabhan,zilmil.padmanabhan88@email.com,9685796545,Bangalore,404977,08-02-2007,Female,18-10-2025,Gold,24667.98,126,1
CUST04505,Ekantika,Sule,ekantika.sule14@email.com,9371826490,Delhi NCR,400303,25-03-1966,Male,27-04-2025,Bronze,3279.05,10,1
CUST04506,Dhruv,Venkatesh,dhruv.venkatesh26@email.com,9693832721,Mumbai,175989,01-03-1990,Female,03-12-2024,Silver,7182.49,55,0
CUST04507,Max,Mukherjee,max.mukherjee99@email.com,9185058746,Chennai,764194,06-09-2000,Female,03-05-2026,Bronze,652.9,16,1
CUST04508,Hiral,Toor,hiral.toor29@email.com,9676927818,Mumbai,251990,06-03-1966,Male,25-07-2024,Silver,9571.03,93,1
CUST04509,Laban,Raval,laban.raval79@email.com,9256485938,Andhra Pradesh,349227,22-08-1993,Other,10-01-2026,Bronze,2775.25,14,1
CUST04510,Urvashi,Bhakta,urvashi.bhakta98@email.com,9524608452,Delhi NCR,942682,10-07-1976,Female,09-11-2025,Silver,9961.11,134,1
CUST04511,Jalsa,Prabhakar,jalsa.prabhakar32@email.com,9749654784,Bangalore,344821,13-12-1976,Male,27-08-2025,Silver,5931.72,138,1
CUST04512,Aayush,Dalal,aayush.dalal75@email.com,9508430780,Bangalore,557694,30-04-1967,Male,22-12-2025,Bronze,2283.2,15,1
CUST04513,Kamala,Chauhan,kamala.chauhan49@email.com,9901150031,Delhi NCR,985532,25-06-1974,Other,18-07-2025,Bronze,2054,4,1
CUST04514,Janaki,Atwal,janaki.atwal14@email.com,9151656362,Bangalore,973175,25-11-1971,Male,12-04-2026,Bronze,673.26,5,0
CUST04515,Ekaja,Doctor,ekaja.doctor85@email.com,9155046915,Hyderabad,243421,19-06-1974,Other,02-10-2025,Silver,10202.82,89,1
CUST04516,Ikshita,Subramanian,ikshita.subramanian69@email.com,9571741707,Delhi NCR,562807,21-12-1973,Male,06-06-2026,Bronze,4034.85,2,1
CUST04517,Udant,Prakash,udant.prakash29@email.com,9548603155,Bangalore,64558,25-07-1963,Other,11-06-2026,Silver,7353.43,104,1
CUST04518,Dalaja,Vasa,dalaja.vasa53@email.com,9709646746,Delhi NCR,940782,22-11-1995,Male,08-05-2025,Silver,10638.24,22,1
CUST04519,Rachit,Pau,rachit.pau50@email.com,9969154852,Hyderabad,872937,18-02-1962,Other,05-03-2026,Gold,30728.29,61,1
CUST04520,Priya,Dugar,priya.dugar88@email.com,9150531887,Bangalore,873608,30-08-1964,Male,29-04-2025,Gold,28832.54,68,1
CUST04521,Indira,Yohannan,indira.yohannan21@email.com,9926925689,Bangalore,262316,11-11-1991,Male,03-05-2025,Gold,25298.97,98,1
CUST04522,Anmol,Bhatt,anmol.bhatt24@email.com,9532692743,Bangalore,532703,04-01-1981,Other,05-03-2026,Bronze,3107.6,10,1
CUST04523,Girish,Mangal,girish.mangal74@email.com,9154547255,Pune,756886,10-12-1974,Other,09-02-2026,Bronze,506.89,6,1
CUST04524,Vinaya,Chakraborty,vinaya.chakraborty95@email.com,9249027110,Mumbai,799870,10-04-1996,Male,11-08-2024,Silver,10076.01,147,1
CUST04525,Gaurangi,Kothari,gaurangi.kothari40@email.com,9826288261,Bangalore,898122,06-02-2005,Other,18-03-2026,Silver,7302.57,62,0
CUST04526,Udant,Ramakrishnan,udant.ramakrishnan62@email.com,9158611197,Bangalore,753764,26-02-1980,Other,02-04-2025,Bronze,2592.41,8,1
CUST04527,Ishaan,Dutt,ishaan.dutt95@email.com,9545322474,Kolkata,622208,29-03-2005,Male,24-12-2024,Bronze,4528.45,1,1
CUST04528,Avni,Reddy,avni.reddy55@email.com,9850400716,Mumbai,429961,26-10-1974,Female,24-08-2025,Bronze,3699.98,20,1
CUST04529,Dakshesh,Sem,dakshesh.sem94@email.com,9850345402,Mumbai,860699,05-12-2004,Male,22-12-2024,Bronze,698.43,10,0
CUST04530,Adya,Oak,adya.oak98@email.com,9585397167,Pune,68382,28-06-2002,Female,04-11-2024,Bronze,4836.19,10,0
CUST04531,Ekavir,Raj,ekavir.raj62@email.com,9394492353,Mumbai,986042,14-07-1993,Female,15-08-2025,Bronze,4320.1,20,1
CUST04532,Kashvi,Tandon,kashvi.tandon28@email.com,9782163779,Andhra Pradesh,36305,05-03-1986,Female,25-10-2025,Gold,28598.79,79,1
CUST04533,Gauri,Sagar,gauri.sagar86@email.com,9127213259,Mumbai,509694,15-07-1965,Male,03-11-2024,Bronze,1927.87,11,1
CUST04534,Tanish,Nagar,tanish.nagar60@email.com,9548290882,Mumbai,888990,22-08-2006,Female,16-09-2025,Bronze,1036.93,12,0
CUST04535,Yoshita,Venkataraman,yoshita.venkataraman79@email.com,9619173902,Hyderabad,81107,26-04-1967,Male,22-02-2025,Bronze,4084.99,2,1
CUST04536,Owen,Jayaraman,owen.jayaraman89@email.com,9994226477,Bangalore,36808,15-10-2004,Female,03-04-2025,Silver,9213.23,133,1
CUST04537,Yashasvi,Mangat,yashasvi.mangat46@email.com,9479951386,Bangalore,437213,16-05-1972,Male,18-06-2025,Silver,14894.79,134,1
CUST04538,Warda,Tandon,warda.tandon53@email.com,9533249542,Mumbai,383191,02-02-2007,Female,04-07-2026,Bronze,3102.42,5,1
CUST04539,Yamini,Bhakta,yamini.bhakta16@email.com,9904680195,Andhra Pradesh,384309,17-06-1992,Male,03-10-2025,Silver,9326.09,133,0
CUST04540,Vinaya,Narayan,vinaya.narayan92@email.com,9679921904,Andhra Pradesh,842181,23-05-1998,Male,27-02-2026,Bronze,2769.93,12,1
CUST04541,Bachittar,Bhatti,bachittar.bhatti14@email.com,9582059972,Mumbai,472913,05-09-1967,Female,21-10-2024,Gold,15152.49,87,0
CUST04542,Nathaniel,Raju,nathaniel.raju12@email.com,9267231235,Bangalore,974603,11-06-1964,Other,27-10-2024,Bronze,4802.96,2,0
CUST04543,Simon,Chhabra,simon.chhabra71@email.com,9728745086,Andhra Pradesh,178170,14-07-1981,Other,03-12-2024,Platinum,66491.65,57,1
CUST04544,Yash,Dey,yash.dey57@email.com,9658301885,Andhra Pradesh,588811,27-10-1996,Male,21-03-2025,Gold,23065.29,11,1
CUST04545,Ojas,Bajwa,ojas.bajwa84@email.com,9602645953,Hyderabad,304165,31-05-1969,Male,21-05-2026,Bronze,1590.37,20,1
CUST04546,Sudiksha,Ganesh,sudiksha.ganesh49@email.com,9941533924,Mumbai,189109,19-12-1983,Male,08-01-2025,Bronze,4693.25,7,1
CUST04547,Gunbir,Basak,gunbir.basak45@email.com,9694531305,Hyderabad,179251,22-11-1975,Female,22-05-2025,Silver,9519.65,36,1
CUST04548,Omkaar,Dugal,omkaar.dugal22@email.com,9361130226,Bangalore,801370,26-07-1972,Female,10-08-2024,Silver,6465.9,43,1
CUST04549,Gavin,Muni,gavin.muni61@email.com,9371500623,Hyderabad,146961,27-06-2008,Female,17-01-2025,Bronze,2718.18,2,1
CUST04550,Neha,Banik,neha.banik95@email.com,9159033026,Mumbai,727204,07-05-1985,Female,24-08-2024,Silver,9686.64,12,1
CUST04551,Abhimanyu,Saraf,abhimanyu.saraf13@email.com,9324429771,Andhra Pradesh,533350,03-03-1968,Female,26-05-2025,Gold,26483.94,145,0
CUST04552,Rachit,Sama,rachit.sama32@email.com,9547674747,Bangalore,510494,05-04-1986,Other,16-07-2026,Silver,5863.91,138,0
CUST04553,Jagdish,Sundaram,jagdish.sundaram91@email.com,9760296737,Andhra Pradesh,51513,11-08-1975,Other,10-12-2025,Gold,27277.05,72,0
CUST04554,Jeremiah,Balan,jeremiah.balan87@email.com,9689839055,Delhi NCR,730924,21-07-1960,Male,24-07-2025,Silver,13307.48,98,1
CUST04555,Dayamai,Chander,dayamai.chander36@email.com,9289193286,Mumbai,596653,22-08-1976,Female,28-09-2025,Silver,12993.08,98,1
CUST04556,Chandresh,Kapadia,chandresh.kapadia99@email.com,9366958358,Bangalore,385743,10-08-1975,Male,30-10-2025,Bronze,2844.5,13,1
CUST04557,Harrison,Nagarajan,harrison.nagarajan39@email.com,9520384669,Bangalore,8416,08-03-1970,Male,29-12-2025,Silver,5309.03,114,1
CUST04558,Krishna,Sura,krishna.sura76@email.com,9360783731,Chennai,14683,01-09-2004,Male,20-10-2024,Bronze,1507.63,9,1
CUST04559,Amrita,Raman,amrita.raman67@email.com,9500354717,Mumbai,3945,04-02-1985,Other,18-08-2025,Silver,10972.89,47,0
CUST04560,Bina,Rama,bina.rama40@email.com,9804717443,Andhra Pradesh,201819,29-12-1961,Other,04-11-2024,Bronze,3684.78,19,1
CUST04561,Tanay,Gara,tanay.gara75@email.com,9278895653,Bangalore,165198,22-10-1997,Other,11-07-2026,Silver,13340.09,127,1
CUST04562,Abhimanyu,Ravi,abhimanyu.ravi88@email.com,9346820192,Mumbai,917507,04-12-1983,Male,19-10-2024,Silver,13738.81,99,1
CUST04563,Neel,Ramakrishnan,neel.ramakrishnan55@email.com,9158989768,Bangalore,750461,09-03-1987,Other,02-12-2025,Silver,6509.12,132,1
CUST04564,Nathaniel,Dhillon,nathaniel.dhillon30@email.com,9116818405,Hyderabad,396568,10-11-2003,Female,24-09-2025,Silver,9999.98,116,1
CUST04565,Xalak,Gala,xalak.gala26@email.com,9313089975,Andhra Pradesh,204871,31-07-1962,Other,22-04-2026,Bronze,1866.08,14,1
CUST04566,Utkarsh,Rajagopal,utkarsh.rajagopal46@email.com,9135306978,Bangalore,347641,24-09-1977,Male,01-03-2025,Silver,6757.59,122,1
CUST04567,Luke,Singh,luke.singh77@email.com,9866403790,Mumbai,974531,23-09-1980,Other,26-04-2025,Silver,7405.81,83,1
CUST04568,Jyoti,Pant,jyoti.pant15@email.com,9775548722,Hyderabad,800290,28-07-1989,Female,27-01-2026,Gold,28059.08,88,1
CUST04569,Inaya,Mody,inaya.mody39@email.com,9195915785,Mumbai,356427,12-05-2007,Female,02-11-2024,Bronze,3610.21,20,1
CUST04570,Aachal,Jani,aachal.jani30@email.com,9971392158,Bangalore,109098,27-05-1971,Female,05-02-2025,Bronze,2186,20,1
CUST04571,Ekiya,Bhandari,ekiya.bhandari67@email.com,9789285806,Mumbai,464702,11-01-1974,Other,07-06-2025,Bronze,3102.12,7,1
CUST04572,Abeer,Sarraf,abeer.sarraf19@email.com,9825097292,Andhra Pradesh,170602,08-05-1972,Female,25-04-2025,Bronze,4068.48,8,1
CUST04573,Omkaar,Nayak,omkaar.nayak86@email.com,9996716662,Andhra Pradesh,313417,19-03-1989,Other,09-12-2024,Silver,6900.38,86,0
CUST04574,Rachit,Bala,rachit.bala50@email.com,9547866185,Bangalore,417540,04-02-1967,Other,15-05-2025,Bronze,866.5,8,1
CUST04575,Yug,Sen,yug.sen23@email.com,9978989381,Bangalore,584828,11-04-1968,Female,29-06-2025,Platinum,44693.46,93,1
CUST04576,Raghav,Jayaraman,raghav.jayaraman74@email.com,9681450970,Mumbai,969108,07-09-1971,Other,01-04-2026,Bronze,3332.08,11,1
CUST04577,Pallavi,Pandya,pallavi.pandya37@email.com,9363430106,Delhi NCR,120646,14-06-1979,Other,28-01-2026,Bronze,2505.21,6,1
CUST04578,Nilima,Srinivasan,nilima.srinivasan98@email.com,9786456599,Chennai,478562,24-01-1983,Female,16-06-2026,Bronze,811.56,11,1
CUST04579,Champak,Lal,champak.lal93@email.com,9188867670,Andhra Pradesh,14399,24-12-1998,Female,15-11-2024,Silver,11648.77,123,1
CUST04580,Ishani,Sidhu,ishani.sidhu68@email.com,9266800290,Bangalore,992861,09-02-1961,Female,07-11-2024,Silver,11339.11,98,1
CUST04581,Hemangini,Natt,hemangini.natt31@email.com,9568711525,Hyderabad,438255,20-02-1970,Female,26-07-2024,Platinum,65463.52,88,1
CUST04582,Yatin,Grewal,yatin.grewal56@email.com,9728220237,Delhi NCR,591819,20-07-1996,Male,14-08-2024,Bronze,1888.08,11,1
CUST04583,Ikshita,Grewal,ikshita.grewal36@email.com,9900967562,Hyderabad,905306,27-10-1993,Male,04-01-2025,Bronze,1395,2,1
CUST04584,Alexander,Kar,alexander.kar39@email.com,9998049631,Bangalore,388401,10-11-1989,Male,25-11-2025,Bronze,4006.17,20,1
CUST04585,Vaishnavi,Shetty,vaishnavi.shetty32@email.com,9944879910,Bangalore,921910,22-11-1982,Male,27-07-2024,Bronze,2247.86,2,1
CUST04586,Vrishti,Chaudhuri,vrishti.chaudhuri22@email.com,9715100812,Bangalore,95744,02-04-1984,Female,15-07-2026,Gold,19910.36,90,0
CUST04587,Arunima,Bakshi,arunima.bakshi37@email.com,9368912729,Kolkata,914387,29-01-1990,Male,18-07-2025,Bronze,2338.71,18,1
CUST04588,Sarthak,Mody,sarthak.mody46@email.com,9928241465,Bangalore,155676,09-12-2001,Other,19-03-2025,Bronze,1998.76,4,1
CUST04589,Triya,Gade,triya.gade22@email.com,9858722741,Mumbai,263273,09-12-1971,Female,08-02-2025,Bronze,3948.77,16,1
CUST04590,Vedant,Suresh,vedant.suresh55@email.com,9109321769,Pune,391905,20-05-1988,Male,28-05-2025,Bronze,527.78,2,1
CUST04591,Ekani,Chopra,ekani.chopra69@email.com,9123463015,Andhra Pradesh,134307,29-07-1987,Female,24-08-2025,Silver,14139.92,95,1
CUST04592,Vihaan,Doctor,vihaan.doctor75@email.com,9957131637,Bangalore,681605,26-03-2003,Male,23-09-2024,Silver,12617.28,35,1
CUST04593,Harshil,Sinha,harshil.sinha74@email.com,9568044576,Mumbai,242363,02-08-1990,Other,28-01-2025,Bronze,1230.96,12,0
CUST04594,Tanveer,Shere,tanveer.shere15@email.com,9940688507,Bangalore,801318,06-06-1978,Other,14-12-2024,Bronze,2957.86,1,1
CUST04595,Bhavna,Borde,bhavna.borde63@email.com,9203263718,Andhra Pradesh,571682,21-09-1988,Other,22-10-2024,Platinum,66687.19,85,1
CUST04596,Dhruv,Chopra,dhruv.chopra89@email.com,9812992418,Andhra Pradesh,762073,03-12-1977,Female,11-07-2025,Gold,32567.13,136,1
CUST04597,Vasatika,Karnik,vasatika.karnik10@email.com,9430191563,Bangalore,414556,28-04-1981,Other,04-07-2025,Bronze,4319.85,2,1
CUST04598,Rishi,Bhatt,rishi.bhatt33@email.com,9622212653,Delhi NCR,688592,28-01-1988,Other,26-05-2025,Silver,13378.84,123,1
CUST04599,Vihaan,Solanki,vihaan.solanki83@email.com,9852576424,Delhi NCR,88943,22-11-1997,Male,15-12-2024,Silver,5519.84,75,0
CUST04600,Chakradev,Dash,chakradev.dash96@email.com,9319260563,Andhra Pradesh,857816,18-12-1985,Female,18-06-2026,Bronze,2202.27,11,1
CUST04601,Rachita,Anne,rachita.anne69@email.com,9343818689,Andhra Pradesh,418902,09-09-1979,Female,23-02-2025,Bronze,4542.87,20,1
CUST04602,Neelima,Goyal,neelima.goyal26@email.com,9646192542,Chennai,617346,10-11-1962,Other,08-07-2026,Bronze,3044.81,9,1
CUST04603,Tanvi,Kalla,tanvi.kalla57@email.com,9303519441,Delhi NCR,314931,06-09-1995,Male,22-09-2024,Silver,8214.21,51,1
CUST04604,Ranveer,Seth,ranveer.seth86@email.com,9599493707,Bangalore,293804,22-08-1983,Other,23-07-2024,Bronze,2003.72,11,1
CUST04605,Veer,Aggarwal,veer.aggarwal19@email.com,9619236829,Andhra Pradesh,491164,24-11-1993,Male,03-06-2025,Silver,12151.78,87,1
CUST04606,Aadhya,Goyal,aadhya.goyal44@email.com,9389674439,Bangalore,386813,17-06-1976,Male,07-07-2026,Silver,13861.24,99,1
CUST04607,Vaishnavi,Deep,vaishnavi.deep62@email.com,9150203425,Mumbai,781815,18-01-1984,Female,15-06-2026,Bronze,3740.59,18,1
CUST04608,Sarthak,Goyal,sarthak.goyal60@email.com,9191650001,Andhra Pradesh,883021,01-03-1974,Male,22-05-2025,Silver,9585.84,41,0
CUST04609,Vidhi,Bhatnagar,vidhi.bhatnagar39@email.com,9332134957,Pune,33841,09-10-1992,Other,27-02-2026,Silver,12844.2,75,1
CUST04610,Suhani,Raval,suhani.raval96@email.com,9967043249,Delhi NCR,287490,02-09-1992,Male,19-11-2024,Bronze,2019.93,2,1
CUST04611,Odika,Krishna,odika.krishna95@email.com,9178091093,Mumbai,50391,14-12-1988,Female,26-07-2025,Bronze,2527.55,18,1
CUST04612,Falan,Ghose,falan.ghose61@email.com,9458413355,Hyderabad,793985,15-09-2003,Male,01-10-2025,Bronze,1923.45,14,1
CUST04613,Udant,Bhardwaj,udant.bhardwaj32@email.com,9540546385,Hyderabad,278146,26-06-1999,Male,14-04-2025,Platinum,68802.79,21,1
CUST04614,Zaid,Nadig,zaid.nadig14@email.com,9316599023,Bangalore,698232,16-06-1963,Other,23-06-2025,Bronze,1871.95,11,1
CUST04615,Oliver,Mital,oliver.mital69@email.com,9922269932,Hyderabad,115623,01-02-1964,Other,14-04-2026,Platinum,74754.91,66,1
CUST04616,Lopa,Tara,lopa.tara36@email.com,9318095648,Delhi NCR,194670,23-04-1966,Male,18-02-2025,Platinum,72921.15,16,1
CUST04617,Faras,Dora,faras.dora38@email.com,9380895876,Delhi NCR,447120,12-10-1998,Male,21-12-2024,Bronze,2002.46,9,1
CUST04618,Oni,Dave,oni.dave46@email.com,9421218716,Delhi NCR,874856,11-03-1973,Other,31-12-2024,Bronze,1493.61,18,1
CUST04619,Saumya,Sandal,saumya.sandal27@email.com,9207282176,Andhra Pradesh,732776,09-04-1962,Male,15-01-2026,Bronze,721.62,11,0
CUST04620,Ojasvi,Guha,ojasvi.guha43@email.com,9489392045,Bangalore,136899,24-11-1963,Other,14-06-2025,Platinum,41051.86,109,1
CUST04621,Jagvi,Som,jagvi.som28@email.com,9133203438,Bangalore,169843,20-10-1988,Male,28-05-2025,Bronze,976.98,18,1
CUST04622,Yagnesh,Koshy,yagnesh.koshy74@email.com,9538888028,Pune,561845,13-08-1975,Other,10-04-2025,Gold,27225.38,77,1
CUST04623,Vasatika,Sethi,vasatika.sethi53@email.com,9129442582,Bangalore,785929,15-05-1979,Other,07-04-2025,Bronze,971.1,16,1
CUST04624,Yashasvi,Kaur,yashasvi.kaur47@email.com,9312810894,Bangalore,188374,13-10-1981,Female,11-09-2025,Bronze,3038.12,19,1
CUST04625,Ojas,Gupta,ojas.gupta56@email.com,9124801078,Andhra Pradesh,42445,04-11-1960,Female,06-12-2024,Silver,6310.47,99,1
CUST04626,Indali,Ramakrishnan,indali.ramakrishnan83@email.com,9527494528,Mumbai,21782,04-08-2002,Other,02-04-2025,Silver,10819.94,113,1
CUST04627,Ekbal,Rao,ekbal.rao96@email.com,9250472040,Delhi NCR,37632,20-08-2000,Other,01-03-2025,Silver,9540.47,122,1
CUST04628,Aarnav,Kapoor,aarnav.kapoor83@email.com,9446875721,Bangalore,437412,15-04-1990,Female,04-11-2025,Gold,29049.73,65,1
CUST04629,Aditya,Vala,aditya.vala63@email.com,9769590839,Mumbai,551086,20-06-1967,Female,07-11-2025,Gold,33136.71,69,0
CUST04630,Turvi,Aggarwal,turvi.aggarwal27@email.com,9247715932,Mumbai,839313,02-04-1969,Male,13-11-2025,Silver,8047.47,91,1
CUST04631,Daksha,Bali,daksha.bali40@email.com,9708425909,Bangalore,759425,17-06-1963,Other,07-09-2024,Silver,5261.46,99,1
CUST04632,Netra,Prakash,netra.prakash94@email.com,9405554514,Bangalore,555748,09-04-1986,Other,29-12-2024,Silver,9160.15,139,1
CUST04633,Manthan,Bobal,manthan.bobal48@email.com,9151303003,Mumbai,705605,14-12-1981,Male,24-07-2025,Gold,34396.54,14,1
CUST04634,Shivansh,Virk,shivansh.virk88@email.com,9289108667,Delhi NCR,109600,01-12-1989,Male,08-07-2026,Platinum,65126.25,38,1
CUST04635,Ladli,Dada,ladli.dada51@email.com,9894694825,Delhi NCR,153176,02-03-1988,Male,03-08-2024,Bronze,1286.7,3,1
CUST04636,Nitesh,Memon,nitesh.memon43@email.com,9938940117,Mumbai,569791,09-04-1995,Female,21-09-2024,Gold,19333.1,71,1
CUST04637,Chaaya,Kala,chaaya.kala33@email.com,9577878074,Bangalore,697575,06-03-1985,Female,07-02-2025,Bronze,878.38,10,0
CUST04638,Maya,Badal,maya.badal44@email.com,9143327097,Chennai,834260,29-11-1985,Other,15-12-2024,Silver,8819.92,124,1
CUST04639,Warinder,Vohra,warinder.vohra23@email.com,9237032718,Andhra Pradesh,499696,19-03-1986,Female,01-02-2026,Silver,8690.39,94,0
CUST04640,Chandresh,Dâ€™Alia,chandresh.dâ€™alia93@email.com,9683363631,Delhi NCR,588041,22-03-1980,Male,26-11-2025,Silver,9905.14,28,1
CUST04641,Anmol,Hans,anmol.hans73@email.com,9989418678,Hyderabad,348745,18-09-1967,Other,02-11-2024,Bronze,2959.85,8,1
CUST04642,Madhavi,Dara,madhavi.dara55@email.com,9719064320,Hyderabad,790229,21-09-1974,Female,31-05-2026,Bronze,1300.23,17,1
CUST04643,Anthony,Manne,anthony.manne39@email.com,9235517239,Delhi NCR,312134,25-07-1982,Male,31-03-2025,Silver,14315.84,128,1
CUST04644,Ria,Balasubramanian,ria.balasubramanian77@email.com,9745995466,Mumbai,725668,23-07-1993,Male,27-10-2024,Platinum,35023.94,103,1
CUST04645,Zaid,Bhandari,zaid.bhandari21@email.com,9871185525,Andhra Pradesh,365783,18-08-1990,Male,10-01-2026,Bronze,1958.45,4,0
CUST04646,Ethan,Prabhakar,ethan.prabhakar99@email.com,9112431498,Bangalore,41367,16-07-1991,Female,28-07-2025,Silver,5064.91,4,1
CUST04647,Ladli,Sur,ladli.sur25@email.com,9373515330,Delhi NCR,932249,12-08-1986,Male,25-07-2025,Bronze,3864.09,11,0
CUST04648,Tejas,Sidhu,tejas.sidhu48@email.com,9312953531,Bangalore,967557,12-03-2000,Male,17-10-2024,Bronze,1753.27,8,1
CUST04649,Kevin,Balan,kevin.balan98@email.com,9247491165,Hyderabad,540289,08-05-2007,Female,18-02-2025,Gold,29729.28,23,1
CUST04650,Chanchal,Jani,chanchal.jani69@email.com,9349646370,Andhra Pradesh,697694,14-10-1968,Male,16-01-2025,Bronze,2120.3,9,1
CUST04651,Lipika,Ram,lipika.ram47@email.com,9946000718,Pune,488689,24-03-2000,Other,17-05-2025,Bronze,2847.29,12,1
CUST04652,Abhiram,Venkataraman,abhiram.venkataraman26@email.com,9519782751,Pune,863914,11-11-1968,Male,09-09-2025,Bronze,1957.4,19,1
CUST04653,Wriddhish,Naik,wriddhish.naik33@email.com,9647741320,Bangalore,949044,08-04-1978,Female,15-07-2025,Gold,24711.29,74,1
CUST04654,Arya,Grewal,arya.grewal70@email.com,9260539205,Delhi NCR,72544,05-12-1983,Female,02-02-2026,Bronze,2420.52,8,1
CUST04655,Matthew,Srinivasan,matthew.srinivasan30@email.com,9905676360,Bangalore,109547,22-09-2004,Other,21-11-2024,Bronze,4350.97,12,1
CUST04656,Vaishnavi,Malhotra,vaishnavi.malhotra70@email.com,9265154851,Mumbai,751939,23-12-1968,Female,11-07-2026,Gold,32326.01,67,1
CUST04657,Zayyan,Raj,zayyan.raj35@email.com,9101524284,Delhi NCR,378280,02-02-1976,Male,19-03-2025,Bronze,4569.08,16,1
CUST04658,Odika,Virk,odika.virk39@email.com,9655796966,Hyderabad,85877,14-10-1991,Male,18-07-2024,Gold,30620.71,36,1
CUST04659,Upasna,Parmar,upasna.parmar55@email.com,9171849242,Andhra Pradesh,139939,12-04-2003,Male,29-11-2024,Bronze,2452.43,17,1
CUST04660,Ekantika,Ramesh,ekantika.ramesh77@email.com,9315752889,Chennai,974631,26-02-1993,Male,14-03-2026,Silver,6135.81,76,1
CUST04661,Vasatika,Bhavsar,vasatika.bhavsar20@email.com,9680545706,Mumbai,266786,23-04-1965,Male,27-05-2025,Silver,14538.32,107,1
CUST04662,Viraj,Kara,viraj.kara97@email.com,9945844234,Delhi NCR,381303,28-03-1970,Female,16-02-2026,Silver,12584.72,97,1
CUST04663,Nimrat,Dayal,nimrat.dayal45@email.com,9217488942,Delhi NCR,986409,02-10-1977,Other,26-05-2025,Silver,7885.97,58,1
CUST04664,Mekhala,Peri,mekhala.peri21@email.com,9688818005,Mumbai,977053,15-05-1987,Other,05-03-2025,Bronze,3326.21,20,1
CUST04665,Amruta,Kothari,amruta.kothari51@email.com,9427731290,Andhra Pradesh,954121,19-12-2004,Other,14-07-2025,Bronze,2220.15,7,0
CUST04666,Lajita,Garde,lajita.garde72@email.com,9922221864,Andhra Pradesh,801289,12-07-1977,Female,14-06-2026,Silver,13769.29,40,1
CUST04667,Aachal,Tripathi,aachal.tripathi64@email.com,9551640552,Chennai,800920,23-09-1984,Other,25-01-2025,Gold,31845.8,82,1
CUST04668,Lekha,Nagy,lekha.nagy10@email.com,9481731335,Delhi NCR,456869,16-01-1989,Female,25-10-2025,Bronze,1765.06,6,1
CUST04669,Balveer,Barad,balveer.barad60@email.com,9278710499,Delhi NCR,923315,07-08-1969,Other,05-04-2026,Silver,11110.5,143,0
CUST04670,Charita,Atwal,charita.atwal26@email.com,9644030420,Hyderabad,157584,09-11-2007,Other,01-04-2026,Platinum,39988.48,27,0
CUST04671,Maanav,Shere,maanav.shere76@email.com,9457420553,Mumbai,861277,18-05-1999,Male,14-02-2026,Bronze,3200.5,2,1
CUST04672,Rudra,Khurana,rudra.khurana76@email.com,9440932674,Mumbai,356942,26-11-1961,Female,28-09-2024,Bronze,3820.36,9,1
CUST04673,Amrita,Kunda,amrita.kunda74@email.com,9659932091,Pune,766162,11-09-1999,Other,02-05-2026,Bronze,1299.4,12,1
CUST04674,Januja,Bera,januja.bera53@email.com,9561339032,Bangalore,410318,07-06-1981,Female,04-09-2024,Silver,14670,49,1
CUST04675,Vidhi,Korpal,vidhi.korpal23@email.com,9964155998,Mumbai,652346,08-09-1985,Male,13-01-2026,Bronze,4729.78,19,1
CUST04676,Janaki,Manda,janaki.manda12@email.com,9737071441,Chennai,120384,16-07-1988,Female,06-07-2025,Bronze,2615.85,2,1
CUST04677,Oscar,Sarin,oscar.sarin93@email.com,9115427984,Bangalore,401989,24-04-1972,Male,16-01-2026,Bronze,3765.04,11,1
CUST04678,Yashvi,Contractor,yashvi.contractor18@email.com,9211672579,Mumbai,353542,17-11-1983,Male,19-11-2025,Bronze,3199.68,19,0
CUST04679,Qushi,Dass,qushi.dass99@email.com,9796686714,Bangalore,78138,09-11-1979,Female,21-01-2026,Silver,10287.74,59,1
CUST04680,Suhani,Nath,suhani.nath50@email.com,9588379007,Mumbai,340749,20-07-1966,Male,12-08-2025,Silver,12351.91,121,1
CUST04681,Edhitha,Badami,edhitha.badami37@email.com,9708733937,Mumbai,824055,18-11-1978,Other,07-06-2025,Silver,11443.2,48,1
CUST04682,Indali,Brahmbhatt,indali.brahmbhatt32@email.com,9406035611,Delhi NCR,69061,22-01-1967,Other,14-11-2025,Bronze,2794.59,12,1
CUST04683,Ikshita,Sha,ikshita.sha11@email.com,9456044124,Mumbai,725303,19-08-1968,Other,20-03-2025,Bronze,806.71,11,1
CUST04684,Anjali,Radhakrishnan,anjali.radhakrishnan71@email.com,9999741714,Mumbai,394428,31-08-1961,Other,03-01-2026,Bronze,4846.7,11,1
CUST04685,Ekani,Kumar,ekani.kumar34@email.com,9354471635,Mumbai,92319,12-09-1984,Male,13-07-2026,Bronze,1059.88,6,1
CUST04686,Champak,Sodhi,champak.sodhi65@email.com,9479771992,Bangalore,305390,17-02-1963,Female,20-01-2025,Silver,6051.34,97,1
CUST04687,Anita,Kadakia,anita.kadakia12@email.com,9162888952,Mumbai,926205,30-11-2006,Male,26-04-2025,Bronze,1059.18,12,1
CUST04688,Jhalak,Pal,jhalak.pal73@email.com,9129363781,Hyderabad,284975,19-09-1986,Male,28-03-2026,Silver,10441.88,102,1
CUST04689,Hemani,Savant,hemani.savant49@email.com,9710569435,Mumbai,393994,01-09-1974,Male,11-09-2024,Silver,6584.15,142,1
CUST04690,Ayushman,Panchal,ayushman.panchal54@email.com,9927215768,Chennai,888578,25-06-1990,Male,03-09-2025,Gold,15053.7,89,1
CUST04691,Rachit,Wagle,rachit.wagle82@email.com,9571782753,Chennai,957283,25-08-2001,Other,29-06-2025,Gold,16003.38,27,1
CUST04692,Zarna,Issac,zarna.issac99@email.com,9839553058,Bangalore,189865,01-07-2003,Female,29-11-2025,Silver,5299.93,36,1
CUST04693,Brinda,Raval,brinda.raval77@email.com,9170544110,Andhra Pradesh,745625,30-09-2006,Female,17-02-2026,Bronze,4931.17,20,1
CUST04694,Krishna,Sibal,krishna.sibal19@email.com,9493817073,Mumbai,327188,25-12-1990,Other,21-04-2025,Bronze,748.11,10,1
CUST04695,Zinal,Seth,zinal.seth52@email.com,9530756734,Bangalore,98020,05-08-1993,Other,09-04-2025,Gold,16361.4,86,1
CUST04696,Jonathan,Bath,jonathan.bath49@email.com,9597581404,Bangalore,690743,01-02-2000,Female,03-08-2024,Bronze,878.59,10,1
CUST04697,Mohini,Lad,mohini.lad33@email.com,9638058742,Bangalore,773920,09-09-1970,Male,06-03-2025,Bronze,3269.59,2,1
CUST04698,Aadhya,Luthra,aadhya.luthra76@email.com,9546047123,Bangalore,731971,23-05-1997,Male,06-12-2025,Bronze,569.08,3,1
CUST04699,Aadi,Dara,aadi.dara46@email.com,9755738108,Andhra Pradesh,203672,01-02-2002,Female,29-12-2025,Silver,9180.99,16,1
CUST04700,Ekbal,Rana,ekbal.rana38@email.com,9542229459,Delhi NCR,261666,26-03-1979,Female,28-07-2025,Bronze,1043.36,8,1
CUST04701,Dominic,Balakrishnan,dominic.balakrishnan39@email.com,9947271300,Bangalore,935275,23-02-1989,Male,28-04-2025,Silver,6014.38,133,1
CUST04702,Krishna,Bakshi,krishna.bakshi55@email.com,9159097727,Hyderabad,130016,29-12-1965,Female,23-11-2025,Silver,8620.29,44,1
CUST04703,Timothy,Gokhale,timothy.gokhale43@email.com,9269351748,Mumbai,529007,20-08-1980,Other,09-09-2024,Silver,8420.7,30,1
CUST04704,Leela,Purohit,leela.purohit53@email.com,9953007639,Andhra Pradesh,308604,23-08-1970,Female,23-09-2025,Gold,19305.18,58,1
CUST04705,Wahab,Char,wahab.char37@email.com,9239606260,Mumbai,723246,14-09-1977,Other,21-02-2025,Bronze,892.62,8,1
CUST04706,Urvi,Dâ€™Alia,urvi.dâ€™alia81@email.com,9938829159,Bangalore,606067,13-05-2004,Male,18-01-2025,Bronze,1668.81,5,1
CUST04707,Vyanjana,Setty,vyanjana.setty46@email.com,9854968253,Delhi NCR,141810,17-08-1964,Female,09-07-2025,Gold,34247.8,89,1
CUST04708,Naveen,Bal,naveen.bal15@email.com,9837139511,Hyderabad,798011,02-08-1991,Other,03-09-2024,Bronze,2128.86,1,1
CUST04709,Hemani,Raman,hemani.raman35@email.com,9245790567,Bangalore,765857,12-05-1985,Other,02-07-2025,Bronze,2152.34,18,0
CUST04710,Ansh,Kar,ansh.kar32@email.com,9308339707,Delhi NCR,675947,05-08-2001,Female,20-09-2024,Silver,9621.01,43,1
CUST04711,Ansh,Kalla,ansh.kalla87@email.com,9808598633,Mumbai,848652,30-04-1975,Other,08-03-2026,Gold,33877.87,132,1
CUST04712,Caleb,Yogi,caleb.yogi92@email.com,9390989200,Bangalore,453343,27-03-1962,Female,07-02-2025,Silver,11658.65,117,0
CUST04713,Owen,Bal,owen.bal50@email.com,9792078542,Bangalore,267,01-05-1984,Female,06-04-2025,Silver,6627.35,29,1
CUST04714,Adweta,Sekhon,adweta.sekhon30@email.com,9822361605,Chennai,396416,22-11-1974,Female,01-09-2025,Gold,24743.95,132,1
CUST04715,Liam,Om,liam.om34@email.com,9407519047,Delhi NCR,172303,17-04-1984,Other,15-08-2025,Bronze,4038.18,13,1
CUST04716,Nihal,Chakraborty,nihal.chakraborty99@email.com,9486777150,Bangalore,263308,24-02-1964,Male,17-03-2026,Bronze,4640.4,4,1
CUST04717,Aarna,Arya,aarna.arya80@email.com,9468623916,Hyderabad,112580,19-02-1981,Female,11-03-2025,Bronze,4197.49,12,1
CUST04718,Vincent,Bhasin,vincent.bhasin47@email.com,9335329709,Bangalore,577211,20-08-1969,Other,28-06-2025,Silver,14414.35,12,1
CUST04719,Hredhaan,Ravel,hredhaan.ravel22@email.com,9972826032,Delhi NCR,98176,25-09-1989,Female,14-01-2025,Gold,25612.19,2,1
CUST04720,Jhalak,Dave,jhalak.dave90@email.com,9928542668,Bangalore,526737,05-05-1968,Male,12-09-2024,Silver,10113.25,99,1
CUST04721,Advik,Seth,advik.seth19@email.com,9614782896,Mumbai,686864,26-01-1989,Male,11-02-2026,Bronze,722.22,17,1
CUST04722,Damyanti,Chaudhuri,damyanti.chaudhuri47@email.com,9981490932,Chennai,735946,03-12-1997,Male,03-10-2025,Silver,9792.6,44,1
CUST04723,Gautami,Handa,gautami.handa73@email.com,9325848453,Andhra Pradesh,425257,12-10-1990,Male,06-07-2026,Silver,6375.04,119,1
CUST04724,Ladli,Yohannan,ladli.yohannan24@email.com,9451738832,Andhra Pradesh,739516,07-03-2003,Male,17-06-2026,Gold,29437.43,29,1
CUST04725,Libni,Bandi,libni.bandi87@email.com,9537028354,Mumbai,237014,28-07-2006,Other,31-01-2026,Bronze,1353.56,10,1
CUST04726,Anay,Pandit,anay.pandit40@email.com,9905588580,Hyderabad,715199,28-05-1986,Male,03-02-2026,Bronze,1379.67,11,1
CUST04727,Tristan,Dhaliwal,tristan.dhaliwal41@email.com,9985214233,Andhra Pradesh,47725,06-10-2000,Other,08-06-2025,Silver,9117.47,46,1
CUST04728,Faqid,Chand,faqid.chand25@email.com,9747751816,Andhra Pradesh,953384,13-10-1966,Female,19-05-2025,Bronze,3361.88,8,1
CUST04729,Jeremiah,Badal,jeremiah.badal82@email.com,9374598722,Mumbai,288156,09-08-1987,Other,28-08-2024,Silver,13041.07,42,1
CUST04730,Reyansh,Bala,reyansh.bala20@email.com,9846041717,Bangalore,518343,15-03-1979,Other,12-04-2026,Bronze,1898.95,1,1
CUST04731,Samarth,Reddy,samarth.reddy70@email.com,9779222562,Bangalore,568087,08-09-1990,Female,08-11-2025,Bronze,2418.57,18,1
CUST04732,Yuvraj,Mane,yuvraj.mane52@email.com,9370132413,Delhi NCR,244167,04-12-1986,Male,07-11-2024,Silver,12642.02,68,1
CUST04733,Girindra,Yadav,girindra.yadav55@email.com,9103455469,Kolkata,430964,23-07-1994,Other,09-03-2025,Bronze,3151.24,19,0
CUST04734,Kalpit,Iyer,kalpit.iyer51@email.com,9856950297,Bangalore,683487,12-03-1962,Other,30-10-2025,Silver,11132.58,39,1
CUST04735,Orinder,Nayak,orinder.nayak24@email.com,9287371504,Mumbai,628908,16-10-1981,Female,14-04-2025,Bronze,3061.9,10,1
CUST04736,Alka,Vora,alka.vora53@email.com,9486480972,Bangalore,627733,30-06-1967,Female,18-05-2026,Platinum,50295.16,112,1
CUST04737,Rachit,Nazareth,rachit.nazareth15@email.com,9322745183,Mumbai,287663,24-08-1978,Male,23-07-2024,Bronze,1728.98,3,1
CUST04738,Aahana,Chawla,aahana.chawla32@email.com,9893112031,Mumbai,447652,30-04-1969,Male,10-03-2025,Bronze,2825.75,9,1
CUST04739,Nandini,Rattan,nandini.rattan82@email.com,9400167343,Mumbai,169217,09-10-1985,Other,12-09-2024,Bronze,4914.38,15,1
CUST04740,Triya,Chawla,triya.chawla94@email.com,9951702300,Bangalore,528454,05-04-2004,Male,05-07-2025,Silver,8963.69,129,1
CUST04741,Ayush,Narain,ayush.narain85@email.com,9876539973,Mumbai,57458,06-07-1963,Male,29-07-2025,Silver,6791.42,79,1
CUST04742,Ojasvi,Saini,ojasvi.saini61@email.com,9854996783,Bangalore,878413,04-09-1997,Female,17-12-2025,Gold,16123.85,146,0
CUST04743,Zaid,Dani,zaid.dani33@email.com,9892969373,Mumbai,760783,02-12-1973,Male,15-04-2025,Bronze,1792.18,1,1
CUST04744,Bhavini,Zachariah,bhavini.zachariah14@email.com,9677908837,Andhra Pradesh,245248,27-01-1997,Female,18-10-2024,Bronze,4820.93,1,1
CUST04745,Lila,Aurora,lila.aurora20@email.com,9692104765,Andhra Pradesh,534176,11-03-2008,Male,23-04-2026,Bronze,3047.49,1,1
CUST04746,Ira,Mukhopadhyay,ira.mukhopadhyay57@email.com,9446317148,Mumbai,141191,07-10-1962,Male,08-12-2025,Silver,13629.44,111,1
CUST04747,Harish,Master,harish.master91@email.com,9398649201,Bangalore,391298,07-12-2004,Other,16-01-2025,Platinum,45692.64,59,1
CUST04748,Dhriti,Venkatesh,dhriti.venkatesh76@email.com,9418482204,Bangalore,480127,09-11-1992,Other,13-09-2024,Silver,6315.19,105,1
CUST04749,Krishna,Savant,krishna.savant52@email.com,9401450286,Delhi NCR,156853,26-06-2001,Female,21-07-2024,Silver,9451.94,76,1
CUST04750,Gopal,Seshadri,gopal.seshadri14@email.com,9183907792,Hyderabad,479408,06-09-1960,Other,10-12-2025,Bronze,2706.49,1,1
CUST04751,Rehaan,Balakrishnan,rehaan.balakrishnan72@email.com,9570329689,Delhi NCR,290641,19-09-2001,Female,09-11-2025,Bronze,798.38,11,1
CUST04752,Lopa,Nanda,lopa.nanda93@email.com,9623551256,Hyderabad,29376,07-09-1977,Female,25-03-2025,Silver,9089.4,104,0
CUST04753,Jonathan,Sagar,jonathan.sagar55@email.com,9433816065,Mumbai,872802,28-09-1976,Male,18-09-2025,Silver,8784.61,41,1
CUST04754,Lekha,Nagarajan,lekha.nagarajan39@email.com,9823722618,Delhi NCR,260080,22-05-1985,Male,11-10-2025,Silver,6625.18,65,1
CUST04755,Atharv,Dara,atharv.dara44@email.com,9915873315,Mumbai,30053,01-08-1991,Female,08-09-2025,Bronze,720.54,17,0
CUST04756,Mitesh,Ranganathan,mitesh.ranganathan84@email.com,9180890818,Andhra Pradesh,220307,06-05-1965,Male,03-09-2024,Silver,14261.91,33,1
CUST04757,Dev,Samra,dev.samra82@email.com,9852002731,Andhra Pradesh,239766,08-12-1971,Male,13-10-2024,Bronze,3488.78,15,1
CUST04758,Jeevika,Luthra,jeevika.luthra77@email.com,9948903401,Mumbai,519807,21-09-1960,Female,30-04-2026,Silver,12867.03,74,1
CUST04759,Jonathan,Sha,jonathan.sha22@email.com,9844761493,Hyderabad,929428,16-05-1988,Male,02-01-2025,Gold,34477.1,98,1
CUST04760,Gaurangi,Yogi,gaurangi.yogi12@email.com,9227616132,Mumbai,492638,12-03-2000,Female,09-03-2026,Gold,24167.22,138,1
CUST04761,Vinaya,Luthra,vinaya.luthra77@email.com,9291528256,Mumbai,591092,06-03-1976,Male,18-07-2026,Silver,7648.34,10,0
CUST04762,Wriddhish,Parsa,wriddhish.parsa33@email.com,9871588860,Delhi NCR,885728,28-09-2004,Other,05-01-2025,Bronze,3368.38,11,1
CUST04763,Adweta,Ratta,adweta.ratta93@email.com,9453703971,Bangalore,891619,14-05-1962,Other,15-04-2025,Bronze,3044.56,15,1
CUST04764,Ekani,Sura,ekani.sura23@email.com,9856599038,Pune,302961,18-01-1979,Female,27-01-2026,Bronze,2571.52,8,1
CUST04765,Dakshesh,Mishra,dakshesh.mishra87@email.com,9492345590,Hyderabad,679520,12-04-1973,Other,13-07-2025,Gold,25463.76,32,1
CUST04766,Yashoda,Char,yashoda.char60@email.com,9279664252,Mumbai,548118,19-06-2002,Female,19-10-2024,Bronze,1331.55,15,1
CUST04767,Urvashi,Edwin,urvashi.edwin52@email.com,9324390723,Hyderabad,584874,26-06-2000,Male,02-02-2025,Silver,14279.15,112,1
CUST04768,Brijesh,Basu,brijesh.basu96@email.com,9273342503,Hyderabad,628865,19-04-1997,Other,01-05-2026,Bronze,521.91,5,1
CUST04769,Anthony,Tak,anthony.tak16@email.com,9295099653,Delhi NCR,8057,14-12-1961,Female,18-09-2024,Bronze,1796.99,19,1
CUST04770,Widisha,Mangal,widisha.mangal20@email.com,9463184893,Bangalore,575292,06-01-1983,Other,11-04-2025,Bronze,4866.48,5,1
CUST04771,Kashvi,Sama,kashvi.sama93@email.com,9738059368,Hyderabad,846900,15-08-1967,Female,07-04-2025,Bronze,1714.6,1,0
CUST04772,Indrajit,Datta,indrajit.datta57@email.com,9657294824,Pune,624249,22-06-2004,Female,30-12-2025,Platinum,47241.4,13,1
CUST04773,Bhavika,Sule,bhavika.sule25@email.com,9804158050,Bangalore,25190,20-04-1987,Female,14-06-2026,Silver,14379.61,47,1
CUST04774,Saumya,Dewan,saumya.dewan29@email.com,9298774899,Mumbai,460957,10-06-2007,Male,29-07-2025,Bronze,3061.88,3,1
CUST04775,Nathaniel,Mani,nathaniel.mani57@email.com,9789355991,Andhra Pradesh,747630,30-03-2007,Male,03-09-2025,Bronze,3368.3,3,1
CUST04776,Simon,Nath,simon.nath97@email.com,9805775344,Bangalore,289091,08-06-2006,Male,31-08-2024,Silver,8230.5,98,1
CUST04777,Balhaar,Sahni,balhaar.sahni21@email.com,9205154487,Andhra Pradesh,474180,10-07-1978,Other,08-06-2026,Bronze,3376.71,18,1
CUST04778,Krish,Bath,krish.bath18@email.com,9439806659,Chennai,230597,22-12-1983,Male,07-07-2025,Bronze,2145.33,8,1
CUST04779,Zaid,Kala,zaid.kala78@email.com,9267711452,Hyderabad,828765,15-02-1991,Female,23-04-2025,Platinum,48441.81,29,1
CUST04780,Ishanvi,Palan,ishanvi.palan99@email.com,9893383524,Bangalore,586856,02-05-1997,Male,23-04-2025,Bronze,2457.34,2,1
CUST04781,Aryan,Sandhu,aryan.sandhu82@email.com,9906416249,Chennai,487826,20-08-1981,Male,28-05-2026,Bronze,4992.8,4,1
CUST04782,Yashvi,Solanki,yashvi.solanki95@email.com,9274688414,Delhi NCR,300025,10-07-1984,Female,05-02-2025,Silver,8058.05,65,1
CUST04783,Nidhi,Lanka,nidhi.lanka91@email.com,9414165847,Mumbai,334798,21-04-1984,Other,31-10-2024,Bronze,1297.61,19,1
CUST04784,Alka,Trivedi,alka.trivedi46@email.com,9948810275,Bangalore,470414,08-11-1985,Female,14-08-2024,Silver,7930.78,95,0
CUST04785,Falguni,Rajan,falguni.rajan16@email.com,9831886437,Bangalore,370695,11-09-2004,Male,08-10-2024,Bronze,1178.21,20,1
CUST04786,Dominic,Virk,dominic.virk94@email.com,9477420599,Kolkata,961387,25-04-1985,Male,08-12-2025,Silver,6349.47,131,1
CUST04787,Ijaya,Nanda,ijaya.nanda55@email.com,9562806957,Mumbai,229813,19-04-1977,Female,05-06-2026,Bronze,4209.15,7,1
CUST04788,Max,Mani,max.mani27@email.com,9301006701,Hyderabad,997711,02-12-1995,Other,22-07-2024,Gold,16461.55,73,0
CUST04789,Hritik,Purohit,hritik.purohit17@email.com,9102549430,Kolkata,743604,01-09-1997,Female,14-11-2025,Bronze,3643.82,19,1
CUST04790,Aarnav,Venkatesh,aarnav.venkatesh56@email.com,9755355745,Delhi NCR,927143,15-02-2007,Female,05-06-2025,Bronze,3693.59,11,1
CUST04791,Anika,Singhal,anika.singhal70@email.com,9298588864,Mumbai,934768,31-10-1996,Other,13-10-2025,Bronze,3685.49,2,0
CUST04792,Simon,Tiwari,simon.tiwari82@email.com,9736255389,Delhi NCR,161877,13-08-1986,Other,13-03-2025,Silver,13727.82,111,1
CUST04793,Diya,Viswanathan,diya.viswanathan61@email.com,9331372495,Bangalore,843196,22-09-2003,Male,22-03-2025,Silver,5967.73,70,1
CUST04794,Nicholas,Bhavsar,nicholas.bhavsar31@email.com,9500831086,Bangalore,900531,04-09-1969,Male,09-06-2025,Silver,9359.93,28,1
CUST04795,Anmol,Prabhakar,anmol.prabhakar22@email.com,9838566406,Delhi NCR,740284,31-05-1983,Other,12-11-2025,Silver,9705.9,146,1
CUST04796,Jhalak,Yogi,jhalak.yogi34@email.com,9776415602,Mumbai,695591,15-02-2004,Male,27-11-2024,Platinum,38602.85,142,1
CUST04797,Ojasvi,Varty,ojasvi.varty77@email.com,9422388325,Mumbai,307837,26-10-1974,Male,10-10-2024,Gold,16725.79,15,1
CUST04798,Zinal,Khurana,zinal.khurana39@email.com,9750740197,Chennai,941234,08-11-1982,Other,13-10-2025,Silver,7034.74,13,1
CUST04799,Orinder,Jaggi,orinder.jaggi59@email.com,9453781943,Mumbai,580245,10-04-1982,Male,28-04-2026,Bronze,1361.44,1,0
CUST04800,Xalak,Brahmbhatt,xalak.brahmbhatt55@email.com,9504826669,Hyderabad,627435,15-07-1967,Male,25-06-2026,Bronze,1202.46,5,1
CUST04801,Barkha,Dass,barkha.dass39@email.com,9895664332,Mumbai,327023,30-04-1967,Other,13-07-2025,Bronze,709.87,9,1
CUST04802,Aahana,Bandi,aahana.bandi62@email.com,9264018427,Chennai,810607,10-12-1986,Female,14-01-2025,Bronze,4580.67,10,1
CUST04803,Chaman,Mahal,chaman.mahal43@email.com,9390879154,Mumbai,346026,15-09-1974,Other,24-01-2025,Bronze,3405.94,10,1
CUST04804,Jeevika,Rao,jeevika.rao37@email.com,9229329059,Bangalore,162987,11-02-1963,Male,09-04-2026,Silver,9514.86,101,1
CUST04805,Onveer,Narayanan,onveer.narayanan46@email.com,9492127330,Andhra Pradesh,151435,13-01-1967,Male,21-07-2025,Silver,14463.98,11,1
CUST04806,Kalpit,Hora,kalpit.hora46@email.com,9437100210,Pune,850448,17-04-1985,Female,26-11-2024,Bronze,3009.89,12,1
CUST04807,Lipika,Behl,lipika.behl81@email.com,9398346640,Delhi NCR,354722,31-12-1977,Female,14-08-2024,Bronze,3575.66,15,1
CUST04808,Ekaja,Parsa,ekaja.parsa72@email.com,9522372068,Bangalore,61139,14-09-1961,Female,21-07-2024,Bronze,4913.01,13,1
CUST04809,Amaira,Pau,amaira.pau98@email.com,9692472141,Delhi NCR,752340,08-01-1995,Female,04-08-2025,Bronze,3101.2,13,1
CUST04810,Balendra,Prasad,balendra.prasad24@email.com,9888968601,Kolkata,833555,22-11-1987,Female,20-01-2025,Gold,17910.42,119,1
CUST04811,Yashodhara,Prabhakar,yashodhara.prabhakar46@email.com,9346195402,Andhra Pradesh,828439,01-12-1998,Male,14-03-2026,Bronze,1525.01,12,1
CUST04812,Reva,Mishra,reva.mishra24@email.com,9380719229,Hyderabad,980055,11-10-1993,Other,21-01-2026,Bronze,3136.56,13,1
CUST04813,Sathvik,Jain,sathvik.jain93@email.com,9177117441,Bangalore,792660,18-11-1999,Female,23-12-2025,Silver,6214.24,87,1
CUST04814,Bhavya,Anne,bhavya.anne48@email.com,9483856092,Andhra Pradesh,475017,16-12-1981,Female,30-07-2024,Bronze,4302.93,17,1
CUST04815,Gauri,Sachar,gauri.sachar14@email.com,9220928116,Kolkata,558990,22-06-2004,Male,22-05-2025,Bronze,4297.04,9,0
CUST04816,Ekantika,Warrior,ekantika.warrior58@email.com,9845040642,Mumbai,972232,30-03-1980,Other,06-12-2024,Bronze,4369.05,3,1
CUST04817,Brijesh,Krishnan,brijesh.krishnan93@email.com,9959227938,Bangalore,6319,11-09-1967,Other,22-05-2026,Platinum,71317.16,48,0
CUST04818,Baljiwan,Sanghvi,baljiwan.sanghvi77@email.com,9823854336,Pune,136359,21-11-1965,Other,01-03-2026,Gold,24456.7,133,1
CUST04819,Gavin,Mitra,gavin.mitra62@email.com,9734126747,Andhra Pradesh,28612,17-05-1970,Male,02-01-2025,Bronze,3262.45,12,1
CUST04820,Nakul,Sabharwal,nakul.sabharwal16@email.com,9984972860,Bangalore,402454,29-10-1969,Female,08-11-2024,Silver,7023.1,47,1
CUST04821,Advika,Dugal,advika.dugal49@email.com,9910883406,Mumbai,430232,07-05-2008,Male,30-08-2024,Gold,23577.02,3,1
CUST04822,Alexander,Bala,alexander.bala58@email.com,9559610962,Mumbai,327892,09-08-1997,Male,12-12-2025,Gold,27362.37,73,1
CUST04823,Naveen,Lanka,naveen.lanka79@email.com,9378168207,Bangalore,509791,04-06-1976,Male,04-04-2025,Bronze,2133.95,15,1
CUST04824,Victor,Edwin,victor.edwin32@email.com,9651754448,Mumbai,617629,25-08-1979,Male,12-06-2026,Platinum,64390.77,104,1
CUST04825,Zilmil,Maharaj,zilmil.maharaj86@email.com,9756709719,Chennai,764089,18-06-1991,Female,09-07-2025,Bronze,2297.01,14,0
CUST04826,Janani,Kale,janani.kale59@email.com,9307334916,Delhi NCR,140830,25-03-2004,Male,14-07-2025,Gold,34588.97,31,1
CUST04827,Balveer,Bhagat,balveer.bhagat75@email.com,9526945357,Andhra Pradesh,336027,27-04-1973,Female,24-06-2026,Silver,9458.64,14,1
CUST04828,Jairaj,Natt,jairaj.natt53@email.com,9552235044,Bangalore,726173,05-10-1989,Female,10-12-2024,Gold,24190.24,147,1
CUST04829,Madhav,Manne,madhav.manne42@email.com,9651375464,Mumbai,989777,06-11-1973,Male,13-09-2025,Silver,13436.15,139,1
CUST04830,Qabil,Mital,qabil.mital58@email.com,9760268399,Mumbai,821462,20-12-2000,Female,19-11-2024,Platinum,44387.61,58,1
CUST04831,Noah,Grewal,noah.grewal44@email.com,9842624486,Pune,833813,31-07-1994,Female,17-07-2026,Platinum,42263.1,54,1
CUST04832,Eshana,Goda,eshana.goda11@email.com,9608875663,Hyderabad,359062,29-07-1993,Male,29-12-2025,Bronze,2024.59,14,1
CUST04833,Ayaan,Manne,ayaan.manne30@email.com,9546959470,Andhra Pradesh,144124,29-07-1983,Female,06-07-2026,Silver,13933.94,130,1
CUST04834,Naveen,Goyal,naveen.goyal72@email.com,9968081512,Chennai,456708,28-10-2005,Male,19-04-2026,Silver,14376.41,16,1
CUST04835,Thomas,Karan,thomas.karan99@email.com,9327053544,Mumbai,46293,04-12-1973,Male,29-11-2025,Silver,14911.11,91,1
CUST04836,Tripti,Mallick,tripti.mallick25@email.com,9772708419,Bangalore,535833,02-02-1996,Other,30-06-2025,Silver,13853.85,150,1
CUST04837,Yashoda,Patla,yashoda.patla54@email.com,9392593003,Hyderabad,905309,12-01-2004,Other,16-02-2026,Gold,30010.83,71,1
CUST04838,Amrita,Oak,amrita.oak40@email.com,9604144672,Delhi NCR,595082,19-01-1984,Female,07-04-2026,Bronze,4262.61,7,1
CUST04839,Vansha,Dayal,vansha.dayal45@email.com,9724556257,Chennai,230070,16-08-1998,Other,10-06-2025,Bronze,4198.76,8,1
CUST04840,Ekaraj,Sarin,ekaraj.sarin24@email.com,9863294813,Hyderabad,846747,05-06-2003,Male,23-02-2026,Bronze,3409.95,5,1
CUST04841,Inaya,Ganguly,inaya.ganguly18@email.com,9483678529,Bangalore,483565,12-05-1963,Male,22-09-2025,Bronze,3800.3,1,0
CUST04842,Lakshmi,Deshpande,lakshmi.deshpande23@email.com,9468332724,Andhra Pradesh,702525,08-10-2003,Male,18-12-2025,Bronze,2433.41,10,1
CUST04843,Aishani,Chauhan,aishani.chauhan39@email.com,9688806589,Bangalore,55624,05-06-1965,Female,05-11-2024,Silver,10970.35,46,1
CUST04844,Pahal,Reddy,pahal.reddy51@email.com,9124273283,Bangalore,680940,07-11-1981,Female,02-10-2025,Bronze,1925.7,16,1
CUST04845,Neelima,Mittal,neelima.mittal10@email.com,9998655492,Delhi NCR,33642,20-03-1980,Male,03-05-2026,Silver,10898.08,105,0
CUST04846,Ekta,Issac,ekta.issac90@email.com,9271573419,Chennai,65432,23-04-1988,Female,22-11-2025,Silver,12128.13,116,1
CUST04847,Ekalinga,Merchant,ekalinga.merchant12@email.com,9114628968,Bangalore,403715,17-09-1970,Other,08-06-2026,Bronze,1815.2,2,1
CUST04848,Amaira,Gupta,amaira.gupta71@email.com,9977172217,Bangalore,91568,21-05-1977,Other,05-12-2025,Bronze,929.61,4,1
CUST04849,Ayushman,Patla,ayushman.patla62@email.com,9261550924,Bangalore,122526,21-04-1979,Other,16-10-2025,Gold,16313.67,103,1
CUST04850,Sachi,Manda,sachi.manda88@email.com,9590547395,Bangalore,870676,24-04-1980,Female,21-02-2025,Bronze,3547.01,9,1
CUST04851,Nihal,Toor,nihal.toor96@email.com,9776595724,Delhi NCR,307078,11-12-1965,Other,08-02-2026,Bronze,1531.99,17,1
CUST04852,Balveer,Biswas,balveer.biswas20@email.com,9348600781,Delhi NCR,124480,09-11-1985,Other,18-05-2025,Bronze,4691.62,11,1
CUST04853,Chameli,Dave,chameli.dave68@email.com,9748790264,Hyderabad,187490,14-04-1962,Other,20-02-2025,Bronze,3589.17,5,0
CUST04854,Aahana,Boase,aahana.boase71@email.com,9614224530,Andhra Pradesh,72314,03-05-1999,Other,29-11-2024,Bronze,3051.58,9,1
CUST04855,Azaan,Mander,azaan.mander86@email.com,9446227291,Bangalore,64041,26-05-1969,Female,12-09-2024,Bronze,3099.45,18,1
CUST04856,Daniel,Shanker,daniel.shanker84@email.com,9615049445,Andhra Pradesh,431055,07-03-1961,Other,02-01-2025,Silver,13251.08,112,0
CUST04857,Gaurang,Patla,gaurang.patla18@email.com,9818329043,Chennai,850660,07-11-1989,Other,28-06-2025,Bronze,4734.96,17,1
CUST04858,Ishita,Dâ€™Alia,ishita.dâ€™alia87@email.com,9114325839,Andhra Pradesh,148351,24-02-1983,Male,27-05-2025,Gold,31878.84,83,1
CUST04859,Ansh,Panchal,ansh.panchal47@email.com,9181353655,Bangalore,427702,21-12-1964,Male,10-04-2025,Bronze,4096.25,18,1
CUST04860,Victor,Zacharia,victor.zacharia90@email.com,9766332485,Kolkata,115111,09-02-1990,Other,30-11-2024,Silver,8559.96,93,1
CUST04861,Urishilla,Char,urishilla.char35@email.com,9301457721,Bangalore,359341,24-12-1962,Other,19-05-2025,Platinum,70889.77,95,0
CUST04862,Henry,Sama,henry.sama89@email.com,9698820457,Bangalore,47255,18-03-1975,Female,20-10-2024,Gold,20491.58,114,1
CUST04863,Balendra,Taneja,balendra.taneja16@email.com,9125260575,Mumbai,712207,01-06-1970,Other,25-03-2025,Silver,12592.2,68,0
CUST04864,Azad,Mohan,azad.mohan31@email.com,9954498557,Andhra Pradesh,240886,23-11-1962,Other,12-02-2026,Platinum,67671.56,37,1
CUST04865,Priya,Dave,priya.dave72@email.com,9147497661,Hyderabad,336010,04-03-2000,Other,09-02-2026,Silver,12917.09,36,1
CUST04866,Wazir,Borde,wazir.borde73@email.com,9213895307,Bangalore,400998,28-04-1968,Female,22-11-2024,Bronze,3196.97,11,1
CUST04867,Siya,Choudhry,siya.choudhry29@email.com,9306000314,Chennai,288741,17-05-1983,Other,20-01-2026,Silver,9599.06,25,0
CUST04868,Aarini,Doctor,aarini.doctor55@email.com,9424182715,Hyderabad,434502,13-02-1988,Male,14-06-2025,Gold,17480.08,88,1
CUST04869,Abha,Ghose,abha.ghose79@email.com,9797937090,Pune,386966,01-07-1979,Female,17-09-2025,Bronze,4405.67,2,1
CUST04870,Dev,Chacko,dev.chacko32@email.com,9845441959,Kolkata,512927,24-08-1970,Female,15-04-2026,Bronze,902.39,10,0
CUST04871,Anika,Gulati,anika.gulati80@email.com,9529462050,Andhra Pradesh,677798,10-06-1976,Other,15-12-2025,Gold,34680.94,79,1
CUST04872,Lekha,Shah,lekha.shah66@email.com,9892658946,Delhi NCR,810708,01-08-2007,Other,09-06-2026,Bronze,4184.28,2,1
CUST04873,Krish,Krishnamurthy,krish.krishnamurthy14@email.com,9423504958,Delhi NCR,893513,18-07-1973,Other,14-02-2026,Bronze,3422.17,18,1
CUST04874,Gunbir,Pant,gunbir.pant55@email.com,9281041150,Mumbai,920823,18-12-1989,Other,13-05-2025,Platinum,61428.84,81,1
CUST04875,Fiyaz,Ram,fiyaz.ram59@email.com,9937891400,Bangalore,17295,08-07-1968,Female,27-12-2025,Bronze,3799.02,8,1
CUST04876,Logan,Raj,logan.raj73@email.com,9977359127,Delhi NCR,86961,01-07-1966,Female,09-05-2026,Bronze,641.74,7,1
CUST04877,Anmol,Madan,anmol.madan14@email.com,9802926515,Kolkata,390927,28-02-1987,Female,15-06-2026,Gold,22385.91,101,1
CUST04878,Veda,Kalita,veda.kalita81@email.com,9496476703,Hyderabad,86333,26-03-2000,Other,23-10-2025,Gold,22754.91,142,1
CUST04879,Hiral,Basu,hiral.basu79@email.com,9777545657,Mumbai,667605,26-08-1984,Female,02-08-2024,Silver,9652.49,1,1
CUST04880,Avi,Bansal,avi.bansal86@email.com,9796214541,Bangalore,90830,10-11-1988,Other,16-11-2025,Silver,14368.29,145,1
CUST04881,Rachit,Patel,rachit.patel20@email.com,9502487681,Mumbai,980556,15-08-1980,Male,17-03-2025,Gold,27598.65,28,1
CUST04882,Faras,Mani,faras.mani28@email.com,9578988804,Mumbai,243616,29-10-1963,Female,02-05-2025,Silver,9396.29,53,1
CUST04883,Agastya,Gole,agastya.gole88@email.com,9770774414,Mumbai,761918,02-01-1968,Female,14-02-2026,Bronze,957.52,7,1
CUST04884,Dayita,Yadav,dayita.yadav80@email.com,9628191362,Andhra Pradesh,678490,03-09-1976,Other,30-10-2024,Silver,12135,71,1
CUST04885,Girik,Sengupta,girik.sengupta66@email.com,9277796223,Chennai,491176,31-05-1990,Other,02-04-2025,Bronze,3388.27,20,1
CUST04886,Kamya,Bajaj,kamya.bajaj83@email.com,9215825537,Bangalore,437531,02-03-1983,Other,14-04-2026,Bronze,1066.72,4,1
CUST04887,Sanaya,Pandya,sanaya.pandya35@email.com,9771809626,Mumbai,295083,01-08-1998,Male,19-05-2025,Silver,7741.42,61,1
CUST04888,Balendra,Hora,balendra.hora35@email.com,9322389485,Pune,367486,19-08-1990,Other,09-05-2026,Bronze,2361.79,6,1
CUST04889,Jagvi,Randhawa,jagvi.randhawa77@email.com,9171361887,Bangalore,535153,25-02-1978,Female,13-12-2025,Gold,31114.48,6,1
CUST04890,Wakeeta,Mane,wakeeta.mane33@email.com,9340630169,Hyderabad,927081,02-03-1972,Female,31-08-2024,Bronze,3015.36,10,1
CUST04891,Tara,Basu,tara.basu18@email.com,9509314920,Hyderabad,378101,03-10-1960,Female,27-01-2025,Gold,19840.94,103,0
CUST04892,Luke,Ahluwalia,luke.ahluwalia11@email.com,9979627824,Bangalore,341609,09-03-2007,Female,07-11-2025,Bronze,3435.37,2,1
CUST04893,Aryan,Shetty,aryan.shetty66@email.com,9691212334,Hyderabad,788516,02-09-1987,Other,21-09-2024,Bronze,1481.53,11,1
CUST04894,Andrew,Tara,andrew.tara78@email.com,9588742251,Bangalore,444904,01-10-1975,Other,19-03-2026,Bronze,3679.38,18,1
CUST04895,Bhavya,Rastogi,bhavya.rastogi47@email.com,9429317844,Mumbai,622277,18-07-1969,Female,18-06-2025,Bronze,1657.63,14,1
CUST04896,Henry,Bahl,henry.bahl12@email.com,9556355742,Andhra Pradesh,402602,25-02-1996,Male,04-12-2025,Gold,28406.58,79,1
CUST04897,Chasmum,Sachar,chasmum.sachar62@email.com,9196173881,Pune,592189,14-02-1982,Other,11-05-2025,Gold,22335.2,133,1
CUST04898,Yashica,Rattan,yashica.rattan39@email.com,9654505802,Chennai,993397,22-03-1979,Other,17-04-2025,Bronze,2803.78,8,1
CUST04899,Ranveer,Bhatnagar,ranveer.bhatnagar27@email.com,9584855425,Hyderabad,238487,28-06-1988,Male,21-09-2024,Silver,8055.52,52,1
CUST04900,Daksha,Mitter,daksha.mitter75@email.com,9739845050,Mumbai,337360,09-10-2002,Female,05-05-2026,Silver,7117.66,148,1
CUST04901,David,Vala,david.vala56@email.com,9767147730,Delhi NCR,753794,05-09-1990,Other,18-05-2025,Bronze,4216.77,2,1
CUST04902,Tarak,Cheema,tarak.cheema90@email.com,9398886649,Hyderabad,429002,23-12-1979,Other,12-07-2026,Bronze,2892.19,2,1
CUST04903,Noah,Sur,noah.sur22@email.com,9302987037,Mumbai,234615,08-04-1965,Male,23-03-2026,Silver,13817.98,77,1
CUST04904,Nathaniel,Choudhury,nathaniel.choudhury48@email.com,9735530889,Kolkata,760896,23-07-1963,Other,24-09-2024,Gold,20323.25,109,1
CUST04905,Anmol,Radhakrishnan,anmol.radhakrishnan66@email.com,9941019781,Kolkata,589782,02-09-1981,Other,26-10-2024,Silver,7011.37,89,1
CUST04906,Kala,Sama,kala.sama58@email.com,9874815303,Mumbai,829385,06-08-1977,Female,14-01-2026,Bronze,4819.64,3,1
CUST04907,Benjamin,Mital,benjamin.mital15@email.com,9320862699,Hyderabad,503986,21-09-1973,Other,31-08-2025,Silver,6546.1,76,0
CUST04908,Rushil,Kulkarni,rushil.kulkarni35@email.com,9269071633,Mumbai,690814,26-07-1980,Female,01-11-2025,Bronze,1325.94,4,1
CUST04909,Mahika,Bassi,mahika.bassi61@email.com,9362951735,Pune,965328,20-09-1975,Other,21-05-2026,Bronze,4538.34,17,1
CUST04910,Faraj,Padmanabhan,faraj.padmanabhan85@email.com,9747170388,Kolkata,70791,07-08-2002,Male,19-08-2024,Bronze,4189.82,9,1
CUST04911,Bishakha,Vyas,bishakha.vyas30@email.com,9733369652,Hyderabad,860150,20-08-1995,Female,21-01-2026,Silver,12017.55,13,1
CUST04912,Upkaar,Khare,upkaar.khare22@email.com,9908213723,Mumbai,512982,29-07-2001,Other,01-12-2025,Silver,7318.77,7,1
CUST04913,Zayan,Palan,zayan.palan65@email.com,9167856504,Delhi NCR,183378,29-12-1995,Other,09-10-2024,Bronze,2956.21,7,1
CUST04914,Daksha,Swamy,daksha.swamy84@email.com,9186936187,Pune,250743,13-05-1996,Other,04-05-2026,Gold,16294.15,76,0
CUST04915,Kiaan,Bath,kiaan.bath94@email.com,9993142497,Bangalore,950078,29-08-1989,Male,30-06-2025,Bronze,2231.09,6,1
CUST04916,Sanya,Natarajan,sanya.natarajan45@email.com,9813236321,Bangalore,5357,24-11-2003,Male,21-11-2025,Gold,28461.23,18,1
CUST04917,Leela,Bhasin,leela.bhasin76@email.com,9722313001,Mumbai,673361,11-11-1978,Female,05-12-2024,Platinum,36614.59,107,1
CUST04918,Zehaan,Sodhi,zehaan.sodhi31@email.com,9365481345,Andhra Pradesh,151632,15-06-2002,Other,20-03-2025,Bronze,3460.46,2,1
CUST04919,Rajeshri,Sagar,rajeshri.sagar97@email.com,9184329839,Kolkata,482436,29-01-1981,Male,14-09-2025,Bronze,2229.41,10,0
CUST04920,Hema,Borde,hema.borde77@email.com,9640581278,Mumbai,827577,11-05-1974,Male,02-09-2024,Gold,22869.64,108,1
CUST04921,Lila,Bir,lila.bir28@email.com,9245926370,Bangalore,601741,25-01-2001,Other,07-05-2025,Bronze,840.21,19,1
CUST04922,Damini,Bal,damini.bal18@email.com,9382021016,Mumbai,92568,24-04-1974,Other,20-06-2026,Gold,23281.42,4,1
CUST04923,Forum,Sandhu,forum.sandhu67@email.com,9617333181,Delhi NCR,783877,10-02-1993,Male,11-05-2025,Bronze,4991.01,6,1
CUST04924,Falguni,Lad,falguni.lad80@email.com,9908220198,Chennai,234714,29-12-1983,Female,14-10-2024,Bronze,742.15,10,1
CUST04925,Reyansh,Seth,reyansh.seth22@email.com,9308610726,Mumbai,28265,06-06-2004,Other,09-03-2026,Bronze,2673.67,4,1
CUST04926,Raagini,Oommen,raagini.oommen38@email.com,9181417627,Bangalore,936756,16-09-1972,Male,05-07-2025,Silver,12213.65,147,1
CUST04927,Kala,Krishnamurthy,kala.krishnamurthy99@email.com,9596037503,Bangalore,403498,02-07-1999,Other,25-01-2025,Bronze,1487.49,6,1
CUST04928,Saumya,Patel,saumya.patel65@email.com,9305872733,Mumbai,536422,21-03-2007,Female,25-08-2024,Bronze,520.67,16,1
CUST04929,Adweta,Sarma,adweta.sarma86@email.com,9206870257,Bangalore,544765,13-11-1994,Male,29-05-2026,Bronze,4995.21,19,1
CUST04930,Sai,Apte,sai.apte76@email.com,9173688722,Mumbai,876927,17-10-1964,Male,14-02-2025,Bronze,3810.64,6,1
CUST04931,Wriddhish,Vaidya,wriddhish.vaidya40@email.com,9890797069,Hyderabad,287158,04-06-1976,Female,13-02-2025,Gold,29004.03,83,1
CUST04932,Amaira,Kar,amaira.kar59@email.com,9930861830,Mumbai,299738,07-03-1982,Female,16-03-2025,Bronze,4857.99,4,1
CUST04933,Anamika,Goda,anamika.goda41@email.com,9556916899,Delhi NCR,29480,24-01-1981,Other,11-01-2026,Platinum,67384.76,125,1
CUST04934,Panini,Varma,panini.varma10@email.com,9761909041,Hyderabad,989087,22-10-1987,Female,19-12-2024,Gold,19865.98,18,1
CUST04935,Aadhya,Ghosh,aadhya.ghosh47@email.com,9953624082,Pune,247711,05-06-1984,Female,28-06-2025,Gold,15142.57,130,1
CUST04936,Tanmayi,Hari,tanmayi.hari23@email.com,9195208799,Bangalore,815616,22-03-1971,Female,06-09-2024,Platinum,59762.56,41,1
CUST04937,Vrinda,Kakar,vrinda.kakar43@email.com,9911777953,Hyderabad,713873,02-11-1964,Other,01-03-2025,Bronze,4120.93,12,1
CUST04938,Anmol,Kale,anmol.kale95@email.com,9232013754,Bangalore,916661,31-05-1989,Other,26-11-2024,Bronze,4237.81,5,1
CUST04939,Deepa,Ranganathan,deepa.ranganathan44@email.com,9672129611,Delhi NCR,762182,21-10-1972,Female,17-03-2025,Gold,23961.26,25,1
CUST04940,Ucchal,Golla,ucchal.golla47@email.com,9229276655,Pune,476867,08-06-1963,Male,02-01-2026,Gold,22447.89,68,1
CUST04941,Tamanna,Chaudry,tamanna.chaudry57@email.com,9842636119,Delhi NCR,714895,13-11-1991,Male,03-11-2025,Gold,29603.89,65,1
CUST04942,Lohit,Nath,lohit.nath14@email.com,9433823325,Hyderabad,852352,20-03-2001,Other,12-08-2025,Gold,34073.15,89,1
CUST04943,Christopher,Bal,christopher.bal93@email.com,9413994896,Pune,413734,05-10-1983,Male,12-02-2025,Bronze,4959.58,9,1
CUST04944,Kabir,Mangal,kabir.mangal55@email.com,9304929942,Pune,115582,05-11-1972,Male,07-09-2024,Bronze,3355.28,2,1
CUST04945,Isaiah,Nath,isaiah.nath98@email.com,9413296454,Mumbai,719070,18-02-1990,Male,07-07-2025,Bronze,2868.66,14,0
CUST04946,Urmi,Sane,urmi.sane64@email.com,9908771921,Delhi NCR,131645,19-02-1977,Other,20-09-2025,Silver,9256.25,145,1
CUST04947,Ronith,Hans,ronith.hans23@email.com,9832038411,Andhra Pradesh,425503,04-02-1985,Other,24-01-2025,Platinum,69925.88,80,1
CUST04948,Xavier,Gill,xavier.gill15@email.com,9207167560,Chennai,12546,01-04-1991,Other,29-03-2025,Bronze,1540.17,14,1
CUST04949,Ekapad,Master,ekapad.master30@email.com,9641916697,Andhra Pradesh,977031,18-05-2008,Female,04-04-2026,Silver,5222.33,89,1
CUST04950,Varsha,Agarwal,varsha.agarwal43@email.com,9319218905,Hyderabad,682583,31-03-1973,Female,18-08-2024,Silver,14718.74,13,1
CUST04951,Ekalinga,Lata,ekalinga.lata39@email.com,9926082350,Andhra Pradesh,545636,02-08-1992,Male,08-11-2025,Bronze,1214.42,10,1
CUST04952,Yashvi,Varma,yashvi.varma91@email.com,9673143837,Mumbai,686364,28-01-2006,Male,17-03-2025,Silver,13986.75,6,1
CUST04953,Dayamai,Tripathi,dayamai.tripathi17@email.com,9593907242,Mumbai,63267,03-09-1973,Male,29-09-2025,Silver,8980.04,30,1
CUST04954,Liam,Bala,liam.bala23@email.com,9748443024,Mumbai,42942,19-06-2002,Female,03-11-2025,Silver,9655.58,38,1
CUST04955,Logan,Bose,logan.bose63@email.com,9549654859,Bangalore,924743,03-04-2004,Female,01-03-2026,Bronze,2228.36,9,1
CUST04956,Harita,Bedi,harita.bedi16@email.com,9247998973,Andhra Pradesh,978209,13-12-1999,Male,11-02-2026,Bronze,4940.1,4,1
CUST04957,Sarthak,Thakkar,sarthak.thakkar92@email.com,9323755350,Bangalore,211203,12-05-1995,Female,12-11-2024,Bronze,4111.2,3,1
CUST04958,Yashasvi,Handa,yashasvi.handa58@email.com,9470343770,Chennai,150595,30-10-1980,Other,02-08-2025,Bronze,1228.42,9,1
CUST04959,Pooja,Brar,pooja.brar85@email.com,9543584148,Hyderabad,806803,21-02-1963,Female,16-03-2025,Bronze,2651.79,14,1
CUST04960,Azaan,Ahuja,azaan.ahuja79@email.com,9718564980,Andhra Pradesh,468013,11-08-1968,Female,15-04-2026,Silver,9600.38,144,0
CUST04961,Anusha,Kakar,anusha.kakar41@email.com,9649601699,Kolkata,605743,10-03-1973,Male,05-10-2024,Bronze,3077.77,18,1
CUST04962,Hritik,Dar,hritik.dar50@email.com,9619069943,Andhra Pradesh,495992,16-11-1999,Male,19-09-2024,Silver,6502.96,80,1
CUST04963,Urvi,Chokshi,urvi.chokshi70@email.com,9755634336,Mumbai,909136,21-06-1980,Other,07-09-2024,Silver,5034.97,75,1
CUST04964,Vrishti,Saha,vrishti.saha12@email.com,9177725009,Mumbai,920594,07-06-1997,Other,22-11-2025,Silver,7963.58,137,1
CUST04965,Samar,Rao,samar.rao36@email.com,9922578145,Hyderabad,901680,09-11-1967,Male,25-02-2026,Gold,17605.33,50,1
CUST04966,Fitan,Oak,fitan.oak73@email.com,9209100057,Bangalore,609643,14-12-2001,Female,07-03-2025,Bronze,3605.11,2,1
CUST04967,Januja,Hayre,januja.hayre10@email.com,9280656981,Mumbai,973200,31-03-2000,Female,04-06-2025,Bronze,4572.3,11,0
CUST04968,Bahadurjit,Dada,bahadurjit.dada48@email.com,9182369504,Kolkata,353053,24-09-1972,Male,27-03-2026,Bronze,1235.17,8,1
CUST04969,Hemangini,Sankaran,hemangini.sankaran97@email.com,9820703420,Bangalore,488880,28-12-1980,Other,23-10-2025,Gold,16407.62,42,1
CUST04970,Warhi,Bassi,warhi.bassi36@email.com,9901386335,Bangalore,648555,02-03-1967,Other,30-12-2025,Bronze,3884.88,15,1
CUST04971,Nidhi,Kade,nidhi.kade39@email.com,9823939432,Pune,405741,11-01-1966,Male,26-06-2026,Bronze,4525.97,6,0
CUST04972,Samarth,Pingle,samarth.pingle41@email.com,9865776761,Bangalore,910389,22-07-1965,Female,07-01-2026,Bronze,4899.25,15,1
CUST04973,Meghana,Ratta,meghana.ratta82@email.com,9809807815,Bangalore,709521,27-01-1995,Other,27-06-2026,Bronze,4991.58,5,1
CUST04974,Gaurangi,Thaman,gaurangi.thaman60@email.com,9923210519,Bangalore,804394,17-05-1970,Other,19-10-2025,Gold,23033.12,98,1
CUST04975,Akshay,Bali,akshay.bali39@email.com,9184527533,Bangalore,585783,21-12-2001,Other,24-01-2026,Bronze,1683.03,15,1
CUST04976,Chakradev,Handa,chakradev.handa83@email.com,9472895122,Delhi NCR,37731,26-12-1970,Male,27-08-2024,Bronze,750.15,10,1
CUST04977,Jyoti,Rout,jyoti.rout80@email.com,9389668463,Bangalore,853074,20-12-1995,Male,09-07-2025,Silver,8485.99,82,1
CUST04978,Faras,Gulati,faras.gulati86@email.com,9206831438,Delhi NCR,95140,14-04-1982,Male,31-08-2024,Bronze,968.47,11,1
CUST04979,Ekbal,Chaudhuri,ekbal.chaudhuri99@email.com,9598246928,Hyderabad,617000,04-05-1979,Other,21-08-2025,Bronze,1465.61,13,1
CUST04980,Ishita,Modi,ishita.modi85@email.com,9910809125,Delhi NCR,234810,13-03-2000,Male,23-02-2025,Silver,7837.04,44,1
CUST04981,Eshana,Gandhi,eshana.gandhi46@email.com,9200688118,Andhra Pradesh,539625,14-02-1985,Female,18-06-2025,Gold,34105.88,144,1
CUST04982,Farhan,Magar,farhan.magar74@email.com,9708093523,Bangalore,129870,23-10-1964,Female,25-06-2026,Bronze,1574.07,19,1
CUST04983,Dalbir,Halder,dalbir.halder84@email.com,9973966321,Mumbai,152941,26-04-1994,Other,05-04-2026,Bronze,2153.15,1,1
CUST04984,Raagini,Choudhary,raagini.choudhary84@email.com,9510174272,Bangalore,148324,31-05-2008,Other,16-08-2024,Bronze,4400.85,3,1
CUST04985,Nidra,Oza,nidra.oza98@email.com,9242451759,Andhra Pradesh,612166,24-11-1998,Other,06-03-2025,Bronze,1826.44,5,1
CUST04986,Zaitra,Chakrabarti,zaitra.chakrabarti51@email.com,9518812768,Kolkata,11233,29-11-2007,Other,04-08-2024,Gold,21435.98,104,1
CUST04987,Jason,Saini,jason.saini56@email.com,9483875890,Andhra Pradesh,965567,08-04-1977,Male,10-12-2024,Bronze,1405,11,1
CUST04988,Timothy,Handa,timothy.handa47@email.com,9975794998,Mumbai,841434,15-09-1979,Male,19-05-2025,Bronze,2665.53,7,1
CUST04989,Omkaar,Gill,omkaar.gill44@email.com,9831901951,Delhi NCR,749053,02-06-1995,Other,23-12-2025,Bronze,3639.33,5,0
CUST04990,Agastya,Oommen,agastya.oommen33@email.com,9946475298,Delhi NCR,94281,20-03-1990,Male,13-09-2025,Bronze,1049.85,6,1
CUST04991,Vihaan,Ranganathan,vihaan.ranganathan26@email.com,9627936713,Andhra Pradesh,577210,11-03-2008,Male,11-08-2025,Bronze,3828.47,19,1
CUST04992,Vritti,Goyal,vritti.goyal99@email.com,9637650889,Delhi NCR,410591,08-05-1984,Male,13-02-2026,Bronze,731.9,8,1
CUST04993,Triveni,Upadhyay,triveni.upadhyay21@email.com,9260000127,Kolkata,555184,23-11-2000,Male,21-04-2025,Silver,5668.39,14,1
CUST04994,Jhalak,Ganesh,jhalak.ganesh25@email.com,9573177083,Hyderabad,435221,23-06-1993,Other,18-12-2024,Silver,7094.84,55,0
CUST04995,Kabir,Mody,kabir.mody29@email.com,9957141065,Andhra Pradesh,487298,11-08-1964,Other,15-12-2025,Gold,17428.37,62,1
CUST04996,Neel,Bajaj,neel.bajaj26@email.com,9238570297,Hyderabad,917265,14-10-1967,Male,07-12-2025,Gold,30294.24,138,1
CUST04997,Yagnesh,Lall,yagnesh.lall11@email.com,9703527292,Bangalore,45781,02-03-1977,Female,08-10-2024,Bronze,4304.02,16,1
CUST04998,Bina,Patil,bina.patil50@email.com,9856954629,Andhra Pradesh,253030,21-12-1969,Female,20-02-2025,Bronze,4408.01,4,0
CUST04999,Dhruv,Kanda,dhruv.kanda70@email.com,9941876517,Bangalore,11314,02-06-1989,Other,09-03-2025,Bronze,3040.35,13,1
CUST05000,Damyanti,Goyal,damyanti.goyal13@email.com,9703995790,Mumbai,437780,24-10-1985,Female,04-04-2025,Silver,10584.87,127,1
